    1C
    1U2D plate with hole - plate_000                                    
    1UUSER                                                              
    1UDATE              05.september.2026                               
    1UTIME              00:31:03                                        
    1UHOST                                                              
    1UPGM               CalculiX                                        
    1UVERSION           Version 2.21                             
    1UCOMPILETIME       Sat Jul 29 10:52:01 CEST 2023                    
    1UDIR                                                               
    1UDBN                                                               
    1UMAT    1STEEL                                                     
    2C                           389                                     1
 -1         1 1.21150E+02 6.67614E+01 0.00000E+00
 -1         2 0.00000E+00 0.00000E+00 0.00000E+00
 -1         3 1.53245E+02 0.00000E+00 0.00000E+00
 -1         4 0.00000E+00 9.44711E+01 0.00000E+00
 -1         5 1.53245E+02 9.44711E+01 0.00000E+00
 -1         6 1.20782E+02 6.92053E+01 0.00000E+00
 -1         7 1.19710E+02 7.14321E+01 0.00000E+00
 -1         8 1.18029E+02 7.32438E+01 0.00000E+00
 -1         9 1.15888E+02 7.44796E+01 0.00000E+00
 -1        10 1.13479E+02 7.50295E+01 0.00000E+00
 -1        11 1.11014E+02 7.48449E+01 0.00000E+00
 -1        12 1.08713E+02 7.39419E+01 0.00000E+00
 -1        13 1.06781E+02 7.24009E+01 0.00000E+00
 -1        14 1.05389E+02 7.03589E+01 0.00000E+00
 -1        15 1.04660E+02 6.79972E+01 0.00000E+00
 -1        16 1.04660E+02 6.55256E+01 0.00000E+00
 -1        17 1.05389E+02 6.31639E+01 0.00000E+00
 -1        18 1.06781E+02 6.11219E+01 0.00000E+00
 -1        19 1.08713E+02 5.95809E+01 0.00000E+00
 -1        20 1.11014E+02 5.86779E+01 0.00000E+00
 -1        21 1.13479E+02 5.84932E+01 0.00000E+00
 -1        22 1.15888E+02 5.90432E+01 0.00000E+00
 -1        23 1.18029E+02 6.02790E+01 0.00000E+00
 -1        24 1.19710E+02 6.20907E+01 0.00000E+00
 -1        25 1.20782E+02 6.43175E+01 0.00000E+00
 -1        26 7.66225E+00 0.00000E+00 0.00000E+00
 -1        27 1.53245E+01 0.00000E+00 0.00000E+00
 -1        28 2.29868E+01 0.00000E+00 0.00000E+00
 -1        29 3.06490E+01 0.00000E+00 0.00000E+00
 -1        30 3.83113E+01 0.00000E+00 0.00000E+00
 -1        31 4.59735E+01 0.00000E+00 0.00000E+00
 -1        32 5.36358E+01 0.00000E+00 0.00000E+00
 -1        33 6.12980E+01 0.00000E+00 0.00000E+00
 -1        34 6.89603E+01 0.00000E+00 0.00000E+00
 -1        35 7.66226E+01 0.00000E+00 0.00000E+00
 -1        36 8.42848E+01 0.00000E+00 0.00000E+00
 -1        37 9.19471E+01 0.00000E+00 0.00000E+00
 -1        38 9.96093E+01 0.00000E+00 0.00000E+00
 -1        39 1.07272E+02 0.00000E+00 0.00000E+00
 -1        40 1.14934E+02 0.00000E+00 0.00000E+00
 -1        41 1.22596E+02 0.00000E+00 0.00000E+00
 -1        42 1.30258E+02 0.00000E+00 0.00000E+00
 -1        43 1.37921E+02 0.00000E+00 0.00000E+00
 -1        44 1.45583E+02 0.00000E+00 0.00000E+00
 -1        45 0.00000E+00 8.65985E+01 0.00000E+00
 -1        46 0.00000E+00 7.87260E+01 0.00000E+00
 -1        47 0.00000E+00 7.08534E+01 0.00000E+00
 -1        48 0.00000E+00 6.29808E+01 0.00000E+00
 -1        49 0.00000E+00 5.51082E+01 0.00000E+00
 -1        50 0.00000E+00 4.72356E+01 0.00000E+00
 -1        51 0.00000E+00 3.93630E+01 0.00000E+00
 -1        52 0.00000E+00 3.14904E+01 0.00000E+00
 -1        53 0.00000E+00 2.36178E+01 0.00000E+00
 -1        54 0.00000E+00 1.57452E+01 0.00000E+00
 -1        55 0.00000E+00 7.87259E+00 0.00000E+00
 -1        56 1.53245E+02 7.87259E+00 0.00000E+00
 -1        57 1.53245E+02 1.57452E+01 0.00000E+00
 -1        58 1.53245E+02 2.36178E+01 0.00000E+00
 -1        59 1.53245E+02 3.14904E+01 0.00000E+00
 -1        60 1.53245E+02 3.93630E+01 0.00000E+00
 -1        61 1.53245E+02 4.72356E+01 0.00000E+00
 -1        62 1.53245E+02 5.51082E+01 0.00000E+00
 -1        63 1.53245E+02 6.29808E+01 0.00000E+00
 -1        64 1.53245E+02 7.08534E+01 0.00000E+00
 -1        65 1.53245E+02 7.87260E+01 0.00000E+00
 -1        66 1.53245E+02 8.65985E+01 0.00000E+00
 -1        67 1.45583E+02 9.44711E+01 0.00000E+00
 -1        68 1.37921E+02 9.44711E+01 0.00000E+00
 -1        69 1.30258E+02 9.44711E+01 0.00000E+00
 -1        70 1.22596E+02 9.44711E+01 0.00000E+00
 -1        71 1.14934E+02 9.44711E+01 0.00000E+00
 -1        72 1.07272E+02 9.44711E+01 0.00000E+00
 -1        73 9.96093E+01 9.44711E+01 0.00000E+00
 -1        74 9.19471E+01 9.44711E+01 0.00000E+00
 -1        75 8.42848E+01 9.44711E+01 0.00000E+00
 -1        76 7.66226E+01 9.44711E+01 0.00000E+00
 -1        77 6.89603E+01 9.44711E+01 0.00000E+00
 -1        78 6.12980E+01 9.44711E+01 0.00000E+00
 -1        79 5.36358E+01 9.44711E+01 0.00000E+00
 -1        80 4.59735E+01 9.44711E+01 0.00000E+00
 -1        81 3.83113E+01 9.44711E+01 0.00000E+00
 -1        82 3.06490E+01 9.44711E+01 0.00000E+00
 -1        83 2.29868E+01 9.44711E+01 0.00000E+00
 -1        84 1.53245E+01 9.44711E+01 0.00000E+00
 -1        85 7.66225E+00 9.44711E+01 0.00000E+00
 -1        86 1.03073E+02 6.36529E+01 0.00000E+00
 -1        87 1.06420E+02 5.86627E+01 0.00000E+00
 -1        88 6.52865E+01 6.53371E+00 0.00000E+00
 -1        89 1.15222E+02 5.67385E+01 0.00000E+00
 -1        90 6.52017E+01 8.80325E+01 0.00000E+00
 -1        91 8.81159E+01 6.63571E+00 0.00000E+00
 -1        92 4.07594E+01 8.84777E+01 0.00000E+00
 -1        93 4.16291E+01 7.22299E+00 0.00000E+00
 -1        94 1.10971E+02 7.01630E+00 0.00000E+00
 -1        95 6.04486E+00 4.19284E+01 0.00000E+00
 -1        96 1.03022E+02 6.97059E+01 0.00000E+00
 -1        97 1.20229E+02 5.92139E+01 0.00000E+00
 -1        98 1.46759E+02 3.44262E+01 0.00000E+00
 -1        99 1.22174E+02 7.12640E+01 0.00000E+00
 -1       100 1.23092E+02 6.52342E+01 0.00000E+00
 -1       101 6.81787E+00 6.69171E+01 0.00000E+00
 -1       102 1.46700E+02 5.15668E+01 0.00000E+00
 -1       103 1.06396E+02 7.48409E+01 0.00000E+00
 -1       104 8.78598E+01 8.82123E+01 0.00000E+00
 -1       105 1.17676E+02 7.58240E+01 0.00000E+00
 -1       106 7.39261E+00 2.79547E+01 0.00000E+00
 -1       107 1.46473E+02 7.53698E+01 0.00000E+00
 -1       108 1.26519E+02 5.88518E+00 0.00000E+00
 -1       109 2.78684E+01 8.82232E+01 0.00000E+00
 -1       110 2.75252E+01 6.00689E+00 0.00000E+00
 -1       111 1.12590E+02 7.73069E+01 0.00000E+00
 -1       112 1.45612E+02 2.04895E+01 0.00000E+00
 -1       113 1.26123E+02 8.73499E+01 0.00000E+00
 -1       114 1.04376E+02 8.85615E+01 0.00000E+00
 -1       115 5.94740E+00 8.26628E+01 0.00000E+00
 -1       116 6.33337E+00 1.17233E+01 0.00000E+00
 -1       117 1.41752E+02 8.78354E+01 0.00000E+00
 -1       118 1.41355E+02 7.22502E+00 0.00000E+00
 -1       119 1.23459E+02 6.76740E+01 0.00000E+00
 -1       120 1.25767E+02 6.66418E+01 0.00000E+00
 -1       121 1.25027E+02 6.30300E+01 0.00000E+00
 -1       122 1.29675E+02 6.47360E+01 0.00000E+00
 -1       123 1.29737E+02 6.96025E+01 0.00000E+00
 -1       124 1.27919E+02 5.93582E+01 0.00000E+00
 -1       125 1.34991E+02 6.09622E+01 0.00000E+00
 -1       126 1.33490E+02 5.44714E+01 0.00000E+00
 -1       127 1.26991E+02 5.28419E+01 0.00000E+00
 -1       128 1.31577E+02 4.74874E+01 0.00000E+00
 -1       129 1.23585E+02 4.68169E+01 0.00000E+00
 -1       130 1.29192E+02 4.01698E+01 0.00000E+00
 -1       131 1.21378E+02 3.86936E+01 0.00000E+00
 -1       132 1.26825E+02 3.25090E+01 0.00000E+00
 -1       133 1.19020E+02 3.07733E+01 0.00000E+00
 -1       134 1.13637E+02 3.66006E+01 0.00000E+00
 -1       135 1.11222E+02 2.89810E+01 0.00000E+00
 -1       136 1.05769E+02 3.48275E+01 0.00000E+00
 -1       137 1.03407E+02 2.72346E+01 0.00000E+00
 -1       138 9.80029E+01 3.31431E+01 0.00000E+00
 -1       139 1.00413E+02 4.20230E+01 0.00000E+00
 -1       140 9.26145E+01 3.90579E+01 0.00000E+00
 -1       141 9.01992E+01 3.14289E+01 0.00000E+00
 -1       142 8.48021E+01 3.73343E+01 0.00000E+00
 -1       143 8.70219E+01 4.47843E+01 0.00000E+00
 -1       144 7.93714E+01 4.32088E+01 0.00000E+00
 -1       145 8.17797E+01 5.08312E+01 0.00000E+00
 -1       146 7.39936E+01 4.91316E+01 0.00000E+00
 -1       147 7.15843E+01 4.15084E+01 0.00000E+00
 -1       148 6.61899E+01 4.74161E+01 0.00000E+00
 -1       149 6.37777E+01 3.97902E+01 0.00000E+00
 -1       150 5.83801E+01 4.56949E+01 0.00000E+00
 -1       151 5.59669E+01 3.80681E+01 0.00000E+00
 -1       152 5.05686E+01 4.39721E+01 0.00000E+00
 -1       153 5.29822E+01 5.15994E+01 0.00000E+00
 -1       154 4.51702E+01 4.98762E+01 0.00000E+00
 -1       155 4.27565E+01 4.22490E+01 0.00000E+00
 -1       156 7.64107E+01 5.67620E+01 0.00000E+00
 -1       157 3.73580E+01 4.81529E+01 0.00000E+00
 -1       158 3.97717E+01 5.57801E+01 0.00000E+00
 -1       159 3.49444E+01 4.05257E+01 0.00000E+00
 -1       160 8.23884E+01 2.97070E+01 0.00000E+00
 -1       161 8.42234E+01 5.84859E+01 0.00000E+00
 -1       162 3.19595E+01 5.40567E+01 0.00000E+00
 -1       163 4.03429E+01 3.46218E+01 0.00000E+00
 -1       164 3.25308E+01 3.28985E+01 0.00000E+00
 -1       165 7.88326E+01 6.43968E+01 0.00000E+00
 -1       166 3.43731E+01 6.16840E+01 0.00000E+00
 -1       167 4.21853E+01 6.34073E+01 0.00000E+00
 -1       168 7.10190E+01 6.26722E+01 0.00000E+00
 -1       169 6.13655E+01 3.21642E+01 0.00000E+00
 -1       170 8.66721E+01 6.51941E+01 0.00000E+00
 -1       171 2.65610E+01 5.99606E+01 0.00000E+00
 -1       172 2.69910E+01 3.88696E+01 0.00000E+00
 -1       173 3.79293E+01 2.69946E+01 0.00000E+00
 -1       174 3.01171E+01 2.52712E+01 0.00000E+00
 -1       175 2.89746E+01 6.75878E+01 0.00000E+00
 -1       176 7.34338E+01 7.03004E+01 0.00000E+00
 -1       177 6.56216E+01 6.85771E+01 0.00000E+00
 -1       178 1.16623E+02 2.30698E+01 0.00000E+00
 -1       179 9.11527E+01 5.91293E+01 0.00000E+00
 -1       180 8.77869E+01 2.38031E+01 0.00000E+00
 -1       181 7.99751E+01 2.20802E+01 0.00000E+00
 -1       182 5.35536E+01 3.04412E+01 0.00000E+00
 -1       183 5.89521E+01 2.45373E+01 0.00000E+00
 -1       184 5.11400E+01 2.28140E+01 0.00000E+00
 -1       185 2.41507E+01 5.23365E+01 0.00000E+00
 -1       186 1.88267E+01 5.82133E+01 0.00000E+00
 -1       187 3.54951E+01 1.94606E+01 0.00000E+00
 -1       188 1.07916E+02 5.70817E+01 0.00000E+00
 -1       189 1.05787E+02 5.63962E+01 0.00000E+00
 -1       190 1.08057E+02 5.39906E+01 0.00000E+00
 -1       191 1.03469E+02 5.85035E+01 0.00000E+00
 -1       192 1.03531E+02 5.41742E+01 0.00000E+00
 -1       193 1.04019E+02 7.33878E+01 0.00000E+00
 -1       194 1.03811E+02 7.56030E+01 0.00000E+00
 -1       195 1.06159E+02 7.77541E+01 0.00000E+00
 -1       196 1.01046E+02 7.42014E+01 0.00000E+00
 -1       197 1.01220E+02 7.76408E+01 0.00000E+00
 -1       198 9.68431E+01 7.52519E+01 0.00000E+00
 -1       199 1.17893E+02 5.77521E+01 0.00000E+00
 -1       200 1.17199E+02 5.51421E+01 0.00000E+00
 -1       201 1.14633E+02 5.37296E+01 0.00000E+00
 -1       202 1.20079E+02 5.57607E+01 0.00000E+00
 -1       203 1.21512E+02 7.33375E+01 0.00000E+00
 -1       204 1.24376E+02 7.33712E+01 0.00000E+00
 -1       205 1.22742E+02 7.58749E+01 0.00000E+00
 -1       206 1.27393E+02 7.62923E+01 0.00000E+00
 -1       207 1.15307E+02 7.67869E+01 0.00000E+00
 -1       208 1.17141E+02 7.83838E+01 0.00000E+00
 -1       209 1.14778E+02 7.98036E+01 0.00000E+00
 -1       210 1.11454E+02 8.04460E+01 0.00000E+00
 -1       211 1.17780E+02 8.19143E+01 0.00000E+00
 -1       212 1.01830E+02 6.72410E+01 0.00000E+00
 -1       213 6.67643E+01 2.62606E+01 0.00000E+00
 -1       214 6.32079E+01 6.09498E+01 0.00000E+00
 -1       215 5.78096E+01 6.68539E+01 0.00000E+00
 -1       216 6.01016E+01 7.43699E+01 0.00000E+00
 -1       217 5.23908E+01 7.27393E+01 0.00000E+00
 -1       218 5.47806E+01 8.04804E+01 0.00000E+00
 -1       219 5.64861E+01 1.71478E+01 0.00000E+00
 -1       220 1.05012E+02 4.85038E+01 0.00000E+00
 -1       221 9.97603E+01 6.94464E+01 0.00000E+00
 -1       222 9.80577E+01 6.60839E+01 0.00000E+00
 -1       223 1.36435E+02 6.79949E+01 0.00000E+00
 -1       224 1.41462E+02 6.22513E+01 0.00000E+00
 -1       225 1.34289E+02 3.43106E+01 0.00000E+00
 -1       226 1.32191E+02 2.65722E+01 0.00000E+00
 -1       227 1.61328E+01 5.10036E+01 0.00000E+00
 -1       228 2.76147E+01 1.80467E+01 0.00000E+00
 -1       229 2.22901E+01 2.36150E+01 0.00000E+00
 -1       230 1.98913E+01 1.59207E+01 0.00000E+00
 -1       231 1.17446E+01 5.65610E+01 0.00000E+00
 -1       232 9.63157E+01 8.04803E+01 0.00000E+00
 -1       233 9.00823E+01 7.69912E+01 0.00000E+00
 -1       234 9.94116E+01 4.95620E+01 0.00000E+00
 -1       235 1.11548E+02 4.97980E+01 0.00000E+00
 -1       236 4.71600E+01 7.85011E+01 0.00000E+00
 -1       237 4.80116E+01 1.39301E+01 0.00000E+00
 -1       238 1.25215E+02 7.02750E+01 0.00000E+00
 -1       239 9.50119E+01 7.03523E+01 0.00000E+00
 -1       240 1.17872E+02 5.12361E+01 0.00000E+00
 -1       241 1.11368E+02 8.90828E+01 0.00000E+00
 -1       242 1.40331E+02 2.84685E+01 0.00000E+00
 -1       243 1.15987E+02 4.42239E+01 0.00000E+00
 -1       244 8.56140E+01 1.47241E+01 0.00000E+00
 -1       245 9.31858E+01 1.78996E+01 0.00000E+00
 -1       246 7.71565E+01 1.42046E+01 0.00000E+00
 -1       247 1.12679E+02 5.62797E+01 0.00000E+00
 -1       248 1.44928E+01 2.18246E+01 0.00000E+00
 -1       249 1.63213E+01 2.95575E+01 0.00000E+00
 -1       250 5.41249E+01 9.28294E+00 0.00000E+00
 -1       251 1.12310E+01 3.59868E+01 0.00000E+00
 -1       252 1.37671E+02 2.06433E+01 0.00000E+00
 -1       253 1.29782E+02 1.92070E+01 0.00000E+00
 -1       254 1.35276E+02 1.30101E+01 0.00000E+00
 -1       255 1.90378E+01 3.73592E+01 0.00000E+00
 -1       256 1.23458E+02 5.72668E+01 0.00000E+00
 -1       257 9.96980E+01 5.64627E+01 0.00000E+00
 -1       258 1.32947E+02 7.43578E+01 0.00000E+00
 -1       259 1.30863E+02 8.09879E+01 0.00000E+00
 -1       260 1.38805E+02 7.98213E+01 0.00000E+00
 -1       261 1.36770E+02 4.19485E+01 0.00000E+00
 -1       262 1.24639E+02 8.04468E+01 0.00000E+00
 -1       263 1.08204E+02 4.23674E+01 0.00000E+00
 -1       264 3.31875E+01 1.17750E+01 0.00000E+00
 -1       265 1.24416E+02 2.48807E+01 0.00000E+00
 -1       266 1.21814E+02 1.74190E+01 0.00000E+00
 -1       267 1.14113E+02 1.53536E+01 0.00000E+00
 -1       268 1.08815E+02 2.13149E+01 0.00000E+00
 -1       269 1.06162E+02 1.35843E+01 0.00000E+00
 -1       270 9.55985E+01 2.55125E+01 0.00000E+00
 -1       271 7.21629E+01 2.03568E+01 0.00000E+00
 -1       272 7.69835E+01 3.56051E+01 0.00000E+00
 -1       273 7.45754E+01 2.79829E+01 0.00000E+00
 -1       274 6.42662E+01 1.90166E+01 0.00000E+00
 -1       275 4.46201E+01 7.10046E+01 0.00000E+00
 -1       276 3.93236E+01 7.64754E+01 0.00000E+00
 -1       277 3.68108E+01 6.92290E+01 0.00000E+00
 -1       278 3.14373E+01 7.50129E+01 0.00000E+00
 -1       279 2.36088E+01 7.33467E+01 0.00000E+00
 -1       280 3.45987E+01 8.28410E+01 0.00000E+00
 -1       281 5.53959E+01 5.92267E+01 0.00000E+00
 -1       282 8.88662E+01 5.19737E+01 0.00000E+00
 -1       283 6.07938E+01 5.33222E+01 0.00000E+00
 -1       284 8.26227E+01 7.25200E+01 0.00000E+00
 -1       285 7.56599E+01 7.77953E+01 0.00000E+00
 -1       286 6.76140E+01 7.58496E+01 0.00000E+00
 -1       287 6.91759E+01 3.38860E+01 0.00000E+00
 -1       288 6.86025E+01 5.50423E+01 0.00000E+00
 -1       289 4.31847E+01 2.09900E+01 0.00000E+00
 -1       290 4.57176E+01 2.87011E+01 0.00000E+00
 -1       291 4.99976E+01 6.51225E+01 0.00000E+00
 -1       292 2.95263E+01 4.64444E+01 0.00000E+00
 -1       293 4.75838E+01 5.75020E+01 0.00000E+00
 -1       294 4.81510E+01 3.63422E+01 0.00000E+00
 -1       295 2.45480E+01 3.12618E+01 0.00000E+00
 -1       296 2.12582E+01 6.58119E+01 0.00000E+00
 -1       297 1.46186E+01 7.18545E+01 0.00000E+00
 -1       298 1.78081E+01 8.00794E+01 0.00000E+00
 -1       299 1.01010E+02 1.95657E+01 0.00000E+00
 -1       300 9.86325E+01 1.24374E+01 0.00000E+00
 -1       301 1.09639E+02 7.74180E+01 0.00000E+00
 -1       302 1.22305E+02 6.12985E+01 0.00000E+00
 -1       303 1.03705E+02 6.13401E+01 0.00000E+00
 -1       304 1.01236E+02 6.08551E+01 0.00000E+00
 -1       305 1.19716E+02 8.39202E+00 0.00000E+00
 -1       306 2.17424E+01 4.49338E+01 0.00000E+00
 -1       307 1.45122E+02 4.29949E+01 0.00000E+00
 -1       308 6.84338E+00 1.94949E+01 0.00000E+00
 -1       309 6.81787E+00 7.47897E+01 0.00000E+00
 -1       310 1.18598E+02 8.84608E+01 0.00000E+00
 -1       311 1.94456E+01 8.77897E+01 0.00000E+00
 -1       312 8.04110E+01 8.83537E+01 0.00000E+00
 -1       313 4.88516E+01 8.66022E+01 0.00000E+00
 -1       314 5.76124E+01 8.75831E+01 0.00000E+00
 -1       315 1.92839E+01 7.92924E+00 0.00000E+00
 -1       316 7.27964E+01 8.85891E+01 0.00000E+00
 -1       317 7.27914E+01 6.63571E+00 0.00000E+00
 -1       318 8.04537E+01 6.63571E+00 0.00000E+00
 -1       319 1.34287E+02 8.74895E+01 0.00000E+00
 -1       320 1.39008E+02 4.94403E+01 0.00000E+00
 -1       321 1.13927E+02 8.41518E+01 0.00000E+00
 -1       322 1.03071E+02 6.45449E+00 0.00000E+00
 -1       323 1.34259E+01 6.35212E+01 0.00000E+00
 -1       324 1.11468E+02 5.33747E+01 0.00000E+00
 -1       325 4.03016E+01 1.46757E+01 0.00000E+00
 -1       326 1.13822E+01 6.39245E+00 0.00000E+00
 -1       327 1.19373E+01 8.67248E+01 0.00000E+00
 -1       328 1.46810E+02 8.26861E+01 0.00000E+00
 -1       329 1.46864E+02 1.21413E+01 0.00000E+00
 -1       330 9.62969E+01 8.72700E+01 0.00000E+00
 -1       331 6.92376E+01 1.32790E+01 0.00000E+00
 -1       332 2.61370E+01 8.04511E+01 0.00000E+00
 -1       333 1.45512E+02 6.74155E+01 0.00000E+00
 -1       334 6.92938E+00 5.06418E+01 0.00000E+00
 -1       335 8.33812E+01 8.14451E+01 0.00000E+00
 -1       336 1.33066E+02 6.53172E+00 0.00000E+00
 -1       337 1.03560E+02 8.20426E+01 0.00000E+00
 -1       338 1.47663E+02 2.76572E+01 0.00000E+00
 -1       339 1.35197E+01 4.36423E+01 0.00000E+00
 -1       340 6.21475E+01 8.14651E+01 0.00000E+00
 -1       341 1.47116E+02 5.91476E+01 0.00000E+00
 -1       342 9.55992E+01 6.18155E+00 0.00000E+00
 -1       343 1.30378E+01 1.38808E+01 0.00000E+00
 -1       344 6.14142E+01 1.18270E+01 0.00000E+00
 -1       345 3.42604E+01 5.00099E+00 0.00000E+00
 -1       346 9.38996E+01 4.64144E+01 0.00000E+00
 -1       347 3.44374E+01 8.96968E+01 0.00000E+00
 -1       348 1.40461E+02 5.63066E+01 0.00000E+00
 -1       349 4.85820E+01 5.92982E+00 0.00000E+00
 -1       350 1.20119E+02 7.79063E+01 0.00000E+00
 -1       351 1.07949E+02 8.03526E+01 0.00000E+00
 -1       352 1.24769E+02 6.01960E+01 0.00000E+00
 -1       353 7.00070E+01 8.25539E+01 0.00000E+00
 -1       354 5.57514E+00 5.91333E+01 0.00000E+00
 -1       355 1.27296E+02 1.25856E+01 0.00000E+00
 -1       356 9.28090E+01 6.54688E+01 0.00000E+00
 -1       357 9.69753E+01 6.07711E+01 0.00000E+00
 -1       358 9.22295E+01 1.15757E+01 0.00000E+00
 -1       359 1.08772E+02 8.41062E+01 0.00000E+00
 -1       360 1.14259E+01 7.92222E+01 0.00000E+00
 -1       361 1.41300E+02 1.48888E+01 0.00000E+00
 -1       362 1.40253E+02 7.34137E+01 0.00000E+00
 -1       363 5.91519E+01 5.52874E+00 0.00000E+00
 -1       364 1.40429E+02 3.65363E+01 0.00000E+00
 -1       365 1.28115E+02 7.27615E+01 0.00000E+00
 -1       366 1.47673E+02 5.63063E+00 0.00000E+00
 -1       367 1.47673E+02 8.88405E+01 0.00000E+00
 -1       368 1.22397E+02 5.27845E+01 0.00000E+00
 -1       369 5.10939E+00 8.89857E+01 0.00000E+00
 -1       370 5.53773E+00 5.59730E+00 0.00000E+00
 -1       371 4.75025E+00 3.53848E+01 0.00000E+00
 -1       372 2.52939E+01 1.20511E+01 0.00000E+00
 -1       373 8.92664E+01 7.09812E+01 0.00000E+00
 -1       374 9.50006E+01 5.40522E+01 0.00000E+00
 -1       375 1.21422E+02 8.43943E+01 0.00000E+00
 -1       376 1.04005E+02 7.14993E+01 0.00000E+00
 -1       377 1.01652E+02 7.16636E+01 0.00000E+00
 -1       378 9.88627E+01 7.21831E+01 0.00000E+00
 -1       379 1.05164E+02 6.01159E+01 0.00000E+00
 -1       380 1.22360E+02 6.33377E+01 0.00000E+00
 -1       381 1.19604E+02 7.45117E+01 0.00000E+00
 -1       382 1.22675E+02 6.94100E+01 0.00000E+00
 -1       383 1.09974E+02 5.64976E+01 0.00000E+00
 -1       384 1.08168E+02 7.57469E+01 0.00000E+00
 -1       385 1.02875E+02 6.56868E+01 0.00000E+00
 -1       386 1.00696E+02 6.42243E+01 0.00000E+00
 -1       387 4.21613E+01 8.22850E+01 0.00000E+00
 -1       388 7.64511E+01 8.37474E+01 0.00000E+00
 -1       389 9.07872E+01 8.28798E+01 0.00000E+00
 -3
    3C                           693                                     1
 -1         1    7    0    1
 -2       244       318        91
 -1         2    7    0    1
 -2       327       360       298
 -1         3    7    0    1
 -2       311       327       298
 -1         4    7    0    1
 -2       334       339       227
 -1         5    7    0    1
 -2       235       240       201
 -1         6    7    0    1
 -2       139       263       220
 -1         7    7    0    1
 -2       242       252       112
 -1         8    7    0    1
 -2       303       304       191
 -1         9    7    0    1
 -2       120       238       119
 -1        10    7    0    1
 -2       248       249       106
 -1        11    7    0    1
 -2       220       234       139
 -1        12    7    0    1
 -2        93       349       237
 -1        13    7    0    1
 -2       246       318       244
 -1        14    7    0    1
 -2        41       305        40
 -1        15    7    0    1
 -2       233       335       284
 -1        16    7    0    1
 -2       307       320       261
 -1        17    7    0    1
 -2       237       325        93
 -1        18    7    0    1
 -2       122       223       123
 -1        19    7    0    1
 -2        95       339       334
 -1        20    7    0    1
 -2       297       309       101
 -1        21    7    0    1
 -2       249       251       106
 -1        22    7    0    1
 -2       357       386       222
 -1        23    7    0    1
 -2       112       338       242
 -1        24    7    0    1
 -2       315       343       326
 -1        25    7    0    1
 -2       232       337       330
 -1        26    7    0    1
 -2       230       343       315
 -1        27    7    0    1
 -2       330       337       114
 -1        28    7    0    1
 -2       284       335       285
 -1        29    7    0    1
 -2       298       332       311
 -1        30    7    0    1
 -2       333       362       223
 -1        31    7    0    1
 -2       224       333       223
 -1        32    7    0    1
 -2        93       325       264
 -1        33    7    0    1
 -2       199       202        97
 -1        34    7    0    1
 -2        89       247       201
 -1        35    7    0    1
 -2       207       209       111
 -1        36    7    0    1
 -2       264       345        93
 -1        37    7    0    1
 -2       201       324       235
 -1        38    7    0    1
 -2       247       383       324
 -1        39    7    0    1
 -2       218       313       236
 -1        40    7    0    1
 -2       101       323       297
 -1        41    7    0    1
 -2       129       368       240
 -1        42    7    0    1
 -2       101       354       323
 -1        43    7    0    1
 -2       102       320       307
 -1        44    7    0    1
 -2       311       332       109
 -1        45    7    0    1
 -2       126       348       125
 -1        46    7    0    1
 -2       117       319       260
 -1        47    7    0    1
 -2       284       373       233
 -1        48    7    0    1
 -2        23       199        97
 -1        49    7    0    1
 -2        89       199        22
 -1        50    7    0    1
 -2        21       247        89
 -1        51    7    0    1
 -2       105       207         9
 -1        52    7    0    1
 -2        10       207       111
 -1        53    7    0    1
 -2       256       302        97
 -1        54    7    0    1
 -2       210       301       111
 -1        55    7    0    1
 -2       131       243       134
 -1        56    7    0    1
 -2       254       355       336
 -1        57    7    0    1
 -2       108       305        41
 -1        58    7    0    1
 -2        40       305        94
 -1        59    7    0    1
 -2       313       387       236
 -1        60    7    0    1
 -2       323       354       231
 -1        61    7    0    1
 -2       125       348       224
 -1        62    7    0    1
 -2       124       352       256
 -1        63    7    0    1
 -2       195       197       194
 -1        64    7    0    1
 -2       251       339        95
 -1        65    7    0    1
 -2       243       263       134
 -1        66    7    0    1
 -2       267       269        94
 -1        67    7    0    1
 -2       231       334       227
 -1        68    7    0    1
 -2        91       358       244
 -1        69    7    0    1
 -2       336       355       108
 -1        70    7    0    1
 -2       106       308       248
 -1        71    7    0    1
 -2       255       295       172
 -1        72    7    0    1
 -2       240       243       129
 -1        73    7    0    1
 -2       191       304       257
 -1        74    7    0    1
 -2       261       364       307
 -1        75    7    0    1
 -2        15       385        16
 -1        76    7    0    1
 -2        11       384        12
 -1        77    7    0    1
 -2         1       382         6
 -1        78    7    0    1
 -2        17       379        18
 -1        79    7    0    1
 -2        19       383        20
 -1        80    7    0    1
 -2         7       381         8
 -1        81    7    0    1
 -2        24       380        25
 -1        82    7    0    1
 -2        13       376        14
 -1        83    7    0    1
 -2       189       192       190
 -1        84    7    0    1
 -2        94       305       267
 -1        85    7    0    1
 -2       260       319       259
 -1        86    7    0    1
 -2       280       387        92
 -1        87    7    0    1
 -2       242       338        98
 -1        88    7    0    1
 -2       317       318       246
 -1        89    7    0    1
 -2       305       355       266
 -1        90    7    0    1
 -2        92       347       280
 -1        91    7    0    1
 -2       125       223       122
 -1        92    7    0    1
 -2       107       328       260
 -1        93    7    0    1
 -2       350       375       211
 -1        94    7    0    1
 -2        98       364       242
 -1        95    7    0    1
 -2       249       295       255
 -1        96    7    0    1
 -2       129       243       131
 -1        97    7    0    1
 -2       267       305       266
 -1        98    7    0    1
 -2       193       376        13
 -1        99    7    0    1
 -2       303       379        17
 -1       100    7    0    1
 -2       302       380        24
 -1       101    7    0    1
 -2       203       381         7
 -1       102    7    0    1
 -2       119       382         1
 -1       103    7    0    1
 -2       188       383        19
 -1       104    7    0    1
 -2       301       384        11
 -1       105    7    0    1
 -2       212       385        15
 -1       106    7    0    1
 -2       255       339       251
 -1       107    7    0    1
 -2        92       387       313
 -1       108    7    0    1
 -2       249       255       251
 -1       109    7    0    1
 -2       193       377       376
 -1       110    7    0    1
 -2       246       331       317
 -1       111    7    0    1
 -2       212       386       385
 -1       112    7    0    1
 -2       260       328       117
 -1       113    7    0    1
 -2       124       256       127
 -1       114    7    0    1
 -2       172       306       255
 -1       115    7    0    1
 -2       357       374       257
 -1       116    7    0    1
 -2       250       349        32
 -1       117    7    0    1
 -2       297       360       309
 -1       118    7    0    1
 -2       115       360       327
 -1       119    7    0    1
 -2       118       361       254
 -1       120    7    0    1
 -2       235       263       243
 -1       121    7    0    1
 -2       218       314       313
 -1       122    7    0    1
 -2       221       239       222
 -1       123    7    0    1
 -2        32       363       250
 -1       124    7    0    1
 -2       233       239       198
 -1       125    7    0    1
 -2       202       368       256
 -1       126    7    0    1
 -2       304       386       357
 -1       127    7    0    1
 -2       108       355       305
 -1       128    7    0    1
 -2       237       349       250
 -1       129    7    0    1
 -2       315       372       230
 -1       130    7    0    1
 -2       220       263       235
 -1       131    7    0    1
 -2       254       336       118
 -1       132    7    0    1
 -2       239       373       356
 -1       133    7    0    1
 -2       235       243       240
 -1       134    7    0    1
 -2       261       320       128
 -1       135    7    0    1
 -2       109       332       280
 -1       136    7    0    1
 -2       269       322        94
 -1       137    7    0    1
 -2       130       261       128
 -1       138    7    0    1
 -2       270       299       137
 -1       139    7    0    1
 -2       137       299       268
 -1       140    7    0    1
 -2       245       300       299
 -1       141    7    0    1
 -2       137       268       135
 -1       142    7    0    1
 -2       245       299       270
 -1       143    7    0    1
 -2       178       267       266
 -1       144    7    0    1
 -2       335       388       285
 -1       145    7    0    1
 -2       178       266       265
 -1       146    7    0    1
 -2       135       268       178
 -1       147    7    0    1
 -2       226       265       253
 -1       148    7    0    1
 -2       123       238       120
 -1       149    7    0    1
 -2       265       266       253
 -1       150    7    0    1
 -2       132       265       226
 -1       151    7    0    1
 -2       178       268       267
 -1       152    7    0    1
 -2       268       269       267
 -1       153    7    0    1
 -2       133       265       132
 -1       154    7    0    1
 -2       180       270       141
 -1       155    7    0    1
 -2       245       270       180
 -1       156    7    0    1
 -2       141       270       138
 -1       157    7    0    1
 -2       213       274       271
 -1       158    7    0    1
 -2       271       273       213
 -1       159    7    0    1
 -2       219       274       183
 -1       160    7    0    1
 -2       183       274       213
 -1       161    7    0    1
 -2       273       287       213
 -1       162    7    0    1
 -2       272       287       273
 -1       163    7    0    1
 -2       147       272       144
 -1       164    7    0    1
 -2       147       287       272
 -1       165    7    0    1
 -2       144       272       142
 -1       166    7    0    1
 -2       181       273       271
 -1       167    7    0    1
 -2       160       273       181
 -1       168    7    0    1
 -2       276       280       278
 -1       169    7    0    1
 -2       166       277       175
 -1       170    7    0    1
 -2       167       277       166
 -1       171    7    0    1
 -2       276       278       277
 -1       172    7    0    1
 -2       275       277       167
 -1       173    7    0    1
 -2       161       282       179
 -1       174    7    0    1
 -2       277       278       175
 -1       175    7    0    1
 -2       217       291       215
 -1       176    7    0    1
 -2       167       291       275
 -1       177    7    0    1
 -2       153       283       281
 -1       178    7    0    1
 -2       281       293       153
 -1       179    7    0    1
 -2       148       283       150
 -1       180    7    0    1
 -2       215       291       281
 -1       181    7    0    1
 -2       275       291       217
 -1       182    7    0    1
 -2       150       283       153
 -1       183    7    0    1
 -2       145       282       161
 -1       184    7    0    1
 -2       154       293       158
 -1       185    7    0    1
 -2       148       288       283
 -1       186    7    0    1
 -2       278       279       175
 -1       187    7    0    1
 -2       153       293       154
 -1       188    7    0    1
 -2       158       293       167
 -1       189    7    0    1
 -2       146       288       148
 -1       190    7    0    1
 -2       291       293       281
 -1       191    7    0    1
 -2       214       288       168
 -1       192    7    0    1
 -2       283       288       214
 -1       193    7    0    1
 -2       168       288       156
 -1       194    7    0    1
 -2       213       287       169
 -1       195    7    0    1
 -2       177       286       216
 -1       196    7    0    1
 -2       284       285       176
 -1       197    7    0    1
 -2       176       286       177
 -1       198    7    0    1
 -2       165       284       176
 -1       199    7    0    1
 -2       169       287       149
 -1       200    7    0    1
 -2       184       289       237
 -1       201    7    0    1
 -2       285       286       176
 -1       202    7    0    1
 -2       184       290       289
 -1       203    7    0    1
 -2       182       290       184
 -1       204    7    0    1
 -2       182       294       290
 -1       205    7    0    1
 -2       184       219       183
 -1       206    7    0    1
 -2       151       294       182
 -1       207    7    0    1
 -2       215       281       214
 -1       208    7    0    1
 -2       290       294       163
 -1       209    7    0    1
 -2       162       292       157
 -1       210    7    0    1
 -2       173       290       163
 -1       211    7    0    1
 -2       166       175       171
 -1       212    7    0    1
 -2       182       184       183
 -1       213    7    0    1
 -2       155       294       152
 -1       214    7    0    1
 -2       163       294       155
 -1       215    7    0    1
 -2       158       162       157
 -1       216    7    0    1
 -2       157       292       159
 -1       217    7    0    1
 -2       185       292       162
 -1       218    7    0    1
 -2       186       231       227
 -1       219    7    0    1
 -2       218       236       217
 -1       220    7    0    1
 -2       164       174       173
 -1       221    7    0    1
 -2       182       183       169
 -1       222    7    0    1
 -2       236       275       217
 -1       223    7    0    1
 -2       152       294       151
 -1       224    7    0    1
 -2       166       171       162
 -1       225    7    0    1
 -2       177       214       168
 -1       226    7    0    1
 -2       183       213       169
 -1       227    7    0    1
 -2       276       277       275
 -1       228    7    0    1
 -2       154       158       157
 -1       229    7    0    1
 -2       174       187       173
 -1       230    7    0    1
 -2       177       216       215
 -1       231    7    0    1
 -2       150       152       151
 -1       232    7    0    1
 -2       153       154       152
 -1       233    7    0    1
 -2       154       157       155
 -1       234    7    0    1
 -2       159       172       164
 -1       235    7    0    1
 -2       176       177       168
 -1       236    7    0    1
 -2       171       186       185
 -1       237    7    0    1
 -2       229       230       228
 -1       238    7    0    1
 -2       159       163       155
 -1       239    7    0    1
 -2       159       292       172
 -1       240    7    0    1
 -2       164       173       163
 -1       241    7    0    1
 -2       177       215       214
 -1       242    7    0    1
 -2       184       237       219
 -1       243    7    0    1
 -2       216       217       215
 -1       244    7    0    1
 -2       236       276       275
 -1       245    7    0    1
 -2       174       228       187
 -1       246    7    0    1
 -2       229       248       230
 -1       247    7    0    1
 -2       151       182       169
 -1       248    7    0    1
 -2       154       155       152
 -1       249    7    0    1
 -2       157       159       155
 -1       250    7    0    1
 -2       159       164       163
 -1       251    7    0    1
 -2       171       185       162
 -1       252    7    0    1
 -2       167       293       291
 -1       253    7    0    1
 -2       289       290       173
 -1       254    7    0    1
 -2       174       229       228
 -1       255    7    0    1
 -2       228       264       187
 -1       256    7    0    1
 -2       229       249       248
 -1       257    7    0    1
 -2       158       166       162
 -1       258    7    0    1
 -2       172       295       164
 -1       259    7    0    1
 -2       186       227       185
 -1       260    7    0    1
 -2       281       283       214
 -1       261    7    0    1
 -2       216       218       217
 -1       262    7    0    1
 -2       237       250       219
 -1       263    7    0    1
 -2       158       167       166
 -1       264    7    0    1
 -2       187       289       173
 -1       265    7    0    1
 -2       164       295       174
 -1       266    7    0    1
 -2       151       169       149
 -1       267    7    0    1
 -2       150       153       152
 -1       268    7    0    1
 -2       170       284       165
 -1       269    7    0    1
 -2       174       295       229
 -1       270    7    0    1
 -2       229       295       249
 -1       271    7    0    1
 -2       150       151       149
 -1       272    7    0    1
 -2       161       179       170
 -1       273    7    0    1
 -2       165       176       168
 -1       274    7    0    1
 -2       148       150       149
 -1       275    7    0    1
 -2       161       170       165
 -1       276    7    0    1
 -2       165       168       156
 -1       277    7    0    1
 -2       149       287       147
 -1       278    7    0    1
 -2       148       149       147
 -1       279    7    0    1
 -2       161       165       156
 -1       280    7    0    1
 -2       156       288       146
 -1       281    7    0    1
 -2       181       271       246
 -1       282    7    0    1
 -2       145       161       156
 -1       283    7    0    1
 -2       146       148       147
 -1       284    7    0    1
 -2       279       298       297
 -1       285    7    0    1
 -2       146       147       144
 -1       286    7    0    1
 -2       145       156       146
 -1       287    7    0    1
 -2       244       245       180
 -1       288    7    0    1
 -2       181       246       244
 -1       289    7    0    1
 -2       279       296       175
 -1       290    7    0    1
 -2       175       296       171
 -1       291    7    0    1
 -2       279       297       296
 -1       292    7    0    1
 -2       143       282       145
 -1       293    7    0    1
 -2       145       146       144
 -1       294    7    0    1
 -2       181       244       180
 -1       295    7    0    1
 -2       171       296       186
 -1       296    7    0    1
 -2       143       145       144
 -1       297    7    0    1
 -2       160       181       180
 -1       298    7    0    1
 -2       272       273       160
 -1       299    7    0    1
 -2       160       180       141
 -1       300    7    0    1
 -2       143       144       142
 -1       301    7    0    1
 -2       142       272       160
 -1       302    7    0    1
 -2       140       143       142
 -1       303    7    0    1
 -2       142       160       141
 -1       304    7    0    1
 -2       140       142       141
 -1       305    7    0    1
 -2       140       141       138
 -1       306    7    0    1
 -2       139       140       138
 -1       307    7    0    1
 -2       136       139       138
 -1       308    7    0    1
 -2       138       270       137
 -1       309    7    0    1
 -2       136       138       137
 -1       310    7    0    1
 -2       253       254       252
 -1       311    7    0    1
 -2       226       253       252
 -1       312    7    0    1
 -2       136       137       135
 -1       313    7    0    1
 -2       178       265       133
 -1       314    7    0    1
 -2       226       252       242
 -1       315    7    0    1
 -2       135       178       133
 -1       316    7    0    1
 -2       134       136       135
 -1       317    7    0    1
 -2       226       242       225
 -1       318    7    0    1
 -2       134       135       133
 -1       319    7    0    1
 -2       268       299       269
 -1       320    7    0    1
 -2       299       300       269
 -1       321    7    0    1
 -2       225       261       130
 -1       322    7    0    1
 -2       131       134       133
 -1       323    7    0    1
 -2       132       226       225
 -1       324    7    0    1
 -2       131       133       132
 -1       325    7    0    1
 -2       132       225       130
 -1       326    7    0    1
 -2       292       306       172
 -1       327    7    0    1
 -2       227       306       185
 -1       328    7    0    1
 -2       307       364        98
 -1       329    7    0    1
 -2       131       132       130
 -1       330    7    0    1
 -2       195       384       301
 -1       331    7    0    1
 -2       238       382       119
 -1       332    7    0    1
 -2       121       380       302
 -1       333    7    0    1
 -2       191       379       303
 -1       334    7    0    1
 -2       185       306       292
 -1       335    7    0    1
 -2       113       262       259
 -1       336    7    0    1
 -2         8       105         9
 -1       337    7    0    1
 -2        25       100         1
 -1       338    7    0    1
 -2        16        86        17
 -1       339    7    0    1
 -2        23        97        24
 -1       340    7    0    1
 -2        21        89        22
 -1       341    7    0    1
 -2        10       111        11
 -1       342    7    0    1
 -2        14        96        15
 -1       343    7    0    1
 -2        18        87        19
 -1       344    7    0    1
 -2         6        99         7
 -1       345    7    0    1
 -2        22       199        23
 -1       346    7    0    1
 -2        12       103        13
 -1       347    7    0    1
 -2         9       207        10
 -1       348    7    0    1
 -2        20       247        21
 -1       349    7    0    1
 -2       234       346       139
 -1       350    7    0    1
 -2        48       101        47
 -1       351    7    0    1
 -2        58       112        57
 -1       352    7    0    1
 -2        60        98        59
 -1       353    7    0    1
 -2        65       107        64
 -1       354    7    0    1
 -2        53       106        52
 -1       355    7    0    1
 -2        46       115        45
 -1       356    7    0    1
 -2        55       116        54
 -1       357    7    0    1
 -2        51        95        50
 -1       358    7    0    1
 -2        62       102        61
 -1       359    7    0    1
 -2        54       308        53
 -1       360    7    0    1
 -2        47       309        46
 -1       361    7    0    1
 -2        61       307        60
 -1       362    7    0    1
 -2       324       383       190
 -1       363    7    0    1
 -2       129       131       130
 -1       364    7    0    1
 -2       326       343       116
 -1       365    7    0    1
 -2       356       373       170
 -1       366    7    0    1
 -2        60       307        98
 -1       367    7    0    1
 -2        46       309       115
 -1       368    7    0    1
 -2        53       308       106
 -1       369    7    0    1
 -2       116       308        54
 -1       370    7    0    1
 -2       102       307        61
 -1       371    7    0    1
 -2       101       309        47
 -1       372    7    0    1
 -2        95       371       251
 -1       373    7    0    1
 -2       197       337       232
 -1       374    7    0    1
 -2        28       315        27
 -1       375    7    0    1
 -2        80       313        79
 -1       376    7    0    1
 -2        84       311        83
 -1       377    7    0    1
 -2        34        88        33
 -1       378    7    0    1
 -2        73       114        72
 -1       379    7    0    1
 -2        76       312        75
 -1       380    7    0    1
 -2        78        90        77
 -1       381    7    0    1
 -2        29       110        28
 -1       382    7    0    1
 -2        31        93        30
 -1       383    7    0    1
 -2        79       314        78
 -1       384    7    0    1
 -2        81        92        80
 -1       385    7    0    1
 -2        83       109        82
 -1       386    7    0    1
 -2        35       317        34
 -1       387    7    0    1
 -2        36       318        35
 -1       388    7    0    1
 -2        37        91        36
 -1       389    7    0    1
 -2        40        94        39
 -1       390    7    0    1
 -2        42       108        41
 -1       391    7    0    1
 -2        70       113        69
 -1       392    7    0    1
 -2        75       104        74
 -1       393    7    0    1
 -2        77       316        76
 -1       394    7    0    1
 -2        68       117        67
 -1       395    7    0    1
 -2        44       118        43
 -1       396    7    0    1
 -2       202       256        97
 -1       397    7    0    1
 -2       209       210       111
 -1       398    7    0    1
 -2       134       263       136
 -1       399    7    0    1
 -2       333       341        63
 -1       400    7    0    1
 -2       262       375       350
 -1       401    7    0    1
 -2       186       323       231
 -1       402    7    0    1
 -2       297       323       296
 -1       403    7    0    1
 -2       260       362       107
 -1       404    7    0    1
 -2       320       348       126
 -1       405    7    0    1
 -2        89       200       199
 -1       406    7    0    1
 -2       105       208       207
 -1       407    7    0    1
 -2       259       319       113
 -1       408    7    0    1
 -2       247       324       201
 -1       409    7    0    1
 -2       289       325       237
 -1       410    7    0    1
 -2       264       325       187
 -1       411    7    0    1
 -2       271       331       246
 -1       412    7    0    1
 -2       192       257       234
 -1       413    7    0    1
 -2       280       332       278
 -1       414    7    0    1
 -2       279       332       298
 -1       415    7    0    1
 -2        66       328        65
 -1       416    7    0    1
 -2        57       329        56
 -1       417    7    0    1
 -2        69       319        68
 -1       418    7    0    1
 -2       129       130       128
 -1       419    7    0    1
 -2       195       351       337
 -1       420    7    0    1
 -2       251       371       106
 -1       421    7    0    1
 -2       103       193        13
 -1       422    7    0    1
 -2        97       302        24
 -1       423    7    0    1
 -2        86       303        17
 -1       424    7    0    1
 -2       127       129       128
 -1       425    7    0    1
 -2        64       333        63
 -1       426    7    0    1
 -2        99       203         7
 -1       427    7    0    1
 -2        50       334        49
 -1       428    7    0    1
 -2        72       241        71
 -1       429    7    0    1
 -2       100       119         1
 -1       430    7    0    1
 -2        87       188        19
 -1       431    7    0    1
 -2       111       301        11
 -1       432    7    0    1
 -2       200       240       202
 -1       433    7    0    1
 -2        96       212        15
 -1       434    7    0    1
 -2       208       350       211
 -1       435    7    0    1
 -2       300       322       269
 -1       436    7    0    1
 -2       334       354        49
 -1       437    7    0    1
 -2       205       381       203
 -1       438    7    0    1
 -2       110       315        28
 -1       439    7    0    1
 -2        78       314        90
 -1       440    7    0    1
 -2        35       318       317
 -1       441    7    0    1
 -2        34       317        88
 -1       442    7    0    1
 -2       313       314        79
 -1       443    7    0    1
 -2        92       313        80
 -1       444    7    0    1
 -2        91       318        36
 -1       445    7    0    1
 -2        75       312       104
 -1       446    7    0    1
 -2        76       316       312
 -1       447    7    0    1
 -2        83       311       109
 -1       448    7    0    1
 -2        90       316        77
 -1       449    7    0    1
 -2       190       383       188
 -1       450    7    0    1
 -2       286       340       216
 -1       451    7    0    1
 -2       233       373       239
 -1       452    7    0    1
 -2       280       347       109
 -1       453    7    0    1
 -2       107       362       333
 -1       454    7    0    1
 -2       136       263       139
 -1       455    7    0    1
 -2       317       331        88
 -1       456    7    0    1
 -2        68       319       117
 -1       457    7    0    1
 -2       113       319        69
 -1       458    7    0    1
 -2       329       361       118
 -1       459    7    0    1
 -2       114       241        72
 -1       460    7    0    1
 -2       296       323       186
 -1       461    7    0    1
 -2       179       374       357
 -1       462    7    0    1
 -2        98       338        59
 -1       463    7    0    1
 -2        58       338       112
 -1       464    7    0    1
 -2       124       127       126
 -1       465    7    0    1
 -2       285       353       286
 -1       466    7    0    1
 -2        39       322        38
 -1       467    7    0    1
 -2       250       344       219
 -1       468    7    0    1
 -2       223       258       123
 -1       469    7    0    1
 -2       331       344        88
 -1       470    7    0    1
 -2        94       322        39
 -1       471    7    0    1
 -2       187       325       289
 -1       472    7    0    1
 -2       139       346       140
 -1       473    7    0    1
 -2       143       346       282
 -1       474    7    0    1
 -2       224       341       333
 -1       475    7    0    1
 -2        62       341       102
 -1       476    7    0    1
 -2       128       320       126
 -1       477    7    0    1
 -2       252       361       112
 -1       478    7    0    1
 -2       125       224       223
 -1       479    7    0    1
 -2       244       358       245
 -1       480    7    0    1
 -2       264       372       110
 -1       481    7    0    1
 -2        84       327       311
 -1       482    7    0    1
 -2       315       326        27
 -1       483    7    0    1
 -2       253       355       254
 -1       484    7    0    1
 -2        73       330       114
 -1       485    7    0    1
 -2       104       330        74
 -1       486    7    0    1
 -2       274       331       271
 -1       487    7    0    1
 -2        65       328       107
 -1       488    7    0    1
 -2       112       329        57
 -1       489    7    0    1
 -2        27       326        26
 -1       490    7    0    1
 -2        85       327        84
 -1       491    7    0    1
 -2       218       340       314
 -1       492    7    0    1
 -2       242       364       225
 -1       493    7    0    1
 -2       221       378       239
 -1       494    7    0    1
 -2       228       372       264
 -1       495    7    0    1
 -2       276       387       280
 -1       496    7    0    1
 -2       278       332       279
 -1       497    7    0    1
 -2       179       356       170
 -1       498    7    0    1
 -2        74       330        73
 -1       499    7    0    1
 -2       118       336        43
 -1       500    7    0    1
 -2        42       336       108
 -1       501    7    0    1
 -2       231       354       334
 -1       502    7    0    1
 -2       308       343       248
 -1       503    7    0    1
 -2        32       349        31
 -1       504    7    0    1
 -2        48       354       101
 -1       505    7    0    1
 -2       107       333        64
 -1       506    7    0    1
 -2        95       334        50
 -1       507    7    0    1
 -2       235       324       190
 -1       508    7    0    1
 -2        70       310       113
 -1       509    7    0    1
 -2       110       345       264
 -1       510    7    0    1
 -2       195       337       197
 -1       511    7    0    1
 -2       127       128       126
 -1       512    7    0    1
 -2       106       371        52
 -1       513    7    0    1
 -2        51       371        95
 -1       514    7    0    1
 -2       298       360       297
 -1       515    7    0    1
 -2       258       259       206
 -1       516    7    0    1
 -2       314       340        90
 -1       517    7    0    1
 -2       116       343       308
 -1       518    7    0    1
 -2        37       342        91
 -1       519    7    0    1
 -2        56       366         3
 -1       520    7    0    1
 -2         5       367        66
 -1       521    7    0    1
 -2        33       363        32
 -1       522    7    0    1
 -2        67       367         5
 -1       523    7    0    1
 -2         3       366        44
 -1       524    7    0    1
 -2       356       357       222
 -1       525    7    0    1
 -2        43       336        42
 -1       526    7    0    1
 -2        59       338        58
 -1       527    7    0    1
 -2         2       370        55
 -1       528    7    0    1
 -2        45       369         4
 -1       529    7    0    1
 -2       227       339       306
 -1       530    7    0    1
 -2       241       310        71
 -1       531    7    0    1
 -2       306       339       255
 -1       532    7    0    1
 -2        26       370         2
 -1       533    7    0    1
 -2         4       369        85
 -1       534    7    0    1
 -2       238       365       204
 -1       535    7    0    1
 -2        93       345        30
 -1       536    7    0    1
 -2        29       345       110
 -1       537    7    0    1
 -2       258       260       259
 -1       538    7    0    1
 -2       216       340       218
 -1       539    7    0    1
 -2       274       344       331
 -1       540    7    0    1
 -2        81       347        92
 -1       541    7    0    1
 -2       109       347        82
 -1       542    7    0    1
 -2       285       388       353
 -1       543    7    0    1
 -2       312       335       104
 -1       544    7    0    1
 -2       310       321       211
 -1       545    7    0    1
 -2       322       342        38
 -1       546    7    0    1
 -2       105       381       350
 -1       547    7    0    1
 -2       170       373       284
 -1       548    7    0    1
 -2       262       350       205
 -1       549    7    0    1
 -2        63       341        62
 -1       550    7    0    1
 -2        71       310        70
 -1       551    7    0    1
 -2       256       352       302
 -1       552    7    0    1
 -2       210       351       301
 -1       553    7    0    1
 -2        38       342        37
 -1       554    7    0    1
 -2       110       372       315
 -1       555    7    0    1
 -2       248       343       230
 -1       556    7    0    1
 -2       192       220       190
 -1       557    7    0    1
 -2       258       365       123
 -1       558    7    0    1
 -2       300       342       322
 -1       559    7    0    1
 -2       282       374       179
 -1       560    7    0    1
 -2       206       365       258
 -1       561    7    0    1
 -2       286       353       340
 -1       562    7    0    1
 -2       304       357       257
 -1       563    7    0    1
 -2       250       363       344
 -1       564    7    0    1
 -2       127       368       129
 -1       565    7    0    1
 -2       351       359       337
 -1       566    7    0    1
 -2       346       374       282
 -1       567    7    0    1
 -2       219       344       274
 -1       568    7    0    1
 -2       259       262       206
 -1       569    7    0    1
 -2       140       346       143
 -1       570    7    0    1
 -2       220       235       190
 -1       571    7    0    1
 -2       258       362       260
 -1       572    7    0    1
 -2        30       345        29
 -1       573    7    0    1
 -2       104       389       330
 -1       574    7    0    1
 -2       241       321       310
 -1       575    7    0    1
 -2        99       382       238
 -1       576    7    0    1
 -2       103       384       195
 -1       577    7    0    1
 -2       350       381       205
 -1       578    7    0    1
 -2       100       380       121
 -1       579    7    0    1
 -2        87       379       191
 -1       580    7    0    1
 -2       341       348       102
 -1       581    7    0    1
 -2       312       388       335
 -1       582    7    0    1
 -2        82       347        81
 -1       583    7    0    1
 -2       245       358       300
 -1       584    7    0    1
 -2       266       355       253
 -1       585    7    0    1
 -2        49       354        48
 -1       586    7    0    1
 -2       232       233       198
 -1       587    7    0    1
 -2       113       375       262
 -1       588    7    0    1
 -2       102       348       320
 -1       589    7    0    1
 -2       239       356       222
 -1       590    7    0    1
 -2       254       361       252
 -1       591    7    0    1
 -2       114       359       241
 -1       592    7    0    1
 -2       342       358        91
 -1       593    7    0    1
 -2       330       389       232
 -1       594    7    0    1
 -2       329       366        56
 -1       595    7    0    1
 -2        66       367       328
 -1       596    7    0    1
 -2        31       349        93
 -1       597    7    0    1
 -2       257       374       234
 -1       598    7    0    1
 -2       225       364       261
 -1       599    7    0    1
 -2       309       360       115
 -1       600    7    0    1
 -2       256       368       127
 -1       601    7    0    1
 -2       301       351       195
 -1       602    7    0    1
 -2       302       352       121
 -1       603    7    0    1
 -2       230       372       228
 -1       604    7    0    1
 -2        55       370       116
 -1       605    7    0    1
 -2       115       369        45
 -1       606    7    0    1
 -2        52       371        51
 -1       607    7    0    1
 -2        12       384       103
 -1       608    7    0    1
 -2        20       383       247
 -1       609    7    0    1
 -2        16       385        86
 -1       610    7    0    1
 -2        18       379        87
 -1       611    7    0    1
 -2         6       382        99
 -1       612    7    0    1
 -2         8       381       105
 -1       613    7    0    1
 -2        14       376        96
 -1       614    7    0    1
 -2        25       380       100
 -1       615    7    0    1
 -2        90       353       316
 -1       616    7    0    1
 -2       340       353        90
 -1       617    7    0    1
 -2       236       387       276
 -1       618    7    0    1
 -2       196       377       193
 -1       619    7    0    1
 -2       124       126       125
 -1       620    7    0    1
 -2       222       386       212
 -1       621    7    0    1
 -2       112       361       329
 -1       622    7    0    1
 -2       337       359       114
 -1       623    7    0    1
 -2        88       363        33
 -1       624    7    0    1
 -2       223       362       258
 -1       625    7    0    1
 -2        44       366       118
 -1       626    7    0    1
 -2       117       367        67
 -1       627    7    0    1
 -2       353       388       316
 -1       628    7    0    1
 -2       103       194       193
 -1       629    7    0    1
 -2       240       368       202
 -1       630    7    0    1
 -2        86       304       303
 -1       631    7    0    1
 -2       100       120       119
 -1       632    7    0    1
 -2        87       189       188
 -1       633    7    0    1
 -2        99       204       203
 -1       634    7    0    1
 -2        96       221       212
 -1       635    7    0    1
 -2       310       375       113
 -1       636    7    0    1
 -2       328       367       117
 -1       637    7    0    1
 -2       118       366       329
 -1       638    7    0    1
 -2        99       238       204
 -1       639    7    0    1
 -2       103       195       194
 -1       640    7    0    1
 -2       100       121       120
 -1       641    7    0    1
 -2        87       191       189
 -1       642    7    0    1
 -2       200       202       199
 -1       643    7    0    1
 -2       208       209       207
 -1       644    7    0    1
 -2        89       201       200
 -1       645    7    0    1
 -2       211       375       310
 -1       646    7    0    1
 -2       224       348       341
 -1       647    7    0    1
 -2       209       321       210
 -1       648    7    0    1
 -2       344       363        88
 -1       649    7    0    1
 -2       300       358       342
 -1       650    7    0    1
 -2       234       374       346
 -1       651    7    0    1
 -2       204       365       206
 -1       652    7    0    1
 -2       192       234       220
 -1       653    7    0    1
 -2       122       123       120
 -1       654    7    0    1
 -2       316       388       312
 -1       655    7    0    1
 -2       326       370        26
 -1       656    7    0    1
 -2        85       369       327
 -1       657    7    0    1
 -2       327       369       115
 -1       658    7    0    1
 -2       116       370       326
 -1       659    7    0    1
 -2       196       378       377
 -1       660    7    0    1
 -2       335       389       104
 -1       661    7    0    1
 -2       233       389       335
 -1       662    7    0    1
 -2       105       350       208
 -1       663    7    0    1
 -2       221       222       212
 -1       664    7    0    1
 -2       189       190       188
 -1       665    7    0    1
 -2       204       205       203
 -1       666    7    0    1
 -2       194       196       193
 -1       667    7    0    1
 -2       197       232       198
 -1       668    7    0    1
 -2       121       352       124
 -1       669    7    0    1
 -2       191       257       192
 -1       670    7    0    1
 -2       121       124       122
 -1       671    7    0    1
 -2       321       359       210
 -1       672    7    0    1
 -2       124       125       122
 -1       673    7    0    1
 -2       210       359       351
 -1       674    7    0    1
 -2       197       198       196
 -1       675    7    0    1
 -2       206       262       205
 -1       676    7    0    1
 -2       239       378       198
 -1       677    7    0    1
 -2       211       321       209
 -1       678    7    0    1
 -2       123       365       238
 -1       679    7    0    1
 -2       232       389       233
 -1       680    7    0    1
 -2       191       192       189
 -1       681    7    0    1
 -2       121       122       120
 -1       682    7    0    1
 -2       198       378       196
 -1       683    7    0    1
 -2       208       211       209
 -1       684    7    0    1
 -2       201       240       200
 -1       685    7    0    1
 -2       376       377        96
 -1       686    7    0    1
 -2       385       386        86
 -1       687    7    0    1
 -2       194       197       196
 -1       688    7    0    1
 -2       204       206       205
 -1       689    7    0    1
 -2        96       377       221
 -1       690    7    0    1
 -2        86       386       304
 -1       691    7    0    1
 -2       377       378       221
 -1       692    7    0    1
 -2       179       357       356
 -1       693    7    0    1
 -2       241       359       321
 -3
    1PSTEP                         1           1           1          
  100CL  101 1.000000000         389                     0    1           1
 -4  DISP        4    1
 -5  D1          1    2    1    0
 -5  D2          1    2    2    0
 -5  D3          1    2    3    0
 -5  ALL         1    2    0    0    1ALL
 -1         1 5.54462E-04-3.89259E-05 0.00000E+00
 -1         2 0.00000E+00 0.00000E+00 0.00000E+00
 -1         3 5.81922E-04 2.62825E-05 0.00000E+00
 -1         4 0.00000E+00 0.00000E+00 0.00000E+00
 -1         5 6.28729E-04-6.68261E-05 0.00000E+00
 -1         6 5.50351E-04-4.80815E-05 0.00000E+00
 -1         7 5.37788E-04-5.70910E-05 0.00000E+00
 -1         8 5.17525E-04-6.54590E-05 0.00000E+00
 -1         9 4.92355E-04-7.06103E-05 0.00000E+00
 -1        10 4.64045E-04-7.27510E-05 0.00000E+00
 -1        11 4.36429E-04-7.16451E-05 0.00000E+00
 -1        12 4.08313E-04-6.42248E-05 0.00000E+00
 -1        13 3.85530E-04-5.66015E-05 0.00000E+00
 -1        14 3.67681E-04-4.79489E-05 0.00000E+00
 -1        15 3.58221E-04-3.81913E-05 0.00000E+00
 -1        16 3.59419E-04-2.90779E-05 0.00000E+00
 -1        17 3.68080E-04-2.05477E-05 0.00000E+00
 -1        18 3.84229E-04-1.30189E-05 0.00000E+00
 -1        19 4.07300E-04-6.69685E-06 0.00000E+00
 -1        20 4.32091E-04-4.08232E-06 0.00000E+00
 -1        21 4.59704E-04-4.54384E-06 0.00000E+00
 -1        22 4.87915E-04-7.49847E-06 0.00000E+00
 -1        23 5.13503E-04-1.34526E-05 0.00000E+00
 -1        24 5.34045E-04-2.15229E-05 0.00000E+00
 -1        25 5.48402E-04-2.98542E-05 0.00000E+00
 -1        26 3.74861E-05 2.30117E-05 0.00000E+00
 -1        27 6.73315E-05 3.49261E-05 0.00000E+00
 -1        28 9.56519E-05 4.26872E-05 0.00000E+00
 -1        29 1.23388E-04 4.78562E-05 0.00000E+00
 -1        30 1.51215E-04 5.10612E-05 0.00000E+00
 -1        31 1.79561E-04 5.30751E-05 0.00000E+00
 -1        32 2.08226E-04 5.42873E-05 0.00000E+00
 -1        33 2.37173E-04 5.50808E-05 0.00000E+00
 -1        34 2.66405E-04 5.57099E-05 0.00000E+00
 -1        35 2.95726E-04 5.62497E-05 0.00000E+00
 -1        36 3.24917E-04 5.66744E-05 0.00000E+00
 -1        37 3.53789E-04 5.68334E-05 0.00000E+00
 -1        38 3.82124E-04 5.64751E-05 0.00000E+00
 -1        39 4.10045E-04 5.50720E-05 0.00000E+00
 -1        40 4.37800E-04 5.23995E-05 0.00000E+00
 -1        41 4.65770E-04 4.84794E-05 0.00000E+00
 -1        42 4.93948E-04 4.34767E-05 0.00000E+00
 -1        43 5.22741E-04 3.78142E-05 0.00000E+00
 -1        44 5.52139E-04 3.19482E-05 0.00000E+00
 -1        45 0.00000E+00 0.00000E+00 0.00000E+00
 -1        46 0.00000E+00 0.00000E+00 0.00000E+00
 -1        47 0.00000E+00 0.00000E+00 0.00000E+00
 -1        48 0.00000E+00 0.00000E+00 0.00000E+00
 -1        49 0.00000E+00 0.00000E+00 0.00000E+00
 -1        50 0.00000E+00 0.00000E+00 0.00000E+00
 -1        51 0.00000E+00 0.00000E+00 0.00000E+00
 -1        52 0.00000E+00 0.00000E+00 0.00000E+00
 -1        53 0.00000E+00 0.00000E+00 0.00000E+00
 -1        54 0.00000E+00 0.00000E+00 0.00000E+00
 -1        55 0.00000E+00 0.00000E+00 0.00000E+00
 -1        56 5.87452E-04 1.70265E-05 0.00000E+00
 -1        57 5.92770E-04 7.34354E-06 0.00000E+00
 -1        58 5.98420E-04-2.95575E-06 0.00000E+00
 -1        59 6.05056E-04-1.38750E-05 0.00000E+00
 -1        60 6.13588E-04-2.46377E-05 0.00000E+00
 -1        61 6.23490E-04-3.43419E-05 0.00000E+00
 -1        62 6.33710E-04-4.14131E-05 0.00000E+00
 -1        63 6.41360E-04-4.51510E-05 0.00000E+00
 -1        64 6.43517E-04-4.75516E-05 0.00000E+00
 -1        65 6.40183E-04-5.12772E-05 0.00000E+00
 -1        66 6.34023E-04-5.79257E-05 0.00000E+00
 -1        67 5.98631E-04-7.05919E-05 0.00000E+00
 -1        68 5.66603E-04-7.37588E-05 0.00000E+00
 -1        69 5.32515E-04-7.97191E-05 0.00000E+00
 -1        70 4.98867E-04-8.79619E-05 0.00000E+00
 -1        71 4.69616E-04-9.30709E-05 0.00000E+00
 -1        72 4.41879E-04-8.77236E-05 0.00000E+00
 -1        73 4.09186E-04-7.53986E-05 0.00000E+00
 -1        74 3.72821E-04-6.44718E-05 0.00000E+00
 -1        75 3.36767E-04-5.80923E-05 0.00000E+00
 -1        76 3.02468E-04-5.54079E-05 0.00000E+00
 -1        77 2.69951E-04-5.43431E-05 0.00000E+00
 -1        78 2.38943E-04-5.38977E-05 0.00000E+00
 -1        79 2.09026E-04-5.34674E-05 0.00000E+00
 -1        80 1.79861E-04-5.25331E-05 0.00000E+00
 -1        81 1.51346E-04-5.08391E-05 0.00000E+00
 -1        82 1.23435E-04-4.78091E-05 0.00000E+00
 -1        83 9.55783E-05-4.28403E-05 0.00000E+00
 -1        84 6.74349E-05-3.49731E-05 0.00000E+00
 -1        85 3.74825E-05-2.30060E-05 0.00000E+00
 -1        86 3.62916E-04-2.83306E-05 0.00000E+00
 -1        87 4.01379E-04-1.21158E-05 0.00000E+00
 -1        88 2.51720E-04 4.78971E-05 0.00000E+00
 -1        89 4.70178E-04-2.54924E-06 0.00000E+00
 -1        90 2.53192E-04-4.63698E-05 0.00000E+00
 -1        91 3.39612E-04 4.92020E-05 0.00000E+00
 -1        92 1.58564E-04-4.47805E-05 0.00000E+00
 -1        93 1.61192E-04 4.39885E-05 0.00000E+00
 -1        94 4.25950E-04 4.62623E-05 0.00000E+00
 -1        95 2.03847E-05 1.07368E-06 0.00000E+00
 -1        96 3.61771E-04-3.78612E-05 0.00000E+00
 -1        97 5.14099E-04-2.09250E-05 0.00000E+00
 -1        98 5.82272E-04-1.16258E-05 0.00000E+00
 -1        99 5.43704E-04-4.75457E-05 0.00000E+00
 -1       100 5.53460E-04-3.77109E-05 0.00000E+00
 -1       101 2.33042E-05-4.96466E-06 0.00000E+00
 -1       102 6.04093E-04-3.24687E-05 0.00000E+00
 -1       103 4.03999E-04-5.74268E-05 0.00000E+00
 -1       104 3.47571E-04-5.17764E-05 0.00000E+00
 -1       105 4.96051E-04-6.89908E-05 0.00000E+00
 -1       106 2.52368E-05 5.18157E-06 0.00000E+00
 -1       107 6.16990E-04-5.04837E-05 0.00000E+00
 -1       108 4.83576E-04 3.94626E-05 0.00000E+00
 -1       109 1.09455E-04-3.93860E-05 0.00000E+00
 -1       110 1.08232E-04 3.94452E-05 0.00000E+00
 -1       111 4.55961E-04-7.74029E-05 0.00000E+00
 -1       112 5.66068E-04 7.30883E-06 0.00000E+00
 -1       113 5.19744E-04-7.37405E-05 0.00000E+00
 -1       114 4.23644E-04-7.55003E-05 0.00000E+00
 -1       115 2.14177E-05-8.87169E-06 0.00000E+00
 -1       116 2.28148E-05 9.67266E-06 0.00000E+00
 -1       117 5.87487E-04-6.38261E-05 0.00000E+00
 -1       118 5.40882E-04 2.68291E-05 0.00000E+00
 -1       119 5.55538E-04-4.10984E-05 0.00000E+00
 -1       120 5.58640E-04-4.04526E-05 0.00000E+00
 -1       121 5.49666E-04-3.68833E-05 0.00000E+00
 -1       122 5.64494E-04-4.01082E-05 0.00000E+00
 -1       123 5.65184E-04-4.35642E-05 0.00000E+00
 -1       124 5.46558E-04-3.37252E-05 0.00000E+00
 -1       125 5.74629E-04-3.77396E-05 0.00000E+00
 -1       126 5.56356E-04-2.91280E-05 0.00000E+00
 -1       127 5.23813E-04-2.05882E-05 0.00000E+00
 -1       128 5.34973E-04-1.63512E-05 0.00000E+00
 -1       129 4.96991E-04-5.48332E-06 0.00000E+00
 -1       130 5.15325E-04-2.68783E-06 0.00000E+00
 -1       131 4.80621E-04 6.99691E-06 0.00000E+00
 -1       132 4.99341E-04 9.24510E-06 0.00000E+00
 -1       133 4.66856E-04 1.70620E-05 0.00000E+00
 -1       134 4.47952E-04 1.43836E-05 0.00000E+00
 -1       135 4.35161E-04 2.25654E-05 0.00000E+00
 -1       136 4.15350E-04 1.73106E-05 0.00000E+00
 -1       137 4.03416E-04 2.55640E-05 0.00000E+00
 -1       138 3.82650E-04 1.79180E-05 0.00000E+00
 -1       139 3.93766E-04 7.07841E-06 0.00000E+00
 -1       140 3.59959E-04 8.58516E-06 0.00000E+00
 -1       141 3.49998E-04 1.88032E-05 0.00000E+00
 -1       142 3.27050E-04 1.00299E-05 0.00000E+00
 -1       143 3.34149E-04-7.07164E-07 0.00000E+00
 -1       144 3.03033E-04 1.88352E-06 0.00000E+00
 -1       145 3.09556E-04-8.68569E-06 0.00000E+00
 -1       146 2.79592E-04-5.15445E-06 0.00000E+00
 -1       147 2.71980E-04 4.74961E-06 0.00000E+00
 -1       148 2.49370E-04-2.06540E-06 0.00000E+00
 -1       149 2.41124E-04 7.39718E-06 0.00000E+00
 -1       150 2.18946E-04 6.49158E-07 0.00000E+00
 -1       151 2.10382E-04 9.72652E-06 0.00000E+00
 -1       152 1.88407E-04 3.00672E-06 0.00000E+00
 -1       153 1.97476E-04-5.68436E-06 0.00000E+00
 -1       154 1.67006E-04-3.27191E-06 0.00000E+00
 -1       155 1.57875E-04 4.95407E-06 0.00000E+00
 -1       156 2.86615E-04-1.46120E-05 0.00000E+00
 -1       157 1.36562E-04-1.13125E-06 0.00000E+00
 -1       158 1.46203E-04-9.01892E-06 0.00000E+00
 -1       159 1.27514E-04 6.33621E-06 0.00000E+00
 -1       160 3.17841E-04 2.03387E-05 0.00000E+00
 -1       161 3.14522E-04-1.86672E-05 0.00000E+00
 -1       162 1.15824E-04-6.38920E-06 0.00000E+00
 -1       163 1.49228E-04 1.29574E-05 0.00000E+00
 -1       164 1.18954E-04 1.34176E-05 0.00000E+00
 -1       165 2.94360E-04-2.29702E-05 0.00000E+00
 -1       166 1.25900E-04-1.40805E-05 0.00000E+00
 -1       167 1.56561E-04-1.73117E-05 0.00000E+00
 -1       168 2.66287E-04-1.98291E-05 0.00000E+00
 -1       169 2.32742E-04 1.68237E-05 0.00000E+00
 -1       170 3.20617E-04-2.62040E-05 0.00000E+00
 -1       171 9.55539E-05-1.05514E-05 0.00000E+00
 -1       172 9.69766E-05 6.83585E-06 0.00000E+00
 -1       173 1.41052E-04 2.07492E-05 0.00000E+00
 -1       174 1.10871E-04 2.01873E-05 0.00000E+00
 -1       175 1.06005E-04-1.82233E-05 0.00000E+00
 -1       176 2.76800E-04-2.77050E-05 0.00000E+00
 -1       177 2.47498E-04-2.52119E-05 0.00000E+00
 -1       178 4.53895E-04 2.64600E-05 0.00000E+00
 -1       179 3.38538E-04-2.18806E-05 0.00000E+00
 -1       180 3.39725E-04 2.84900E-05 0.00000E+00
 -1       181 3.08321E-04 3.00832E-05 0.00000E+00
 -1       182 2.01999E-04 1.87254E-05 0.00000E+00
 -1       183 2.24401E-04 2.60557E-05 0.00000E+00
 -1       184 1.93893E-04 2.75564E-05 0.00000E+00
 -1       185 8.59767E-05-3.97190E-06 0.00000E+00
 -1       186 6.62539E-05-7.03429E-06 0.00000E+00
 -1       187 1.33377E-04 2.82901E-05 0.00000E+00
 -1       188 4.17081E-04-6.63054E-06 0.00000E+00
 -1       189 4.06750E-04-9.56253E-06 0.00000E+00
 -1       190 4.25000E-04-1.63279E-06 0.00000E+00
 -1       191 3.87453E-04-1.86851E-05 0.00000E+00
 -1       192 4.00515E-04-9.59232E-06 0.00000E+00
 -1       193 3.84162E-04-4.64075E-05 0.00000E+00
 -1       194 3.94785E-04-5.08335E-05 0.00000E+00
 -1       195 4.16269E-04-6.18819E-05 0.00000E+00
 -1       196 3.76722E-04-4.21170E-05 0.00000E+00
 -1       197 3.89634E-04-4.96451E-05 0.00000E+00
 -1       198 3.63463E-04-3.91788E-05 0.00000E+00
 -1       199 4.92587E-04-1.06641E-05 0.00000E+00
 -1       200 4.78488E-04-5.29062E-06 0.00000E+00
 -1       201 4.61142E-04 8.73629E-07 0.00000E+00
 -1       202 4.96348E-04-1.36711E-05 0.00000E+00
 -1       203 5.29894E-04-5.27691E-05 0.00000E+00
 -1       204 5.40909E-04-4.83849E-05 0.00000E+00
 -1       205 5.23684E-04-5.56711E-05 0.00000E+00
 -1       206 5.43842E-04-5.19242E-05 0.00000E+00
 -1       207 4.76071E-04-7.55097E-05 0.00000E+00
 -1       208 4.84518E-04-7.39647E-05 0.00000E+00
 -1       209 4.69133E-04-7.90350E-05 0.00000E+00
 -1       210 4.51362E-04-7.83858E-05 0.00000E+00
 -1       211 4.83657E-04-7.77084E-05 0.00000E+00
 -1       212 3.55536E-04-3.34553E-05 0.00000E+00
 -1       213 2.55164E-04 2.42180E-05 0.00000E+00
 -1       214 2.37061E-04-1.69784E-05 0.00000E+00
 -1       215 2.17568E-04-2.27638E-05 0.00000E+00
 -1       216 2.28463E-04-3.09768E-05 0.00000E+00
 -1       217 1.98335E-04-2.87213E-05 0.00000E+00
 -1       218 2.10007E-04-3.74818E-05 0.00000E+00
 -1       219 2.16030E-04 3.47487E-05 0.00000E+00
 -1       220 4.13558E-04 1.44883E-06 0.00000E+00
 -1       221 3.56311E-04-3.37017E-05 0.00000E+00
 -1       222 3.50491E-04-3.07655E-05 0.00000E+00
 -1       223 5.85111E-04-4.32471E-05 0.00000E+00
 -1       224 5.97938E-04-3.99245E-05 0.00000E+00
 -1       225 5.31539E-04 2.32423E-07 0.00000E+00
 -1       226 5.17137E-04 1.16525E-05 0.00000E+00
 -1       227 5.62296E-05-2.21213E-06 0.00000E+00
 -1       228 1.03015E-04 2.63244E-05 0.00000E+00
 -1       229 8.09338E-05 1.79661E-05 0.00000E+00
 -1       230 7.36609E-05 2.31659E-05 0.00000E+00
 -1       231 4.04411E-05-4.00136E-06 0.00000E+00
 -1       232 3.73862E-04-4.72342E-05 0.00000E+00
 -1       233 3.41940E-04-3.75700E-05 0.00000E+00
 -1       234 3.86202E-04-5.36483E-06 0.00000E+00
 -1       235 4.44013E-04 5.13757E-06 0.00000E+00
 -1       236 1.79877E-04-3.45912E-05 0.00000E+00
 -1       237 1.83728E-04 3.75725E-05 0.00000E+00
 -1       238 5.54366E-04-4.33972E-05 0.00000E+00
 -1       239 3.47278E-04-3.22345E-05 0.00000E+00
 -1       240 4.74657E-04-1.79852E-06 0.00000E+00
 -1       241 4.54502E-04-8.64138E-05 0.00000E+00
 -1       242 5.51074E-04 2.02952E-06 0.00000E+00
 -1       243 4.61041E-04 6.66965E-06 0.00000E+00
 -1       244 3.30433E-04 3.95842E-05 0.00000E+00
 -1       245 3.60604E-04 3.62096E-05 0.00000E+00
 -1       246 2.97277E-04 3.95945E-05 0.00000E+00
 -1       247 4.51273E-04 5.93525E-07 0.00000E+00
 -1       248 5.16013E-05 1.37237E-05 0.00000E+00
 -1       249 5.75937E-05 1.00974E-05 0.00000E+00
 -1       250 2.08414E-04 4.37226E-05 0.00000E+00
 -1       251 3.85999E-05 4.22372E-06 0.00000E+00
 -1       252 5.34962E-04 1.39946E-05 0.00000E+00
 -1       253 5.03259E-04 2.21484E-05 0.00000E+00
 -1       254 5.21007E-04 2.49349E-05 0.00000E+00
 -1       255 6.70558E-05 6.13720E-06 0.00000E+00
 -1       256 5.19929E-04-2.50160E-05 0.00000E+00
 -1       257 3.76569E-04-1.84905E-05 0.00000E+00
 -1       258 5.69167E-04-4.81472E-05 0.00000E+00
 -1       259 5.49651E-04-5.85305E-05 0.00000E+00
 -1       260 5.84056E-04-5.46436E-05 0.00000E+00
 -1       261 5.49976E-04-1.26100E-05 0.00000E+00
 -1       262 5.21246E-04-6.30648E-05 0.00000E+00
 -1       263 4.27552E-04 1.00124E-05 0.00000E+00
 -1       264 1.27128E-04 3.59802E-05 0.00000E+00
 -1       265 4.85283E-04 1.97401E-05 0.00000E+00
 -1       266 4.71461E-04 2.96665E-05 0.00000E+00
 -1       267 4.40995E-04 3.59052E-05 0.00000E+00
 -1       268 4.22806E-04 3.12549E-05 0.00000E+00
 -1       269 4.09946E-04 4.03330E-05 0.00000E+00
 -1       270 3.71522E-04 2.71273E-05 0.00000E+00
 -1       271 2.77301E-04 3.17770E-05 0.00000E+00
 -1       272 2.95056E-04 1.22630E-05 0.00000E+00
 -1       273 2.86262E-04 2.22426E-05 0.00000E+00
 -1       274 2.46249E-04 3.30189E-05 0.00000E+00
 -1       275 1.67761E-04-2.59033E-05 0.00000E+00
 -1       276 1.48814E-04-3.09016E-05 0.00000E+00
 -1       277 1.36882E-04-2.23814E-05 0.00000E+00
 -1       278 1.17564E-04-2.67033E-05 0.00000E+00
 -1       279 8.66023E-05-2.10254E-05 0.00000E+00
 -1       280 1.32749E-04-3.66008E-05 0.00000E+00
 -1       281 2.07109E-04-1.43070E-05 0.00000E+00
 -1       282 3.37020E-04-1.15858E-05 0.00000E+00
 -1       283 2.27732E-04-8.32694E-06 0.00000E+00
 -1       284 3.10398E-04-3.11641E-05 0.00000E+00
 -1       285 2.88895E-04-3.52883E-05 0.00000E+00
 -1       286 2.57606E-04-3.28503E-05 0.00000E+00
 -1       287 2.63718E-04 1.46153E-05 0.00000E+00
 -1       288 2.57536E-04-1.12589E-05 0.00000E+00
 -1       289 1.63070E-04 2.85396E-05 0.00000E+00
 -1       290 1.71345E-04 2.01399E-05 0.00000E+00
 -1       291 1.87196E-04-2.01753E-05 0.00000E+00
 -1       292 1.06338E-04 5.62103E-07 0.00000E+00
 -1       293 1.76733E-04-1.16740E-05 0.00000E+00
 -1       294 1.79720E-04 1.16388E-05 0.00000E+00
 -1       295 8.84034E-05 1.25760E-05 0.00000E+00
 -1       296 7.60238E-05-1.32996E-05 0.00000E+00
 -1       297 5.18460E-05-1.33275E-05 0.00000E+00
 -1       298 6.60901E-05-2.26572E-05 0.00000E+00
 -1       299 3.91746E-04 3.43161E-05 0.00000E+00
 -1       300 3.80735E-04 4.25912E-05 0.00000E+00
 -1       301 4.36122E-04-7.18618E-05 0.00000E+00
 -1       302 5.34732E-04-3.07874E-05 0.00000E+00
 -1       303 3.74986E-04-2.34301E-05 0.00000E+00
 -1       304 3.69362E-04-2.57208E-05 0.00000E+00
 -1       305 4.59290E-04 4.08801E-05 0.00000E+00
 -1       306 7.68620E-05 1.47268E-06 0.00000E+00
 -1       307 5.85830E-04-2.11275E-05 0.00000E+00
 -1       308 2.38649E-05 7.40513E-06 0.00000E+00
 -1       309 2.37304E-05-7.47484E-06 0.00000E+00
 -1       310 4.85182E-04-8.46712E-05 0.00000E+00
 -1       311 7.67985E-05-3.23605E-05 0.00000E+00
 -1       312 3.15705E-04-4.84589E-05 0.00000E+00
 -1       313 1.88967E-04-4.40017E-05 0.00000E+00
 -1       314 2.23175E-04-4.56962E-05 0.00000E+00
 -1       315 7.52057E-05 3.06740E-05 0.00000E+00
 -1       316 2.84048E-04-4.74406E-05 0.00000E+00
 -1       317 2.80626E-04 4.82970E-05 0.00000E+00
 -1       318 3.10177E-04 4.88254E-05 0.00000E+00
 -1       319 5.56485E-04-6.64181E-05 0.00000E+00
 -1       320 5.70225E-04-2.50389E-05 0.00000E+00
 -1       321 4.64621E-04-8.25480E-05 0.00000E+00
 -1       322 3.96198E-04 4.88562E-05 0.00000E+00
 -1       323 4.67710E-05-7.80961E-06 0.00000E+00
 -1       324 4.43728E-04 2.23746E-06 0.00000E+00
 -1       325 1.53619E-04 3.50529E-05 0.00000E+00
 -1       326 4.51313E-05 2.21834E-05 0.00000E+00
 -1       327 4.62702E-05-2.17874E-05 0.00000E+00
 -1       328 6.12526E-04-5.70889E-05 0.00000E+00
 -1       329 5.65429E-04 1.66201E-05 0.00000E+00
 -1       330 3.84632E-04-5.91660E-05 0.00000E+00
 -1       331 2.66388E-04 4.02140E-05 0.00000E+00
 -1       332 9.88683E-05-2.97929E-05 0.00000E+00
 -1       333 6.15620E-04-4.47893E-05 0.00000E+00
 -1       334 2.34170E-05-9.00958E-07 0.00000E+00
 -1       335 3.21412E-04-4.08027E-05 0.00000E+00
 -1       336 5.08708E-04 3.40767E-05 0.00000E+00
 -1       337 4.12080E-04-6.35005E-05 0.00000E+00
 -1       338 5.79545E-04-3.63241E-06 0.00000E+00
 -1       339 4.66168E-05 1.46489E-06 0.00000E+00
 -1       340 2.38875E-04-3.88149E-05 0.00000E+00
 -1       341 6.15508E-04-3.95773E-05 0.00000E+00
 -1       342 3.67998E-04 4.98397E-05 0.00000E+00
 -1       343 4.78432E-05 1.77563E-05 0.00000E+00
 -1       344 2.36127E-04 4.14267E-05 0.00000E+00
 -1       345 1.34188E-04 4.39969E-05 0.00000E+00
 -1       346 3.63088E-04-2.44654E-06 0.00000E+00
 -1       347 1.35099E-04-4.41855E-05 0.00000E+00
 -1       348 5.86897E-04-3.42537E-05 0.00000E+00
 -1       349 1.87967E-04 4.68197E-05 0.00000E+00
 -1       350 5.02330E-04-6.61786E-05 0.00000E+00
 -1       351 4.32157E-04-7.11655E-05 0.00000E+00
 -1       352 5.38326E-04-3.18107E-05 0.00000E+00
 -1       353 2.69872E-04-4.01722E-05 0.00000E+00
 -1       354 1.88989E-05-2.28929E-06 0.00000E+00
 -1       355 4.90116E-04 3.14609E-05 0.00000E+00
 -1       356 3.38904E-04-2.85186E-05 0.00000E+00
 -1       357 3.55738E-04-2.62853E-05 0.00000E+00
 -1       358 3.55858E-04 4.36266E-05 0.00000E+00
 -1       359 4.40297E-04-7.77998E-05 0.00000E+00
 -1       360 4.13022E-05-1.49210E-05 0.00000E+00
 -1       361 5.45524E-04 1.78110E-05 0.00000E+00
 -1       362 5.95468E-04-4.84637E-05 0.00000E+00
 -1       363 2.28305E-04 4.85628E-05 0.00000E+00
 -1       364 5.59101E-04-8.48760E-06 0.00000E+00
 -1       365 5.55637E-04-4.63358E-05 0.00000E+00
 -1       366 5.64245E-04 2.37577E-05 0.00000E+00
 -1       367 6.10479E-04-6.32809E-05 0.00000E+00
 -1       368 5.00972E-04-1.35080E-05 0.00000E+00
 -1       369 1.99203E-05-1.05246E-05 0.00000E+00
 -1       370 2.16816E-05 1.14718E-05 0.00000E+00
 -1       371 1.60323E-05 2.04426E-06 0.00000E+00
 -1       372 9.64173E-05 3.11615E-05 0.00000E+00
 -1       373 3.31063E-04-3.16843E-05 0.00000E+00
 -1       374 3.60364E-04-1.53822E-05 0.00000E+00
 -1       375 4.99904E-04-7.54381E-05 0.00000E+00
 -1       376 3.72679E-04-4.36237E-05 0.00000E+00
 -1       377 3.67705E-04-3.83081E-05 0.00000E+00
 -1       378 3.62133E-04-3.61873E-05 0.00000E+00
 -1       379 3.86300E-04-1.80537E-05 0.00000E+00
 -1       380 5.45703E-04-3.35877E-05 0.00000E+00
 -1       381 5.14357E-04-6.06904E-05 0.00000E+00
 -1       382 5.52208E-04-4.39255E-05 0.00000E+00
 -1       383 4.32359E-04-1.34342E-06 0.00000E+00
 -1       384 4.19503E-04-6.51834E-05 0.00000E+00
 -1       385 3.57184E-04-3.17422E-05 0.00000E+00
 -1       386 3.57229E-04-3.05072E-05 0.00000E+00
 -1       387 1.61766E-04-3.80187E-05 0.00000E+00
 -1       388 2.95956E-04-4.21139E-05 0.00000E+00
 -1       389 3.53564E-04-4.65024E-05 0.00000E+00
 -3
    1PSTEP                         2           1           1          
  100CL  101 1.000000000         389                     0    1           1
 -4  STRESS      6    1
 -5  SXX         1    4    1    1
 -5  SYY         1    4    2    2
 -5  SZZ         1    4    3    3
 -5  SXY         1    4    1    2
 -5  SYZ         1    4    2    3
 -5  SZX         1    4    3    1
 -1         1-4.36319E-03-5.46925E-01-9.81608E-02-7.34793E-05 7.11237E-17-1.52656E-16
 -1         2 9.89744E-01 2.03914E-01 1.25904E-02 1.65906E-01-6.93889E-18 6.93889E-18
 -1         3 8.14931E-01-2.87514E-03 3.39952E-05-2.62273E-03-1.41692E-17 4.11555E-16
 -1         4 9.89418E-01 2.08491E-01 1.28639E-02-1.67086E-01-2.25514E-17 8.67362E-18
 -1         5 8.31569E-01 1.34260E-02-5.29916E-04-1.29564E-02-2.48282E-17 1.35227E-16
 -1         6 1.64120E-01-4.60407E-01-8.02908E-02-4.66270E-02 5.55112E-17-5.11743E-17
 -1         7 5.58993E-01-1.38136E-01-3.03838E-02-2.17131E-01 8.67362E-17-2.28983E-16
 -1         8 1.15910E+00 1.46810E-01 3.65158E-02-3.54719E-01-2.32453E-16-8.39606E-16
 -1         9 1.82156E+00 2.46876E-01 1.06878E-01-3.45914E-01 9.28077E-17-5.55112E-16
 -1        10 2.16003E+00 2.61912E-01 1.32603E-01-1.02132E-01 2.77556E-17 6.59195E-17
 -1        11 1.89306E+00 2.76046E-01 1.07235E-01 1.85693E-01 1.63064E-16 6.69603E-16
 -1        12 1.37098E+00 1.59497E-01 4.80665E-02 4.13429E-01 3.46945E-17-9.71445E-17
 -1        13 6.95059E-01-3.51437E-02-3.95545E-03 2.81980E-01 7.97973E-17-2.77556E-16
 -1        14 2.15037E-01-3.36668E-01-6.31160E-02 1.24842E-01-2.08167E-17-1.11022E-16
 -1        15 2.71912E-02-5.32761E-01-9.18598E-02 5.60196E-03-1.73472E-18 9.19403E-17
 -1        16 6.48891E-02-5.68300E-01-9.53989E-02-2.96178E-02 3.22659E-16 2.30718E-16
 -1        17 3.26264E-01-2.40819E-01-5.21172E-02-1.59963E-01-2.77556E-17 2.11636E-16
 -1        18 8.33499E-01 5.84532E-02 6.48792E-03-3.04403E-01-1.11022E-16-5.55112E-17
 -1        19 1.41391E+00 2.33392E-01 5.42561E-02-3.06068E-01-1.96024E-16-7.63278E-17
 -1        20 1.99967E+00 2.66059E-01 1.11473E-01-1.94154E-01 2.77556E-17 3.46945E-18
 -1        21 2.14884E+00 2.54732E-01 1.27909E-01 9.61224E-02-5.89806E-17 5.20417E-16
 -1        22 1.80928E+00 2.72879E-01 1.10630E-01 3.47784E-01-1.02349E-16 8.81240E-16
 -1        23 1.15072E+00 1.63689E-01 4.40133E-02 3.69078E-01 3.81639E-17-6.10623E-16
 -1        24 4.84409E-01-1.30265E-01-3.12591E-02 2.16545E-01-2.98372E-16 2.39392E-16
 -1        25 1.03709E-01-4.42222E-01-7.89761E-02 8.23765E-02-4.51028E-17 3.40873E-16
 -1        26 9.20149E-01 4.65942E-02-5.29257E-03 8.86712E-02-1.86483E-17-1.64799E-17
 -1        27 8.15417E-01 1.53999E-02-2.32472E-03 2.54464E-02-2.97071E-17-3.79471E-17
 -1        28 7.81405E-01 7.52363E-03-1.74928E-03 5.34585E-03 1.21431E-17-6.97142E-17
 -1        29 7.72096E-01 3.08515E-03-1.08682E-03-1.81431E-03-4.44523E-18-1.47872E-16
 -1        30 7.77179E-01 1.18637E-03-9.56798E-04-2.93905E-03 3.37187E-17 1.03257E-16
 -1        31 7.87181E-01 5.46978E-04-1.62106E-04-4.99559E-03 1.59378E-17 1.82620E-16
 -1        32 7.94406E-01-7.87413E-04-4.01005E-04-4.48577E-03 2.57498E-17 1.74828E-17
 -1        33 7.99760E-01-6.57760E-04-1.29353E-04-2.41217E-03 2.18467E-17-1.36420E-16
 -1        34 8.04221E-01-1.25052E-03-3.90940E-05-7.65073E-04-2.81350E-17-2.28777E-16
 -1        35 8.04026E-01-1.53669E-03-1.07674E-04 1.56140E-03-2.37169E-17 1.59635E-16
 -1        36 7.98912E-01-1.39763E-03-1.13353E-04 3.75045E-03-1.14112E-17 6.77355E-17
 -1        37 7.88128E-01-4.72038E-04-4.19221E-04 5.34068E-03-2.14130E-17 9.08561E-17
 -1        38 7.77791E-01 8.81625E-04-6.64860E-04 4.83081E-03 2.60209E-18 4.55636E-17
 -1        39 7.71010E-01 1.56173E-03-8.12884E-04 2.54984E-03-4.01155E-18 1.37653E-16
 -1        40 7.71601E-01 1.95745E-03-8.27153E-04-9.65702E-04-7.91468E-17 1.81733E-16
 -1        41 7.76740E-01 2.12501E-03-4.63667E-04-5.70608E-03-2.34188E-17 9.00972E-17
 -1        42 7.84765E-01 6.11246E-04-5.89326E-04-6.65018E-03-2.66172E-17-3.18376E-16
 -1        43 7.99098E-01-3.28310E-04-2.14197E-04-6.94399E-03 1.32273E-17-5.48498E-16
 -1        44 8.11700E-01-1.51417E-03 3.10316E-04-4.86139E-03-6.26804E-19-4.29344E-17
 -1        45 8.54560E-01 2.20317E-01-2.74452E-03-1.37649E-01 4.33681E-18-3.46945E-18
 -1        46 8.10444E-01 2.21497E-01 2.31258E-03-1.01535E-01-1.73472E-18-2.60209E-18
 -1        47 7.89192E-01 2.14819E-01 1.26850E-03-7.22262E-02 8.51099E-18 1.51788E-18
 -1        48 7.80360E-01 2.16927E-01 1.19119E-03-4.57705E-02-4.28260E-18 1.30104E-18
 -1        49 7.77033E-01 2.19245E-01 1.69723E-03-2.14133E-02-7.08628E-18-5.63785E-18
 -1        50 7.74569E-01 2.17097E-01 1.50031E-03 8.94403E-04-2.52077E-18 2.16840E-18
 -1        51 7.74443E-01 2.18711E-01 1.32613E-03 2.33787E-02 1.00289E-18 2.81893E-18
 -1        52 7.79629E-01 2.19803E-01 1.68108E-03 4.58405E-02-8.67362E-19-6.50521E-19
 -1        53 7.89546E-01 2.14918E-01 1.64175E-03 7.02730E-02-2.90024E-18-4.55365E-18
 -1        54 8.09821E-01 2.17164E-01 1.86520E-03 1.02318E-01-4.33681E-19-5.42101E-18
 -1        55 8.56353E-01 2.18770E-01-2.46752E-03 1.38485E-01 0.00000E+00-8.67362E-19
 -1        56 8.15885E-01-6.64713E-03 2.61803E-04-4.85714E-03-5.31259E-17 4.56097E-16
 -1        57 8.17472E-01-1.85069E-02-7.93447E-05-7.29089E-03-1.14492E-16 2.73436E-16
 -1        58 8.20194E-01-3.33823E-02-7.92252E-04-5.08336E-03-5.34647E-17 8.67362E-19
 -1        59 8.23568E-01-3.72930E-02-5.03184E-04 1.84154E-03-1.13306E-16 4.57371E-16
 -1        60 8.26776E-01-2.53125E-02-5.53807E-04 1.47066E-02-2.02746E-16 2.74818E-16
 -1        61 8.24867E-01 1.91420E-02 3.69836E-04 2.87956E-02-1.86916E-16 1.84423E-16
 -1        62 8.14190E-01 8.62690E-02 1.19648E-03 3.19633E-02-7.39426E-17-1.83230E-16
 -1        63 8.01292E-01 1.36346E-01 3.02374E-03 1.86894E-02-5.90348E-17 6.39246E-16
 -1        64 8.01651E-01 1.37171E-01 3.03694E-03-1.54367E-02 5.73814E-17 4.57100E-16
 -1        65 8.15125E-01 8.81463E-02 4.63353E-04-3.10560E-02 3.31766E-17 3.67219E-16
 -1        66 8.24782E-01 3.32939E-02-9.68811E-04-2.46178E-02 5.23670E-17 5.45028E-16
 -1        67 8.47813E-01 4.56045E-03-1.12279E-03-2.16666E-02-8.55164E-17-3.64129E-16
 -1        68 8.94097E-01-1.01250E-02 1.49525E-04-1.97373E-02-1.42573E-17-1.81279E-16
 -1        69 9.28458E-01-2.18849E-02 6.84937E-04 8.67613E-03 7.75205E-17 4.55294E-16
 -1        70 8.87343E-01-2.80955E-03-2.15773E-03 3.40170E-02-5.94143E-17 9.04225E-17
 -1        71 8.24697E-01 2.96501E-02-6.14882E-03 6.46686E-03-8.32667E-17-1.84965E-16
 -1        72 8.60223E-01 1.83130E-02-4.24224E-03-3.78001E-02-9.19403E-17 2.73653E-16
 -1        73 9.49917E-01-1.63086E-02 8.55678E-04-3.56301E-02-2.05998E-16 3.19189E-16
 -1        74 9.72581E-01-1.84950E-02 1.84378E-03-3.08828E-04-1.14925E-17-4.08460E-16
 -1        75 9.42004E-01-5.06048E-03 1.27655E-03 1.72955E-02-4.53197E-17 1.36501E-16
 -1        76 9.03119E-01 1.18957E-03 1.40938E-03 1.98364E-02-6.72205E-17 1.60679E-16
 -1        77 8.64266E-01 2.08109E-03 4.61126E-04 1.62506E-02-8.43509E-17 4.58618E-17
 -1        78 8.33259E-01 1.79040E-03 2.52108E-05 1.30848E-02-1.35932E-16 6.80879E-17
 -1        79 8.12109E-01 1.80689E-03-1.50817E-04 1.02738E-02-1.25551E-16 4.58618E-17
 -1        80 7.94175E-01 1.77755E-03-4.92495E-04 7.40706E-03-9.77950E-17-2.28225E-17
 -1        81 7.80165E-01 1.87839E-03-8.78661E-04 4.60917E-03-1.38127E-16 3.45589E-17
 -1        82 7.74627E-01 3.22138E-03-1.18435E-03 2.77654E-03-5.06322E-17 3.41354E-17
 -1        83 7.81869E-01 7.15282E-03-1.59176E-03-5.08654E-03-4.55365E-17 2.32019E-17
 -1        84 8.09954E-01 1.81170E-02-2.46691E-03-2.49867E-02-1.40946E-17-2.42861E-17
 -1        85 9.30188E-01 5.42715E-02-1.75843E-03-9.37089E-02-8.79288E-17 7.97973E-17
 -1        86 2.61842E-01-2.91022E-01-3.07131E-02-1.55269E-01 3.46945E-17 1.43982E-16
 -1        87 1.06208E+00 3.82869E-02 6.04588E-03-2.54783E-01-8.58688E-17-2.60209E-16
 -1        88 8.07374E-01-1.80105E-03 1.13795E-04-2.36009E-03 5.31259E-18-1.59904E-16
 -1        89 1.60061E+00 1.91140E-01 1.87628E-02 1.21528E-01-1.09288E-16 6.24500E-16
 -1        90 8.37452E-01 4.27201E-03-4.85873E-06 2.21931E-02-3.11979E-17 2.60859E-16
 -1        91 8.01717E-01-1.77333E-03-8.33591E-05 7.20844E-03-3.26345E-17-1.03328E-16
 -1        92 7.98927E-01 2.26983E-03-3.11540E-05 7.82949E-03-4.40186E-17 5.73882E-17
 -1        93 7.98525E-01 1.13479E-03 1.02634E-04-4.57437E-03 2.45572E-17 1.02647E-16
 -1        94 7.86532E-01 4.74097E-03 1.85431E-05 1.28284E-03-3.83265E-17-4.49758E-17
 -1        95 7.78189E-01 1.88227E-01-8.53329E-04 1.34232E-02 2.85958E-18 1.25225E-17
 -1        96 1.88673E-01-2.83851E-01-3.62493E-02 1.13825E-01-6.93889E-17 2.13371E-16
 -1        97 9.13143E-01-3.67826E-02-6.35704E-03 2.45613E-01-7.63278E-17 9.19403E-17
 -1        98 8.28177E-01-2.66798E-02-4.58306E-04 7.62483E-03-6.45642E-17 6.96058E-17
 -1        99 4.10272E-01-2.33962E-01-2.26486E-02-2.00201E-01 1.57860E-16 4.33681E-18
 -1       100 1.14308E-01-3.12884E-01-3.92047E-02 7.39351E-02 9.45424E-17-9.36751E-17
 -1       101 7.89597E-01 1.77116E-01-6.70693E-04-5.58637E-02 1.47451E-17 5.74627E-18
 -1       102 8.22815E-01 2.80223E-02-2.56382E-04 5.13131E-02-7.16929E-17 3.87928E-16
 -1       103 1.03260E+00-1.83597E-02-5.84235E-03 2.44196E-01 6.07153E-17-2.08167E-17
 -1       104 9.23376E-01-1.21114E-02 1.26626E-03 2.60006E-02-4.40186E-17-2.27981E-16
 -1       105 1.33011E+00 1.01683E-01 9.81154E-03-2.20840E-01 1.32273E-16 3.05311E-16
 -1       106 7.91398E-01 1.71560E-01-6.58442E-04 5.12375E-02 3.30682E-18 6.39679E-18
 -1       107 8.04542E-01 7.78723E-02 8.62136E-04-4.24711E-02 4.73796E-17-3.19189E-16
 -1       108 7.88936E-01 2.20294E-03-3.49359E-05-8.30293E-03 1.72930E-17-2.74025E-16
 -1       109 7.99018E-01 6.66173E-03-2.91546E-05-3.41890E-03-7.26415E-18 5.32343E-17
 -1       110 7.98450E-01 6.39499E-03 2.15593E-05 5.24490E-03-7.69784E-18-1.06685E-16
 -1       111 1.64172E+00 2.32232E-01 2.84036E-02 6.70530E-03 2.94903E-17 3.12250E-16
 -1       112 8.20206E-01-1.73254E-02-2.51406E-05-1.08636E-02-3.16316E-17-1.55095E-16
 -1       113 9.51877E-01-4.23932E-02 5.16741E-04 1.39712E-02 2.36898E-17 3.50414E-16
 -1       114 9.51131E-01-2.20056E-03-4.05903E-04-5.48699E-02-8.76035E-17 9.23740E-17
 -1       115 8.35600E-01 1.65188E-01 1.04870E-03-1.09949E-01-1.51788E-18 3.90313E-18
 -1       116 8.39888E-01 1.55833E-01 8.77919E-04 1.08326E-01-4.28260E-18-1.30104E-17
 -1       117 8.59614E-01 4.68940E-03 6.41495E-04-4.31703E-02-5.85469E-18-1.57711E-16
 -1       118 8.09159E-01-2.54335E-03 3.26249E-05-1.02730E-02 7.33937E-17-5.85191E-16
 -1       119 1.31443E-01-2.41266E-01-1.68791E-02-4.52216E-02 4.85723E-17-2.55004E-16
 -1       120 3.00034E-01-1.03305E-01-3.49713E-03 1.92033E-02 4.25007E-17-3.81639E-17
 -1       121 4.38608E-01-1.45365E-01-1.60687E-03 1.93262E-01 7.45931E-17-4.68375E-17
 -1       122 5.28156E-01-2.58870E-02-1.82058E-05 8.78149E-02 9.97466E-18 6.85216E-17
 -1       123 5.15197E-01-2.06434E-02-1.55265E-03-7.89238E-02 6.89553E-17-2.55438E-16
 -1       124 7.36980E-01-1.00288E-01 4.19534E-04 1.82257E-01 1.99493E-17-3.25261E-17
 -1       125 7.09367E-01 2.65288E-03 7.41302E-04 1.03749E-01 3.02221E-17-2.49800E-16
 -1       126 8.37616E-01-5.85901E-02-3.51370E-04 1.14551E-01 0.00000E+00 2.18467E-17
 -1       127 9.48286E-01-1.01155E-01 1.35727E-05 9.44413E-02 1.14925E-17-1.80411E-16
 -1       128 9.17470E-01-5.63269E-02 6.69389E-05 4.81915E-02-9.78492E-17 2.27466E-16
 -1       129 9.77832E-01-6.69612E-03 1.10023E-03-7.76578E-03 1.32273E-17-1.54390E-16
 -1       130 9.03926E-01-1.49970E-02-9.74682E-05-2.44751E-03-7.02563E-17 4.33356E-16
 -1       131 8.94858E-01 3.65551E-02-1.87144E-04-1.93723E-02 3.51282E-17-6.80879E-17
 -1       132 8.64659E-01 1.22600E-02 1.23003E-04-1.50987E-02-4.85180E-17 2.04237E-16
 -1       133 8.50907E-01 3.56441E-02-9.93249E-05-1.07698E-02 2.00577E-17 6.95787E-17
 -1       134 8.75942E-01 6.44172E-02-1.80753E-04 1.41319E-03 2.77556E-17-2.49804E-16
 -1       135 8.46069E-01 3.80485E-02 2.46287E-05 7.73154E-03 1.62630E-18-4.51570E-17
 -1       136 8.78167E-01 3.59412E-02 3.24267E-04 2.66517E-02-4.66207E-18-4.11672E-16
 -1       137 8.49172E-01 1.84926E-02 2.12734E-04 2.12218E-02-2.81893E-18-4.34873E-16
 -1       138 8.74587E-01-3.84879E-03-1.61419E-04 2.54730E-02 1.01915E-17-2.97126E-16
 -1       139 9.23321E-01-9.49077E-03 2.52678E-04 2.69157E-02-4.59702E-17-4.32380E-16
 -1       140 8.90573E-01-3.56425E-02 8.26246E-05 4.03837E-03 3.10082E-17 3.19623E-16
 -1       141 8.63534E-01-2.18937E-02-1.13799E-04 1.20531E-02 2.51264E-17 4.34413E-16
 -1       142 8.65621E-01-3.43723E-02-4.80174E-05-9.72744E-03 3.08998E-18 2.52484E-16
 -1       143 8.67922E-01-4.79508E-02 1.56293E-05-3.55101E-02-1.31188E-17 1.03040E-16
 -1       144 8.46815E-01-2.99532E-02 4.13622E-05-3.07823E-02-2.79995E-17 9.03954E-17
 -1       145 8.19612E-01-2.75111E-02 5.10505E-05-5.36160E-02-2.25514E-17 2.73382E-16
 -1       146 8.19388E-01-1.28951E-02 4.26794E-05-3.43596E-02 4.52654E-18 1.01847E-16
 -1       147 8.36746E-01-1.69554E-02 2.88321E-05-2.32861E-02 1.75370E-17 6.96871E-17
 -1       148 8.21981E-01-4.41727E-03 2.49848E-06-2.16557E-02 3.36780E-17-1.69840E-16
 -1       149 8.32666E-01-7.37462E-03 9.92216E-06-1.69954E-02-1.53228E-17-5.39933E-17
 -1       150 8.25471E-01 3.00477E-03 2.49886E-06-1.38486E-02 3.10082E-17-9.19946E-17
 -1       151 8.31562E-01 1.45275E-03 3.40126E-06-1.21267E-02-3.43218E-18 1.48156E-16
 -1       152 8.28411E-01 1.19854E-02-1.28231E-06-8.75008E-03-9.14796E-20 1.13706E-16
 -1       153 8.21403E-01 1.28749E-02-8.48245E-06-7.02341E-03-2.43539E-17-9.66837E-17
 -1       154 8.26352E-01 2.29418E-02-1.95920E-06-4.68916E-03-3.43794E-17-1.69949E-17
 -1       155 8.29595E-01 2.47720E-02-1.87740E-06-4.46257E-03 9.52743E-18-2.29851E-17
 -1       156 7.82322E-01 5.63628E-04-1.95894E-05-3.64250E-02 9.24282E-18 1.59161E-16
 -1       157 8.27249E-01 3.95831E-02 6.40081E-06-3.02129E-03 4.27582E-18-1.02186E-16
 -1       158 8.25857E-01 3.30122E-02-1.63114E-05-3.02267E-03-5.16351E-18-2.29309E-17
 -1       159 8.27958E-01 4.34014E-02 4.04260E-06 8.17241E-04-4.45878E-18 6.78168E-17
 -1       160 8.50606E-01-2.34456E-02-6.14496E-05 6.30518E-04 2.11148E-17 2.07489E-17
 -1       161 7.56312E-01-1.06780E-02 2.33511E-04-6.29162E-02-2.02746E-17 6.98226E-17
 -1       162 8.24761E-01 5.48343E-02 1.16671E-05-5.73562E-03 2.56956E-17-1.07824E-16
 -1       163 8.30617E-01 2.50289E-02-3.74509E-06-1.61995E-03-5.01444E-19 1.23979E-16
 -1       164 8.28186E-01 4.41869E-02 9.83121E-06 7.08266E-03-9.18861E-18 6.12574E-17
 -1       165 7.41595E-01 1.87302E-02-2.10221E-04-1.39698E-02-2.98562E-17 9.18319E-17
 -1       166 8.26548E-01 4.17251E-02 1.02665E-05-5.91426E-03 5.43456E-18-5.59448E-17
 -1       167 8.23675E-01 2.48452E-02-4.52609E-06 1.47006E-03-3.37458E-18 1.28207E-17
 -1       168 7.76321E-01 1.60202E-02-1.09469E-04-6.25323E-03-2.35272E-17 1.01915E-17
 -1       169 8.33977E-01-6.80363E-03 1.70789E-05-1.23393E-02-3.73914E-17 1.03575E-16
 -1       170 6.81389E-01 1.39524E-02-8.20703E-04-2.81868E-02-4.44523E-17 4.33681E-19
 -1       171 8.23176E-01 7.00385E-02-7.77267E-05-1.39185E-02 9.35124E-18 2.67798E-17
 -1       172 8.22592E-01 6.98180E-02-3.42350E-06 8.27785E-03-5.89535E-19 6.13116E-17
 -1       173 8.29597E-01 2.28691E-02 2.45854E-05 1.81440E-03-4.41812E-18 9.86624E-18
 -1       174 8.28434E-01 4.10226E-02-7.95764E-05 1.39232E-02-1.87025E-18 1.01915E-17
 -1       175 8.27502E-01 4.91311E-02 1.96880E-05-1.39319E-02 1.05168E-17 5.03070E-17
 -1       176 7.69455E-01 2.42410E-02-2.10794E-04 1.99464E-02-8.89046E-18-6.80337E-17
 -1       177 7.91250E-01 1.95610E-02 2.08571E-05 1.44411E-02 4.04678E-17-1.60326E-16
 -1       178 8.27117E-01 2.43573E-02-4.86307E-05-4.67474E-03-1.23599E-17 4.34467E-16
 -1       179 7.20095E-01-3.28923E-02 1.18975E-04-1.02744E-01-2.05998E-17 3.53450E-17
 -1       180 8.42323E-01-1.36093E-02 3.05198E-05 1.21787E-02 1.89735E-19 6.92128E-17
 -1       181 8.34449E-01-1.44658E-02-8.45937E-05 3.81952E-03-9.28348E-18 3.37187E-17
 -1       182 8.31517E-01 1.37467E-03-2.32211E-06-9.77338E-03-2.43132E-17 1.30673E-16
 -1       183 8.29183E-01-4.82541E-03 4.45779E-06-9.57342E-03-1.34577E-17-5.82759E-17
 -1       184 8.26349E-01 1.40121E-03 3.09453E-05-8.43626E-03-8.13152E-18 1.21431E-17
 -1       185 8.16947E-01 8.60234E-02 4.87579E-05-7.34403E-03-2.24633E-18 3.70255E-17
 -1       186 8.11161E-01 1.09634E-01 1.86148E-04-2.01933E-02-1.18517E-17 3.27971E-17
 -1       187 8.25434E-01 1.78536E-02-4.28605E-05 3.54359E-03-1.11673E-17-5.36409E-17
 -1       188 1.25351E+00 1.07448E-01-2.02190E-03-1.42996E-01-2.26598E-16-6.86950E-16
 -1       189 1.15841E+00-1.71433E-02 7.86015E-03-9.38662E-02-4.01155E-18-2.27249E-16
 -1       190 1.18744E+00 9.57563E-02 6.64345E-04 5.72007E-03-3.46945E-17-6.24500E-17
 -1       191 9.10411E-01-1.37055E-01-3.85754E-03-1.85290E-01 1.31839E-16 2.97505E-16
 -1       192 1.05710E+00-6.84767E-02 9.83204E-04-4.70270E-02 8.57333E-17 3.29597E-16
 -1       193 6.96422E-01-1.56546E-01-1.20146E-02 2.32144E-01 1.19696E-16-3.19189E-16
 -1       194 9.55001E-01-1.71154E-01-6.68872E-03 1.60086E-01 2.42861E-16-4.44089E-16
 -1       195 1.17720E+00-2.46278E-02 7.23519E-03 5.62521E-02 1.34068E-16-1.85615E-16
 -1       196 7.50353E-01-1.91087E-01-4.63886E-03 1.92750E-01 1.16226E-16-2.00361E-16
 -1       197 9.63877E-01-1.46436E-01 8.18049E-04 9.63361E-02 1.46909E-16-2.48499E-16
 -1       198 7.68106E-01-1.05469E-01 1.26342E-03 1.36171E-01 3.59955E-17-1.58727E-16
 -1       199 1.30655E+00 1.13802E-01 9.28141E-03 2.34297E-01 5.20417E-17-2.89699E-16
 -1       200 1.28358E+00 1.32674E-01 4.76251E-03 2.98067E-02 6.93889E-18-1.38778E-16
 -1       201 1.26628E+00 2.27876E-01 2.85601E-03-1.02370E-03-5.20417E-17 1.61763E-16
 -1       202 1.14216E+00-1.69569E-02 9.30954E-04 7.56586E-02 1.43765E-16-1.78677E-16
 -1       203 7.27938E-01-1.49361E-01-6.33545E-03-2.44471E-01 1.66533E-16 3.41741E-16
 -1       204 7.13821E-01-1.54620E-01 5.66616E-03-2.38527E-01-1.21431E-17-1.23165E-16
 -1       205 9.59092E-01-1.71561E-01-5.05386E-03-1.61454E-01-1.36176E-16-1.85615E-16
 -1       206 8.39271E-01-1.32148E-01-1.96858E-03-1.60848E-01-8.54351E-17 1.59757E-16
 -1       207 1.61114E+00 1.74510E-01 1.89210E-02-1.18176E-01 5.72459E-17-7.54605E-17
 -1       208 1.29011E+00 1.09958E-01 3.60231E-03-5.74791E-03-1.11890E-16 2.51535E-17
 -1       209 1.26183E+00 1.96609E-01 3.92156E-04 7.12941E-03 3.55618E-17 1.98843E-16
 -1       210 1.21764E+00 1.88674E-01 2.50916E-03-3.84527E-02 4.85723E-17-2.84495E-16
 -1       211 1.11751E+00 6.95618E-02 2.82341E-03 4.98575E-02-1.41380E-16 3.20924E-17
 -1       212 1.49034E-01-1.92528E-01-1.38268E-02-1.99527E-02 9.75782E-18 2.25514E-17
 -1       213 8.33464E-01-1.12250E-02-1.90972E-05-8.72758E-03-8.64651E-18-2.22024E-17
 -1       214 7.98112E-01 1.38973E-02-3.01288E-05-2.16104E-03 1.76725E-17-2.14130E-17
 -1       215 8.05995E-01 1.62257E-02 9.73894E-06 1.09782E-02 3.71941E-17-1.01996E-16
 -1       216 8.07579E-01 1.53482E-02 2.44396E-06 2.22539E-02 8.76984E-17-5.75474E-17
 -1       217 8.13893E-01 1.35654E-02 2.85722E-05 1.59069E-02 2.28902E-17 3.48978E-17
 -1       218 8.14756E-01 8.82456E-03 1.57381E-05 2.09634E-02 7.50065E-17 6.89553E-17
 -1       219 8.19824E-01-2.68822E-03 2.02089E-06-8.22083E-03 7.04731E-19-2.33815E-17
 -1       220 1.00844E+00 2.54389E-02-2.00285E-03 3.59805E-02-3.46945E-18-7.13405E-17
 -1       221 3.51105E-01-9.96063E-02-7.40843E-04 1.18199E-01 8.67362E-19 7.54605E-17
 -1       222 3.66470E-01-3.76629E-02-3.12135E-03-5.17594E-02-2.64545E-17 1.34441E-16
 -1       223 6.72597E-01 3.70793E-02 1.44114E-03-6.71949E-03 3.23634E-17-4.70652E-16
 -1       224 7.50748E-01 5.67394E-02 8.48467E-04 5.55021E-02 2.22804E-17-2.18358E-16
 -1       225 8.64806E-01-1.27987E-02-1.71599E-04-2.66050E-03-5.22992E-17 2.73815E-16
 -1       226 8.39857E-01 2.25674E-03 3.23038E-05-1.49237E-02-7.50268E-17 2.71809E-16
 -1       227 8.02653E-01 1.25483E-01-4.04287E-04-8.15195E-03-2.65494E-17-1.11131E-17
 -1       228 8.27693E-01 3.32739E-02 1.81048E-04 1.82175E-02-1.77267E-17-7.54605E-17
 -1       229 8.25147E-01 6.79806E-02 4.71667E-05 3.15920E-02 1.17636E-17 2.65630E-18
 -1       230 8.28392E-01 5.30785E-02-5.03857E-04 3.81576E-02-7.80626E-18 2.49366E-18
 -1       231 7.95323E-01 1.50181E-01 3.60873E-04-2.34059E-02-1.83772E-17 4.49944E-18
 -1       232 9.08082E-01-9.34635E-02-2.54619E-04 6.29263E-02-1.30104E-18-1.26310E-16
 -1       233 7.68394E-01-2.91625E-02 5.50819E-06 8.95558E-02-4.42354E-17 1.00831E-17
 -1       234 9.66141E-01-7.65335E-02 1.03127E-04-2.60074E-02-1.62630E-17-2.06432E-16
 -1       235 1.06980E+00 1.61441E-01 3.53399E-03 1.47954E-02-5.20417E-18-7.81710E-17
 -1       236 8.16051E-01 9.26740E-03-7.25808E-05 1.43246E-02-4.79217E-17 1.49478E-16
 -1       237 8.13736E-01 1.11046E-03-5.33538E-05-7.51127E-03 2.20635E-17 4.90940E-17
 -1       238 3.87075E-01-1.44261E-01-9.19698E-03-1.62020E-01 8.67362E-19-2.40869E-16
 -1       239 5.59447E-01-2.56996E-02-1.60329E-03 8.95048E-02-1.14925E-17 7.80626E-17
 -1       240 1.09308E+00 8.73426E-02-2.80137E-04-1.75175E-02 1.42247E-16-3.10299E-16
 -1       241 9.08817E-01 5.01369E-02-1.28118E-03-2.36446E-02-4.03323E-17 4.64039E-17
 -1       242 8.35657E-01-1.46277E-02 9.35626E-05-6.84481E-03-2.06676E-17-7.87131E-17
 -1       243 9.44830E-01 9.81009E-02-2.39745E-04-1.62761E-02 2.72135E-17-1.37043E-16
 -1       244 8.21022E-01-6.50497E-03 8.21152E-05 9.93081E-03-5.17707E-18 9.77002E-17
 -1       245 8.26467E-01-3.19905E-03-8.60642E-05 1.62435E-02 1.73472E-18-7.91332E-17
 -1       246 8.19834E-01-7.54292E-03-4.39541E-05 3.02239E-03-6.64074E-18-4.64559E-17
 -1       247 1.63486E+00 2.18292E-01 1.53443E-02-2.93920E-02-2.55872E-17-2.73219E-16
 -1       248 8.17731E-01 1.09721E-01 5.27162E-04 5.52515E-02 7.99599E-19 1.72388E-17
 -1       249 8.12107E-01 1.10117E-01-1.86291E-04 3.59605E-02 1.91904E-17 3.98986E-17
 -1       250 8.07271E-01-8.41630E-04 1.81072E-04-6.39187E-03 1.46638E-17 1.02118E-17
 -1       251 7.96229E-01 1.54235E-01 5.82408E-04 2.64690E-02 1.81096E-17 3.49926E-17
 -1       252 8.23600E-01-4.08493E-03 1.35428E-04-1.62182E-02-8.21283E-18-1.83569E-16
 -1       253 8.20066E-01 6.01217E-03-3.13782E-05-1.62132E-02-2.19009E-17-6.87791E-17
 -1       254 8.11040E-01-2.01208E-04-1.19886E-04-1.57963E-02 4.92228E-17-2.28143E-16
 -1       255 8.12490E-01 1.06140E-01-1.89956E-04 1.78689E-02 2.11419E-17 5.14996E-17
 -1       256 9.27418E-01-1.36773E-01-1.11373E-03 1.80085E-01 2.08167E-17 4.16334E-17
 -1       257 8.84944E-01-1.31610E-01-3.26731E-05-1.37823E-01 5.20417E-18-1.12974E-16
 -1       258 7.33912E-01-2.47366E-02 1.94110E-03-1.13954E-01 2.94903E-17-1.35742E-16
 -1       259 8.92738E-01-7.80156E-02-1.69219E-04-7.94654E-02 1.38778E-17 2.28767E-16
 -1       260 8.23109E-01 4.74853E-04-7.54457E-04-7.77050E-02 4.39102E-17-2.92301E-16
 -1       261 8.76612E-01-3.36337E-02-7.20967E-04 2.73287E-02-3.07507E-17 2.97803E-16
 -1       262 1.01005E+00-1.15066E-01 2.34058E-03-4.67104E-02-7.96889E-17 1.59595E-16
 -1       263 9.27213E-01 8.01675E-02 2.44482E-04 3.10173E-02-4.33681E-18 8.82541E-17
 -1       264 8.12176E-01 9.82319E-03-1.13132E-04 2.89291E-03-1.74014E-17-1.32815E-16
 -1       265 8.34097E-01 1.69520E-02-5.30145E-05-1.42847E-02-3.20382E-17 1.14383E-16
 -1       266 8.13967E-01 1.22728E-02 1.27164E-05-1.07653E-02-1.20617E-17-2.28140E-17
 -1       267 8.07855E-01 1.32055E-02-2.84664E-05-1.13642E-03-2.23888E-17 1.38630E-16
 -1       268 8.25564E-01 2.04162E-02-9.48905E-06 8.46884E-03-1.95021E-17 1.38893E-16
 -1       269 8.07003E-01 8.90506E-03-8.77432E-06 8.02508E-03-1.55041E-17 2.26259E-17
 -1       270 8.47894E-01-3.60596E-03 4.43925E-05 2.02963E-02 1.39136E-18-1.48183E-16
 -1       271 8.28959E-01-1.09592E-02 2.46560E-05-2.53830E-03-1.07336E-17 5.77473E-17
 -1       272 8.48848E-01-2.48617E-02 2.58466E-05-1.40760E-02 2.50857E-17 2.26842E-16
 -1       273 8.40442E-01-1.79324E-02 5.00404E-06-5.70095E-03 5.39391E-18 1.58832E-16
 -1       274 8.24312E-01-6.84256E-03 4.38252E-05-6.57798E-03-1.52398E-17-1.94818E-16
 -1       275 8.20155E-01 1.64075E-02-2.52103E-05 8.73280E-03-2.50722E-17 9.19132E-17
 -1       276 8.20206E-01 1.40281E-02-9.64707E-05 6.00344E-03 4.98733E-18 5.63785E-17
 -1       277 8.25768E-01 2.70543E-02-1.86191E-05-1.12996E-03 7.44034E-18 9.18455E-17
 -1       278 8.25902E-01 2.66414E-02 2.42155E-05-8.01749E-03 6.96329E-17 4.44929E-17
 -1       279 8.28345E-01 5.53155E-02-2.55986E-04-2.82752E-02 1.84856E-17-1.18178E-17
 -1       280 8.12500E-01 9.77889E-03 4.93236E-05 1.79028E-03 2.01662E-17 3.93836E-17
 -1       281 8.12274E-01 1.46401E-02-1.91775E-05-3.20535E-04-1.85263E-17 2.52348E-17
 -1       282 8.31048E-01-5.34558E-02 6.76677E-04-7.76710E-02-2.55872E-17 1.15251E-16
 -1       283 8.12919E-01 7.28136E-03-1.21050E-05-1.17611E-02 2.22634E-17-3.35967E-17
 -1       284 7.41586E-01 2.30618E-02 6.38528E-04 3.73505E-02 7.26415E-18-6.81963E-17
 -1       285 7.98279E-01 1.70121E-02 2.49654E-04 4.11541E-02 1.25767E-17-1.46984E-16
 -1       286 8.00591E-01 1.93146E-02 1.81756E-04 2.99231E-02 8.48388E-17-2.73869E-16
 -1       287 8.39074E-01-1.52351E-02 1.09430E-05-1.39320E-02-2.22706E-18 2.17870E-16
 -1       288 8.00530E-01 3.84796E-03-3.65824E-05-2.06649E-02 1.07065E-17 7.91468E-17
 -1       289 8.25123E-01 8.76651E-03-1.68133E-05-4.10857E-03 4.20128E-18-6.31954E-17
 -1       290 8.30293E-01 1.07623E-02-9.18056E-06-5.56573E-03-1.40404E-17 5.72052E-17
 -1       291 8.16472E-01 1.72022E-02-1.15786E-05 7.04423E-03 1.64358E-17 6.80337E-18
 -1       292 8.23301E-01 6.43806E-02-5.00109E-06-4.16453E-04 1.24514E-17-2.76336E-17
 -1       293 8.21392E-01 2.02825E-02-6.59814E-06-8.24963E-04-1.69136E-17 2.30393E-17
 -1       294 8.31373E-01 1.16117E-02 9.25438E-06-7.51875E-03 1.18856E-17 7.93094E-17
 -1       295 8.22469E-01 7.14315E-02 4.79654E-05 1.95514E-02 5.74627E-18 4.23923E-17
 -1       296 8.21112E-01 8.75841E-02 2.04386E-04-2.82329E-02 1.67077E-19 1.11131E-18
 -1       297 8.16409E-01 1.10794E-01-1.59830E-04-5.29552E-02 3.18637E-17-2.09251E-17
 -1       298 8.35207E-01 6.12841E-02 1.25910E-03-4.71549E-02 1.68051E-17-4.33681E-19
 -1       299 8.26897E-01 8.04550E-03-9.72280E-06 1.64935E-02-2.61293E-17-1.55854E-18
 -1       300 8.09339E-01 2.56343E-03-3.56649E-05 1.27780E-02 1.10589E-17-1.60028E-16
 -1       301 1.38376E+00 1.54014E-01 8.55152E-04 2.59063E-02 2.02312E-16-3.98986E-16
 -1       302 5.83809E-01-1.47958E-01-1.15772E-02 2.33719E-01 1.12757E-17-2.09034E-16
 -1       303 5.29448E-01-1.68628E-01-1.34927E-02-2.29281E-01-8.15320E-17 1.64799E-16
 -1       304 6.18458E-01-1.64097E-01-8.55740E-04-2.28678E-01-7.37257E-18-1.94289E-16
 -1       305 7.91234E-01 5.30111E-03 6.75312E-05-5.88893E-03-3.99529E-17-3.93430E-17
 -1       306 8.14202E-01 9.84652E-02 1.35506E-04 4.01170E-03 2.03966E-18 3.77031E-17
 -1       307 8.40114E-01-1.50681E-02 1.48550E-04 3.15181E-02-1.25144E-16 3.13931E-16
 -1       308 8.05612E-01 1.68076E-01-7.69200E-04 8.07902E-02-2.92735E-18-1.62630E-18
 -1       309 8.02642E-01 1.73126E-01-9.22229E-04-8.05274E-02 1.52601E-17-4.66207E-18
 -1       310 9.33085E-01 3.45896E-02-7.30614E-04 4.07146E-02-3.96818E-17 9.90961E-17
 -1       311 8.16963E-01 1.84275E-02 1.47091E-04-2.20516E-02 1.11131E-17 3.80013E-17
 -1       312 8.88271E-01 5.60835E-05-1.38431E-04 3.37165E-02-1.84314E-17-1.03108E-16
 -1       313 8.09477E-01 3.75204E-03 2.49242E-05 1.28747E-02 1.97249E-17 4.00037E-17
 -1       314 8.20669E-01 3.92968E-03-5.08040E-05 1.72551E-02 3.56431E-18 9.08290E-17
 -1       315 8.20675E-01 2.64871E-02 4.94087E-04 2.74987E-02-1.42844E-17-2.95445E-17
 -1       316 8.62797E-01 3.83115E-03 2.49852E-04 2.77485E-02-2.85484E-17 6.94703E-17
 -1       317 8.09394E-01-3.13306E-03-1.06080E-05 6.82663E-04-3.21669E-17-4.59448E-17
 -1       318 8.08583E-01-2.94008E-03 1.15049E-04 4.33460E-03-2.34459E-17 1.24900E-16
 -1       319 9.04360E-01-2.44016E-02 6.78311E-04-3.08185E-02 1.10805E-16 1.14763E-16
 -1       320 8.55358E-01-2.77810E-02 6.02777E-05 7.11978E-02-7.08662E-17 5.69098E-16
 -1       321 1.04370E+00 1.34498E-01 6.69250E-04 3.74733E-04 9.10730E-18 2.10769E-16
 -1       322 7.88597E-01 2.75854E-03 1.83665E-05 6.27810E-03 5.96311E-18-2.73432E-16
 -1       323 8.01079E-01 1.36323E-01-3.43951E-04-3.67834E-02 3.09675E-18 2.61293E-17
 -1       324 1.27967E+00 2.38419E-01 6.41572E-03 1.48725E-02-2.03830E-17-4.68375E-17
 -1       325 8.16627E-01 6.57919E-03 1.46247E-04-3.64992E-03 1.11673E-17-3.51282E-17
 -1       326 8.51937E-01 5.00185E-02-2.43229E-03 6.55307E-02-1.63172E-17-1.73472E-17
 -1       327 8.48445E-01 5.53659E-02-1.80206E-03-6.68639E-02-1.50026E-17 2.74303E-17
 -1       328 8.27003E-01 3.87949E-02 2.97929E-05-4.69468E-02 3.16587E-17-2.19009E-17
 -1       329 8.15007E-01-9.71128E-03-1.27051E-04-9.38989E-03-1.34217E-17-1.12378E-16
 -1       330 9.56993E-01-4.58491E-02-5.02728E-04-5.33801E-03-1.01048E-16 1.91904E-17
 -1       331 8.17177E-01-5.68947E-03-1.07231E-05-2.22630E-03-3.40168E-18-1.37118E-16
 -1       332 8.24047E-01 2.54723E-02-1.76403E-04-1.73601E-02 2.21177E-17 4.79217E-17
 -1       333 7.68392E-01 8.88222E-02-1.52922E-03-1.14391E-03 1.13028E-17-1.17704E-16
 -1       334 7.83083E-01 1.81902E-01-8.04006E-05-1.01443E-02-7.04731E-18 1.41421E-17
 -1       335 8.31802E-01-5.32728E-03-7.56029E-04 5.44974E-02-1.75099E-17-2.14401E-16
 -1       336 7.98914E-01 1.18669E-03 1.94717E-04-1.05670E-02 5.61888E-17-6.16261E-16
 -1       337 1.03460E+00-5.49696E-02-1.05007E-03-2.81830E-02-6.37511E-17 2.71701E-16
 -1       338 8.23260E-01-2.83519E-02-5.49479E-05-4.13974E-03-3.98715E-17 1.65070E-16
 -1       339 7.99228E-01 1.44092E-01 3.08041E-04 8.15823E-03 1.10860E-17 2.46114E-17
 -1       340 8.17483E-01 1.06376E-02 4.29873E-05 2.74406E-02 8.16862E-17-2.37169E-17
 -1       341 8.01276E-01 8.05437E-02 7.85957E-04 4.18967E-02-3.29530E-17 3.40873E-16
 -1       342 7.94549E-01 7.90548E-04 1.00243E-04 8.38172E-03-1.57480E-17-3.19230E-16
 -1       343 8.31951E-01 8.93830E-02 1.73642E-04 6.95443E-02-8.13152E-18-8.23994E-18
 -1       344 8.13011E-01-3.40508E-03-1.53198E-04-5.32799E-03 1.54499E-18-2.06491E-16
 -1       345 7.88481E-01 2.22868E-03 1.15307E-05-2.31210E-03 1.19262E-17-3.45047E-17
 -1       346 9.06983E-01-6.66448E-02 1.06108E-04-3.20375E-02-8.59230E-18-8.09628E-17
 -1       347 7.90451E-01 2.79439E-03-2.15547E-05 3.75250E-03-3.70797E-17 5.58093E-17
 -1       348 7.97631E-01 1.43946E-02-3.57961E-04 8.72331E-02-2.92192E-17 4.33030E-16
 -1       349 7.97478E-01-1.04290E-04-3.01091E-05-5.83291E-03 2.06541E-17 4.15656E-17
 -1       350 1.14861E+00-4.57816E-02 1.50690E-03-4.04806E-02-1.21431E-16-2.23562E-16
 -1       351 1.16043E+00 5.69257E-02-4.05182E-03-5.75822E-02 1.08420E-17-1.73472E-18
 -1       352 6.91984E-01-1.59404E-01-1.03630E-03 2.44638E-01 9.02056E-17-3.30573E-16
 -1       353 8.23496E-01 9.53433E-03-3.35967E-04 3.58192E-02 8.80237E-18-1.12893E-17
 -1       354 7.81970E-01 1.86474E-01-7.01806E-04-3.40818E-02-4.56720E-18 7.48099E-18
 -1       355 8.03514E-01 4.70560E-03-1.65241E-04-1.30857E-02 4.90601E-17-4.34325E-16
 -1       356 5.81110E-01 9.32059E-03 1.62816E-03-4.51390E-02-4.68375E-17 8.28330E-17
 -1       357 6.25612E-01-7.48287E-02 4.08107E-04-1.63729E-01 1.73472E-17-1.98138E-17
 -1       358 8.11052E-01-1.21291E-03 1.01354E-04 1.26315E-02 3.30682E-18-1.08979E-16
 -1       359 1.04390E+00 7.20838E-02 1.04482E-03-6.86053E-02-7.19910E-17 2.28983E-16
 -1       360 8.27622E-01 1.09045E-01-9.95720E-06-7.78391E-02 2.41777E-17-1.79978E-17
 -1       361 8.15982E-01-6.79474E-03 5.83111E-05-1.51038E-02 6.77762E-17-4.09693E-16
 -1       362 7.53657E-01 4.41163E-02 5.73765E-04-6.24598E-02 7.15573E-18-2.46331E-16
 -1       363 8.02994E-01-9.72750E-04 3.70345E-05-3.98225E-03 2.41506E-17-4.21755E-17
 -1       364 8.51694E-01-2.12190E-02 2.66165E-04 1.15125E-02-3.73643E-17 1.65232E-16
 -1       365 6.44802E-01-7.85791E-02 2.02062E-03-1.85145E-01 2.60209E-17-4.41053E-16
 -1       366 8.14106E-01-3.62027E-03 1.18789E-04-5.23703E-03 3.74456E-17-5.19943E-17
 -1       367 8.35885E-01 1.72137E-02-1.54836E-04-2.63092E-02 2.88940E-17 1.62522E-16
 -1       368 1.06451E+00-6.74094E-02 7.84624E-04 3.43281E-02 2.20527E-16-5.11743E-16
 -1       369 9.14900E-01 1.40399E-01-3.38408E-04-1.30704E-01-2.77556E-17 3.98986E-17
 -1       370 9.15971E-01 1.36314E-01-1.15464E-04 1.29069E-01-6.28837E-18 8.67362E-19
 -1       371 7.76574E-01 1.93903E-01-1.35296E-03 3.16228E-02 5.14996E-19 8.02310E-18
 -1       372 8.22087E-01 2.24748E-02-8.41083E-06 1.74992E-02-2.40693E-17-6.92805E-17
 -1       373 6.53628E-01 1.98526E-02-1.21045E-04 4.43420E-02-2.75387E-17 6.80879E-17
 -1       374 8.57859E-01-9.08953E-02 1.75776E-03-1.06625E-01 2.47198E-17 5.68122E-17
 -1       375 1.02617E+00-3.27395E-02-2.08106E-03 4.54576E-02 1.10589E-17 4.38018E-16
 -1       376 3.94600E-01-1.89813E-01-2.19558E-02 2.00579E-01-2.94903E-17-9.36751E-17
 -1       377 4.81479E-01-1.85623E-01-5.09680E-03 2.20761E-01 3.98986E-17 9.23740E-17
 -1       378 5.68880E-01-1.26574E-01-4.52627E-03 1.81459E-01 6.59195E-17 2.77556E-17
 -1       379 6.97094E-01-8.77725E-02-1.68366E-02-2.54639E-01 9.36751E-17 4.82253E-16
 -1       380 2.71413E-01-2.30868E-01-2.63603E-02 1.62725E-01-6.93889E-17-9.10730E-18
 -1       381 9.71162E-01-3.96800E-02-3.78824E-03-2.33058E-01-1.07553E-16-3.15720E-16
 -1       382 1.81341E-01-3.55616E-01-3.80532E-02-1.02962E-01-3.81639E-17-3.64292E-17
 -1       383 1.49125E+00 2.14090E-01 2.10355E-02-1.33384E-01-2.25514E-17 1.45717E-16
 -1       384 1.43643E+00 1.16505E-01 2.71917E-02 2.25826E-01 1.19859E-16-2.18575E-16
 -1       385 9.73121E-02-3.95714E-01-4.85665E-02-8.01666E-02 1.11727E-16 3.25261E-17
 -1       386 3.17614E-01-1.49050E-01-6.56072E-03-1.59311E-01-2.77556E-17 2.42861E-17
 -1       387 8.12841E-01 6.88908E-03 1.00976E-04 1.05671E-02-2.53703E-17 9.07376E-17
 -1       388 8.38139E-01 5.74677E-03-5.17910E-05 4.34313E-02-3.90313E-17-9.38648E-17
 -1       389 8.83161E-01-4.97694E-02-8.75618E-04 5.40775E-02-8.32667E-17 2.65850E-17
 -3
    1PSTEP                         3           1           1          
  100CL  101 1.000000000         389                     0    1           1
 -4  ERROR       1    1
 -5  STR(%)      1    1    0    0
 -1         1 0.00000E+00
 -1         2 0.00000E+00
 -1         3 0.00000E+00
 -1         4 0.00000E+00
 -1         5 0.00000E+00
 -1         6 0.00000E+00
 -1         7 0.00000E+00
 -1         8 0.00000E+00
 -1         9 0.00000E+00
 -1        10 0.00000E+00
 -1        11 0.00000E+00
 -1        12 0.00000E+00
 -1        13 0.00000E+00
 -1        14 0.00000E+00
 -1        15 0.00000E+00
 -1        16 0.00000E+00
 -1        17 0.00000E+00
 -1        18 0.00000E+00
 -1        19 0.00000E+00
 -1        20 0.00000E+00
 -1        21 0.00000E+00
 -1        22 0.00000E+00
 -1        23 0.00000E+00
 -1        24 0.00000E+00
 -1        25 0.00000E+00
 -1        26 0.00000E+00
 -1        27 0.00000E+00
 -1        28 0.00000E+00
 -1        29 0.00000E+00
 -1        30 0.00000E+00
 -1        31 0.00000E+00
 -1        32 0.00000E+00
 -1        33 0.00000E+00
 -1        34 0.00000E+00
 -1        35 0.00000E+00
 -1        36 0.00000E+00
 -1        37 0.00000E+00
 -1        38 0.00000E+00
 -1        39 0.00000E+00
 -1        40 0.00000E+00
 -1        41 0.00000E+00
 -1        42 0.00000E+00
 -1        43 0.00000E+00
 -1        44 0.00000E+00
 -1        45 0.00000E+00
 -1        46 0.00000E+00
 -1        47 0.00000E+00
 -1        48 0.00000E+00
 -1        49 0.00000E+00
 -1        50 0.00000E+00
 -1        51 0.00000E+00
 -1        52 0.00000E+00
 -1        53 0.00000E+00
 -1        54 0.00000E+00
 -1        55 0.00000E+00
 -1        56 0.00000E+00
 -1        57 0.00000E+00
 -1        58 0.00000E+00
 -1        59 0.00000E+00
 -1        60 0.00000E+00
 -1        61 0.00000E+00
 -1        62 0.00000E+00
 -1        63 0.00000E+00
 -1        64 0.00000E+00
 -1        65 0.00000E+00
 -1        66 0.00000E+00
 -1        67 0.00000E+00
 -1        68 0.00000E+00
 -1        69 0.00000E+00
 -1        70 0.00000E+00
 -1        71 0.00000E+00
 -1        72 0.00000E+00
 -1        73 0.00000E+00
 -1        74 0.00000E+00
 -1        75 0.00000E+00
 -1        76 0.00000E+00
 -1        77 0.00000E+00
 -1        78 0.00000E+00
 -1        79 0.00000E+00
 -1        80 0.00000E+00
 -1        81 0.00000E+00
 -1        82 0.00000E+00
 -1        83 0.00000E+00
 -1        84 0.00000E+00
 -1        85 0.00000E+00
 -1        86 0.00000E+00
 -1        87 0.00000E+00
 -1        88 0.00000E+00
 -1        89 0.00000E+00
 -1        90 0.00000E+00
 -1        91 0.00000E+00
 -1        92 0.00000E+00
 -1        93 0.00000E+00
 -1        94 0.00000E+00
 -1        95 0.00000E+00
 -1        96 0.00000E+00
 -1        97 0.00000E+00
 -1        98 0.00000E+00
 -1        99 0.00000E+00
 -1       100 0.00000E+00
 -1       101 0.00000E+00
 -1       102 0.00000E+00
 -1       103 0.00000E+00
 -1       104 0.00000E+00
 -1       105 0.00000E+00
 -1       106 0.00000E+00
 -1       107 0.00000E+00
 -1       108 0.00000E+00
 -1       109 0.00000E+00
 -1       110 0.00000E+00
 -1       111 0.00000E+00
 -1       112 0.00000E+00
 -1       113 0.00000E+00
 -1       114 0.00000E+00
 -1       115 0.00000E+00
 -1       116 0.00000E+00
 -1       117 0.00000E+00
 -1       118 0.00000E+00
 -1       119 0.00000E+00
 -1       120 0.00000E+00
 -1       121 0.00000E+00
 -1       122 0.00000E+00
 -1       123 0.00000E+00
 -1       124 0.00000E+00
 -1       125 0.00000E+00
 -1       126 0.00000E+00
 -1       127 0.00000E+00
 -1       128 0.00000E+00
 -1       129 0.00000E+00
 -1       130 0.00000E+00
 -1       131 0.00000E+00
 -1       132 0.00000E+00
 -1       133 0.00000E+00
 -1       134 0.00000E+00
 -1       135 0.00000E+00
 -1       136 0.00000E+00
 -1       137 0.00000E+00
 -1       138 0.00000E+00
 -1       139 0.00000E+00
 -1       140 0.00000E+00
 -1       141 0.00000E+00
 -1       142 0.00000E+00
 -1       143 0.00000E+00
 -1       144 0.00000E+00
 -1       145 0.00000E+00
 -1       146 0.00000E+00
 -1       147 0.00000E+00
 -1       148 0.00000E+00
 -1       149 0.00000E+00
 -1       150 0.00000E+00
 -1       151 0.00000E+00
 -1       152 0.00000E+00
 -1       153 0.00000E+00
 -1       154 0.00000E+00
 -1       155 0.00000E+00
 -1       156 0.00000E+00
 -1       157 0.00000E+00
 -1       158 0.00000E+00
 -1       159 0.00000E+00
 -1       160 0.00000E+00
 -1       161 0.00000E+00
 -1       162 0.00000E+00
 -1       163 0.00000E+00
 -1       164 0.00000E+00
 -1       165 0.00000E+00
 -1       166 0.00000E+00
 -1       167 0.00000E+00
 -1       168 0.00000E+00
 -1       169 0.00000E+00
 -1       170 0.00000E+00
 -1       171 0.00000E+00
 -1       172 0.00000E+00
 -1       173 0.00000E+00
 -1       174 0.00000E+00
 -1       175 0.00000E+00
 -1       176 0.00000E+00
 -1       177 0.00000E+00
 -1       178 0.00000E+00
 -1       179 0.00000E+00
 -1       180 0.00000E+00
 -1       181 0.00000E+00
 -1       182 0.00000E+00
 -1       183 0.00000E+00
 -1       184 0.00000E+00
 -1       185 0.00000E+00
 -1       186 0.00000E+00
 -1       187 0.00000E+00
 -1       188 0.00000E+00
 -1       189 0.00000E+00
 -1       190 0.00000E+00
 -1       191 0.00000E+00
 -1       192 0.00000E+00
 -1       193 0.00000E+00
 -1       194 0.00000E+00
 -1       195 0.00000E+00
 -1       196 0.00000E+00
 -1       197 0.00000E+00
 -1       198 0.00000E+00
 -1       199 0.00000E+00
 -1       200 0.00000E+00
 -1       201 0.00000E+00
 -1       202 0.00000E+00
 -1       203 0.00000E+00
 -1       204 0.00000E+00
 -1       205 0.00000E+00
 -1       206 0.00000E+00
 -1       207 0.00000E+00
 -1       208 0.00000E+00
 -1       209 0.00000E+00
 -1       210 0.00000E+00
 -1       211 0.00000E+00
 -1       212 0.00000E+00
 -1       213 0.00000E+00
 -1       214 0.00000E+00
 -1       215 0.00000E+00
 -1       216 0.00000E+00
 -1       217 0.00000E+00
 -1       218 0.00000E+00
 -1       219 0.00000E+00
 -1       220 0.00000E+00
 -1       221 0.00000E+00
 -1       222 0.00000E+00
 -1       223 0.00000E+00
 -1       224 0.00000E+00
 -1       225 0.00000E+00
 -1       226 0.00000E+00
 -1       227 0.00000E+00
 -1       228 0.00000E+00
 -1       229 0.00000E+00
 -1       230 0.00000E+00
 -1       231 0.00000E+00
 -1       232 0.00000E+00
 -1       233 0.00000E+00
 -1       234 0.00000E+00
 -1       235 0.00000E+00
 -1       236 0.00000E+00
 -1       237 0.00000E+00
 -1       238 0.00000E+00
 -1       239 0.00000E+00
 -1       240 0.00000E+00
 -1       241 0.00000E+00
 -1       242 0.00000E+00
 -1       243 0.00000E+00
 -1       244 0.00000E+00
 -1       245 0.00000E+00
 -1       246 0.00000E+00
 -1       247 0.00000E+00
 -1       248 0.00000E+00
 -1       249 0.00000E+00
 -1       250 0.00000E+00
 -1       251 0.00000E+00
 -1       252 0.00000E+00
 -1       253 0.00000E+00
 -1       254 0.00000E+00
 -1       255 0.00000E+00
 -1       256 0.00000E+00
 -1       257 0.00000E+00
 -1       258 0.00000E+00
 -1       259 0.00000E+00
 -1       260 0.00000E+00
 -1       261 0.00000E+00
 -1       262 0.00000E+00
 -1       263 0.00000E+00
 -1       264 0.00000E+00
 -1       265 0.00000E+00
 -1       266 0.00000E+00
 -1       267 0.00000E+00
 -1       268 0.00000E+00
 -1       269 0.00000E+00
 -1       270 0.00000E+00
 -1       271 0.00000E+00
 -1       272 0.00000E+00
 -1       273 0.00000E+00
 -1       274 0.00000E+00
 -1       275 0.00000E+00
 -1       276 0.00000E+00
 -1       277 0.00000E+00
 -1       278 0.00000E+00
 -1       279 0.00000E+00
 -1       280 0.00000E+00
 -1       281 0.00000E+00
 -1       282 0.00000E+00
 -1       283 0.00000E+00
 -1       284 0.00000E+00
 -1       285 0.00000E+00
 -1       286 0.00000E+00
 -1       287 0.00000E+00
 -1       288 0.00000E+00
 -1       289 0.00000E+00
 -1       290 0.00000E+00
 -1       291 0.00000E+00
 -1       292 0.00000E+00
 -1       293 0.00000E+00
 -1       294 0.00000E+00
 -1       295 0.00000E+00
 -1       296 0.00000E+00
 -1       297 0.00000E+00
 -1       298 0.00000E+00
 -1       299 0.00000E+00
 -1       300 0.00000E+00
 -1       301 0.00000E+00
 -1       302 0.00000E+00
 -1       303 0.00000E+00
 -1       304 0.00000E+00
 -1       305 0.00000E+00
 -1       306 0.00000E+00
 -1       307 0.00000E+00
 -1       308 0.00000E+00
 -1       309 0.00000E+00
 -1       310 0.00000E+00
 -1       311 0.00000E+00
 -1       312 0.00000E+00
 -1       313 0.00000E+00
 -1       314 0.00000E+00
 -1       315 0.00000E+00
 -1       316 0.00000E+00
 -1       317 0.00000E+00
 -1       318 0.00000E+00
 -1       319 0.00000E+00
 -1       320 0.00000E+00
 -1       321 0.00000E+00
 -1       322 0.00000E+00
 -1       323 0.00000E+00
 -1       324 0.00000E+00
 -1       325 0.00000E+00
 -1       326 0.00000E+00
 -1       327 0.00000E+00
 -1       328 0.00000E+00
 -1       329 0.00000E+00
 -1       330 0.00000E+00
 -1       331 0.00000E+00
 -1       332 0.00000E+00
 -1       333 0.00000E+00
 -1       334 0.00000E+00
 -1       335 0.00000E+00
 -1       336 0.00000E+00
 -1       337 0.00000E+00
 -1       338 0.00000E+00
 -1       339 0.00000E+00
 -1       340 0.00000E+00
 -1       341 0.00000E+00
 -1       342 0.00000E+00
 -1       343 0.00000E+00
 -1       344 0.00000E+00
 -1       345 0.00000E+00
 -1       346 0.00000E+00
 -1       347 0.00000E+00
 -1       348 0.00000E+00
 -1       349 0.00000E+00
 -1       350 0.00000E+00
 -1       351 0.00000E+00
 -1       352 0.00000E+00
 -1       353 0.00000E+00
 -1       354 0.00000E+00
 -1       355 0.00000E+00
 -1       356 0.00000E+00
 -1       357 0.00000E+00
 -1       358 0.00000E+00
 -1       359 0.00000E+00
 -1       360 0.00000E+00
 -1       361 0.00000E+00
 -1       362 0.00000E+00
 -1       363 0.00000E+00
 -1       364 0.00000E+00
 -1       365 0.00000E+00
 -1       366 0.00000E+00
 -1       367 0.00000E+00
 -1       368 0.00000E+00
 -1       369 0.00000E+00
 -1       370 0.00000E+00
 -1       371 0.00000E+00
 -1       372 0.00000E+00
 -1       373 0.00000E+00
 -1       374 0.00000E+00
 -1       375 0.00000E+00
 -1       376 0.00000E+00
 -1       377 0.00000E+00
 -1       378 0.00000E+00
 -1       379 0.00000E+00
 -1       380 0.00000E+00
 -1       381 0.00000E+00
 -1       382 0.00000E+00
 -1       383 0.00000E+00
 -1       384 0.00000E+00
 -1       385 0.00000E+00
 -1       386 0.00000E+00
 -1       387 0.00000E+00
 -1       388 0.00000E+00
 -1       389 0.00000E+00
 -3
 9999
