
                        S T E P       1


                                INCREMENT     1


 displacements (vx,vy,vz) for set NALL and time  0.1000000E+01

         1  5.544617E-04 -3.892593E-05  0.000000E+00
         2  0.000000E+00  0.000000E+00  0.000000E+00
         3  5.819218E-04  2.628246E-05  0.000000E+00
         4  0.000000E+00  0.000000E+00  0.000000E+00
         5  6.287289E-04 -6.682605E-05  0.000000E+00
         6  5.503513E-04 -4.808152E-05  0.000000E+00
         7  5.377879E-04 -5.709104E-05  0.000000E+00
         8  5.175249E-04 -6.545901E-05  0.000000E+00
         9  4.923553E-04 -7.061034E-05  0.000000E+00
        10  4.640452E-04 -7.275097E-05  0.000000E+00
        11  4.364294E-04 -7.164508E-05  0.000000E+00
        12  4.083130E-04 -6.422480E-05  0.000000E+00
        13  3.855299E-04 -5.660153E-05  0.000000E+00
        14  3.676810E-04 -4.794887E-05  0.000000E+00
        15  3.582213E-04 -3.819129E-05  0.000000E+00
        16  3.594185E-04 -2.907793E-05  0.000000E+00
        17  3.680801E-04 -2.054768E-05  0.000000E+00
        18  3.842291E-04 -1.301888E-05  0.000000E+00
        19  4.072995E-04 -6.696853E-06  0.000000E+00
        20  4.320906E-04 -4.082318E-06  0.000000E+00
        21  4.597039E-04 -4.543836E-06  0.000000E+00
        22  4.879149E-04 -7.498470E-06  0.000000E+00
        23  5.135033E-04 -1.345256E-05  0.000000E+00
        24  5.340449E-04 -2.152291E-05  0.000000E+00
        25  5.484025E-04 -2.985422E-05  0.000000E+00
        26  3.748609E-05  2.301167E-05  0.000000E+00
        27  6.733152E-05  3.492606E-05  0.000000E+00
        28  9.565186E-05  4.268716E-05  0.000000E+00
        29  1.233878E-04  4.785619E-05  0.000000E+00
        30  1.512155E-04  5.106122E-05  0.000000E+00
        31  1.795607E-04  5.307509E-05  0.000000E+00
        32  2.082262E-04  5.428726E-05  0.000000E+00
        33  2.371729E-04  5.508082E-05  0.000000E+00
        34  2.664050E-04  5.570989E-05  0.000000E+00
        35  2.957256E-04  5.624972E-05  0.000000E+00
        36  3.249169E-04  5.667440E-05  0.000000E+00
        37  3.537895E-04  5.683335E-05  0.000000E+00
        38  3.821243E-04  5.647510E-05  0.000000E+00
        39  4.100455E-04  5.507196E-05  0.000000E+00
        40  4.377999E-04  5.239954E-05  0.000000E+00
        41  4.657704E-04  4.847943E-05  0.000000E+00
        42  4.939478E-04  4.347667E-05  0.000000E+00
        43  5.227406E-04  3.781418E-05  0.000000E+00
        44  5.521391E-04  3.194824E-05  0.000000E+00
        45  0.000000E+00  0.000000E+00  0.000000E+00
        46  0.000000E+00  0.000000E+00  0.000000E+00
        47  0.000000E+00  0.000000E+00  0.000000E+00
        48  0.000000E+00  0.000000E+00  0.000000E+00
        49  0.000000E+00  0.000000E+00  0.000000E+00
        50  0.000000E+00  0.000000E+00  0.000000E+00
        51  0.000000E+00  0.000000E+00  0.000000E+00
        52  0.000000E+00  0.000000E+00  0.000000E+00
        53  0.000000E+00  0.000000E+00  0.000000E+00
        54  0.000000E+00  0.000000E+00  0.000000E+00
        55  0.000000E+00  0.000000E+00  0.000000E+00
        56  5.874523E-04  1.702655E-05  0.000000E+00
        57  5.927702E-04  7.343544E-06  0.000000E+00
        58  5.984200E-04 -2.955747E-06  0.000000E+00
        59  6.050560E-04 -1.387504E-05  0.000000E+00
        60  6.135878E-04 -2.463770E-05  0.000000E+00
        61  6.234901E-04 -3.434195E-05  0.000000E+00
        62  6.337101E-04 -4.141311E-05  0.000000E+00
        63  6.413601E-04 -4.515103E-05  0.000000E+00
        64  6.435174E-04 -4.755165E-05  0.000000E+00
        65  6.401831E-04 -5.127722E-05  0.000000E+00
        66  6.340227E-04 -5.792567E-05  0.000000E+00
        67  5.986307E-04 -7.059189E-05  0.000000E+00
        68  5.666031E-04 -7.375882E-05  0.000000E+00
        69  5.325149E-04 -7.971914E-05  0.000000E+00
        70  4.988674E-04 -8.796186E-05  0.000000E+00
        71  4.696158E-04 -9.307094E-05  0.000000E+00
        72  4.418787E-04 -8.772359E-05  0.000000E+00
        73  4.091858E-04 -7.539862E-05  0.000000E+00
        74  3.728207E-04 -6.447184E-05  0.000000E+00
        75  3.367668E-04 -5.809226E-05  0.000000E+00
        76  3.024681E-04 -5.540791E-05  0.000000E+00
        77  2.699509E-04 -5.434305E-05  0.000000E+00
        78  2.389432E-04 -5.389769E-05  0.000000E+00
        79  2.090256E-04 -5.346744E-05  0.000000E+00
        80  1.798605E-04 -5.253315E-05  0.000000E+00
        81  1.513457E-04 -5.083906E-05  0.000000E+00
        82  1.234352E-04 -4.780913E-05  0.000000E+00
        83  9.557834E-05 -4.284033E-05  0.000000E+00
        84  6.743486E-05 -3.497309E-05  0.000000E+00
        85  3.748246E-05 -2.300600E-05  0.000000E+00
        86  3.629158E-04 -2.833056E-05  0.000000E+00
        87  4.013794E-04 -1.211582E-05  0.000000E+00
        88  2.517199E-04  4.789715E-05  0.000000E+00
        89  4.701778E-04 -2.549245E-06  0.000000E+00
        90  2.531916E-04 -4.636980E-05  0.000000E+00
        91  3.396124E-04  4.920199E-05  0.000000E+00
        92  1.585638E-04 -4.478053E-05  0.000000E+00
        93  1.611921E-04  4.398850E-05  0.000000E+00
        94  4.259496E-04  4.626234E-05  0.000000E+00
        95  2.038466E-05  1.073685E-06  0.000000E+00
        96  3.617712E-04 -3.786124E-05  0.000000E+00
        97  5.140986E-04 -2.092504E-05  0.000000E+00
        98  5.822724E-04 -1.162581E-05  0.000000E+00
        99  5.437041E-04 -4.754570E-05  0.000000E+00
       100  5.534602E-04 -3.771088E-05  0.000000E+00
       101  2.330424E-05 -4.964657E-06  0.000000E+00
       102  6.040934E-04 -3.246867E-05  0.000000E+00
       103  4.039990E-04 -5.742684E-05  0.000000E+00
       104  3.475709E-04 -5.177644E-05  0.000000E+00
       105  4.960506E-04 -6.899084E-05  0.000000E+00
       106  2.523676E-05  5.181568E-06  0.000000E+00
       107  6.169903E-04 -5.048367E-05  0.000000E+00
       108  4.835755E-04  3.946264E-05  0.000000E+00
       109  1.094546E-04 -3.938603E-05  0.000000E+00
       110  1.082319E-04  3.944522E-05  0.000000E+00
       111  4.559607E-04 -7.740294E-05  0.000000E+00
       112  5.660683E-04  7.308828E-06  0.000000E+00
       113  5.197439E-04 -7.374046E-05  0.000000E+00
       114  4.236443E-04 -7.550033E-05  0.000000E+00
       115  2.141771E-05 -8.871687E-06  0.000000E+00
       116  2.281479E-05  9.672663E-06  0.000000E+00
       117  5.874866E-04 -6.382609E-05  0.000000E+00
       118  5.408817E-04  2.682907E-05  0.000000E+00
       119  5.555385E-04 -4.109837E-05  0.000000E+00
       120  5.586396E-04 -4.045256E-05  0.000000E+00
       121  5.496657E-04 -3.688327E-05  0.000000E+00
       122  5.644944E-04 -4.010820E-05  0.000000E+00
       123  5.651842E-04 -4.356423E-05  0.000000E+00
       124  5.465576E-04 -3.372517E-05  0.000000E+00
       125  5.746294E-04 -3.773961E-05  0.000000E+00
       126  5.563556E-04 -2.912804E-05  0.000000E+00
       127  5.238126E-04 -2.058815E-05  0.000000E+00
       128  5.349729E-04 -1.635125E-05  0.000000E+00
       129  4.969905E-04 -5.483323E-06  0.000000E+00
       130  5.153252E-04 -2.687834E-06  0.000000E+00
       131  4.806208E-04  6.996910E-06  0.000000E+00
       132  4.993414E-04  9.245097E-06  0.000000E+00
       133  4.668556E-04  1.706199E-05  0.000000E+00
       134  4.479520E-04  1.438357E-05  0.000000E+00
       135  4.351610E-04  2.256543E-05  0.000000E+00
       136  4.153499E-04  1.731059E-05  0.000000E+00
       137  4.034159E-04  2.556403E-05  0.000000E+00
       138  3.826497E-04  1.791796E-05  0.000000E+00
       139  3.937663E-04  7.078409E-06  0.000000E+00
       140  3.599585E-04  8.585156E-06  0.000000E+00
       141  3.499976E-04  1.880319E-05  0.000000E+00
       142  3.270500E-04  1.002992E-05  0.000000E+00
       143  3.341488E-04 -7.071636E-07  0.000000E+00
       144  3.030328E-04  1.883516E-06  0.000000E+00
       145  3.095562E-04 -8.685685E-06  0.000000E+00
       146  2.795916E-04 -5.154445E-06  0.000000E+00
       147  2.719804E-04  4.749607E-06  0.000000E+00
       148  2.493702E-04 -2.065402E-06  0.000000E+00
       149  2.411237E-04  7.397175E-06  0.000000E+00
       150  2.189463E-04  6.491581E-07  0.000000E+00
       151  2.103819E-04  9.726518E-06  0.000000E+00
       152  1.884070E-04  3.006725E-06  0.000000E+00
       153  1.974758E-04 -5.684360E-06  0.000000E+00
       154  1.670062E-04 -3.271908E-06  0.000000E+00
       155  1.578748E-04  4.954071E-06  0.000000E+00
       156  2.866150E-04 -1.461201E-05  0.000000E+00
       157  1.365624E-04 -1.131254E-06  0.000000E+00
       158  1.462034E-04 -9.018915E-06  0.000000E+00
       159  1.275145E-04  6.336215E-06  0.000000E+00
       160  3.178414E-04  2.033872E-05  0.000000E+00
       161  3.145221E-04 -1.866715E-05  0.000000E+00
       162  1.158239E-04 -6.389197E-06  0.000000E+00
       163  1.492277E-04  1.295736E-05  0.000000E+00
       164  1.189535E-04  1.341760E-05  0.000000E+00
       165  2.943598E-04 -2.297025E-05  0.000000E+00
       166  1.259002E-04 -1.408047E-05  0.000000E+00
       167  1.565613E-04 -1.731169E-05  0.000000E+00
       168  2.662870E-04 -1.982913E-05  0.000000E+00
       169  2.327418E-04  1.682371E-05  0.000000E+00
       170  3.206173E-04 -2.620396E-05  0.000000E+00
       171  9.555386E-05 -1.055143E-05  0.000000E+00
       172  9.697665E-05  6.835855E-06  0.000000E+00
       173  1.410520E-04  2.074920E-05  0.000000E+00
       174  1.108708E-04  2.018732E-05  0.000000E+00
       175  1.060048E-04 -1.822330E-05  0.000000E+00
       176  2.767998E-04 -2.770497E-05  0.000000E+00
       177  2.474980E-04 -2.521194E-05  0.000000E+00
       178  4.538947E-04  2.645996E-05  0.000000E+00
       179  3.385375E-04 -2.188059E-05  0.000000E+00
       180  3.397245E-04  2.849001E-05  0.000000E+00
       181  3.083212E-04  3.008318E-05  0.000000E+00
       182  2.019985E-04  1.872539E-05  0.000000E+00
       183  2.244006E-04  2.605574E-05  0.000000E+00
       184  1.938934E-04  2.755639E-05  0.000000E+00
       185  8.597667E-05 -3.971901E-06  0.000000E+00
       186  6.625394E-05 -7.034292E-06  0.000000E+00
       187  1.333773E-04  2.829006E-05  0.000000E+00
       188  4.170806E-04 -6.630536E-06  0.000000E+00
       189  4.067499E-04 -9.562530E-06  0.000000E+00
       190  4.250004E-04 -1.632789E-06  0.000000E+00
       191  3.874530E-04 -1.868511E-05  0.000000E+00
       192  4.005153E-04 -9.592323E-06  0.000000E+00
       193  3.841624E-04 -4.640749E-05  0.000000E+00
       194  3.947852E-04 -5.083353E-05  0.000000E+00
       195  4.162694E-04 -6.188189E-05  0.000000E+00
       196  3.767221E-04 -4.211704E-05  0.000000E+00
       197  3.896342E-04 -4.964509E-05  0.000000E+00
       198  3.634627E-04 -3.917882E-05  0.000000E+00
       199  4.925872E-04 -1.066406E-05  0.000000E+00
       200  4.784881E-04 -5.290625E-06  0.000000E+00
       201  4.611422E-04  8.736290E-07  0.000000E+00
       202  4.963480E-04 -1.367114E-05  0.000000E+00
       203  5.298941E-04 -5.276905E-05  0.000000E+00
       204  5.409093E-04 -4.838493E-05  0.000000E+00
       205  5.236837E-04 -5.567114E-05  0.000000E+00
       206  5.438419E-04 -5.192416E-05  0.000000E+00
       207  4.760706E-04 -7.550968E-05  0.000000E+00
       208  4.845175E-04 -7.396475E-05  0.000000E+00
       209  4.691327E-04 -7.903497E-05  0.000000E+00
       210  4.513623E-04 -7.838582E-05  0.000000E+00
       211  4.836568E-04 -7.770841E-05  0.000000E+00
       212  3.555359E-04 -3.345535E-05  0.000000E+00
       213  2.551637E-04  2.421805E-05  0.000000E+00
       214  2.370610E-04 -1.697843E-05  0.000000E+00
       215  2.175684E-04 -2.276375E-05  0.000000E+00
       216  2.284632E-04 -3.097679E-05  0.000000E+00
       217  1.983355E-04 -2.872131E-05  0.000000E+00
       218  2.100066E-04 -3.748181E-05  0.000000E+00
       219  2.160304E-04  3.474875E-05  0.000000E+00
       220  4.135581E-04  1.448833E-06  0.000000E+00
       221  3.563106E-04 -3.370173E-05  0.000000E+00
       222  3.504911E-04 -3.076551E-05  0.000000E+00
       223  5.851112E-04 -4.324712E-05  0.000000E+00
       224  5.979379E-04 -3.992452E-05  0.000000E+00
       225  5.315393E-04  2.324228E-07  0.000000E+00
       226  5.171375E-04  1.165249E-05  0.000000E+00
       227  5.622959E-05 -2.212132E-06  0.000000E+00
       228  1.030146E-04  2.632439E-05  0.000000E+00
       229  8.093376E-05  1.796606E-05  0.000000E+00
       230  7.366088E-05  2.316592E-05  0.000000E+00
       231  4.044112E-05 -4.001362E-06  0.000000E+00
       232  3.738618E-04 -4.723418E-05  0.000000E+00
       233  3.419402E-04 -3.757004E-05  0.000000E+00
       234  3.862024E-04 -5.364830E-06  0.000000E+00
       235  4.440126E-04  5.137570E-06  0.000000E+00
       236  1.798773E-04 -3.459124E-05  0.000000E+00
       237  1.837285E-04  3.757252E-05  0.000000E+00
       238  5.543656E-04 -4.339717E-05  0.000000E+00
       239  3.472782E-04 -3.223445E-05  0.000000E+00
       240  4.746567E-04 -1.798522E-06  0.000000E+00
       241  4.545023E-04 -8.641380E-05  0.000000E+00
       242  5.510741E-04  2.029521E-06  0.000000E+00
       243  4.610406E-04  6.669647E-06  0.000000E+00
       244  3.304335E-04  3.958420E-05  0.000000E+00
       245  3.606039E-04  3.620957E-05  0.000000E+00
       246  2.972769E-04  3.959452E-05  0.000000E+00
       247  4.512728E-04  5.935246E-07  0.000000E+00
       248  5.160126E-05  1.372366E-05  0.000000E+00
       249  5.759368E-05  1.009738E-05  0.000000E+00
       250  2.084141E-04  4.372258E-05  0.000000E+00
       251  3.859993E-05  4.223721E-06  0.000000E+00
       252  5.349623E-04  1.399461E-05  0.000000E+00
       253  5.032590E-04  2.214844E-05  0.000000E+00
       254  5.210074E-04  2.493489E-05  0.000000E+00
       255  6.705578E-05  6.137200E-06  0.000000E+00
       256  5.199286E-04 -2.501600E-05  0.000000E+00
       257  3.765689E-04 -1.849055E-05  0.000000E+00
       258  5.691668E-04 -4.814721E-05  0.000000E+00
       259  5.496506E-04 -5.853053E-05  0.000000E+00
       260  5.840556E-04 -5.464356E-05  0.000000E+00
       261  5.499755E-04 -1.260997E-05  0.000000E+00
       262  5.212459E-04 -6.306478E-05  0.000000E+00
       263  4.275517E-04  1.001239E-05  0.000000E+00
       264  1.271277E-04  3.598022E-05  0.000000E+00
       265  4.852830E-04  1.974013E-05  0.000000E+00
       266  4.714613E-04  2.966651E-05  0.000000E+00
       267  4.409953E-04  3.590518E-05  0.000000E+00
       268  4.228059E-04  3.125492E-05  0.000000E+00
       269  4.099458E-04  4.033296E-05  0.000000E+00
       270  3.715216E-04  2.712732E-05  0.000000E+00
       271  2.773010E-04  3.177703E-05  0.000000E+00
       272  2.950563E-04  1.226302E-05  0.000000E+00
       273  2.862618E-04  2.224262E-05  0.000000E+00
       274  2.462487E-04  3.301893E-05  0.000000E+00
       275  1.677609E-04 -2.590328E-05  0.000000E+00
       276  1.488142E-04 -3.090157E-05  0.000000E+00
       277  1.368821E-04 -2.238145E-05  0.000000E+00
       278  1.175645E-04 -2.670331E-05  0.000000E+00
       279  8.660232E-05 -2.102542E-05  0.000000E+00
       280  1.327486E-04 -3.660080E-05  0.000000E+00
       281  2.071093E-04 -1.430699E-05  0.000000E+00
       282  3.370201E-04 -1.158581E-05  0.000000E+00
       283  2.277321E-04 -8.326940E-06  0.000000E+00
       284  3.103976E-04 -3.116406E-05  0.000000E+00
       285  2.888952E-04 -3.528835E-05  0.000000E+00
       286  2.576064E-04 -3.285029E-05  0.000000E+00
       287  2.637182E-04  1.461530E-05  0.000000E+00
       288  2.575356E-04 -1.125888E-05  0.000000E+00
       289  1.630697E-04  2.853962E-05  0.000000E+00
       290  1.713451E-04  2.013990E-05  0.000000E+00
       291  1.871964E-04 -2.017527E-05  0.000000E+00
       292  1.063380E-04  5.621026E-07  0.000000E+00
       293  1.767330E-04 -1.167403E-05  0.000000E+00
       294  1.797199E-04  1.163881E-05  0.000000E+00
       295  8.840338E-05  1.257595E-05  0.000000E+00
       296  7.602383E-05 -1.329961E-05  0.000000E+00
       297  5.184602E-05 -1.332750E-05  0.000000E+00
       298  6.609013E-05 -2.265717E-05  0.000000E+00
       299  3.917458E-04  3.431606E-05  0.000000E+00
       300  3.807353E-04  4.259121E-05  0.000000E+00
       301  4.361217E-04 -7.186181E-05  0.000000E+00
       302  5.347320E-04 -3.078740E-05  0.000000E+00
       303  3.749861E-04 -2.343012E-05  0.000000E+00
       304  3.693623E-04 -2.572077E-05  0.000000E+00
       305  4.592897E-04  4.088006E-05  0.000000E+00
       306  7.686202E-05  1.472685E-06  0.000000E+00
       307  5.858299E-04 -2.112745E-05  0.000000E+00
       308  2.386487E-05  7.405128E-06  0.000000E+00
       309  2.373036E-05 -7.474836E-06  0.000000E+00
       310  4.851819E-04 -8.467124E-05  0.000000E+00
       311  7.679847E-05 -3.236053E-05  0.000000E+00
       312  3.157053E-04 -4.845889E-05  0.000000E+00
       313  1.889673E-04 -4.400171E-05  0.000000E+00
       314  2.231751E-04 -4.569624E-05  0.000000E+00
       315  7.520568E-05  3.067398E-05  0.000000E+00
       316  2.840478E-04 -4.744064E-05  0.000000E+00
       317  2.806257E-04  4.829697E-05  0.000000E+00
       318  3.101771E-04  4.882535E-05  0.000000E+00
       319  5.564849E-04 -6.641813E-05  0.000000E+00
       320  5.702249E-04 -2.503886E-05  0.000000E+00
       321  4.646211E-04 -8.254799E-05  0.000000E+00
       322  3.961980E-04  4.885616E-05  0.000000E+00
       323  4.677096E-05 -7.809609E-06  0.000000E+00
       324  4.437279E-04  2.237461E-06  0.000000E+00
       325  1.536185E-04  3.505293E-05  0.000000E+00
       326  4.513135E-05  2.218338E-05  0.000000E+00
       327  4.627024E-05 -2.178740E-05  0.000000E+00
       328  6.125262E-04 -5.708887E-05  0.000000E+00
       329  5.654285E-04  1.662007E-05  0.000000E+00
       330  3.846319E-04 -5.916600E-05  0.000000E+00
       331  2.663875E-04  4.021396E-05  0.000000E+00
       332  9.886833E-05 -2.979292E-05  0.000000E+00
       333  6.156197E-04 -4.478932E-05  0.000000E+00
       334  2.341703E-05 -9.009585E-07  0.000000E+00
       335  3.214118E-04 -4.080268E-05  0.000000E+00
       336  5.087081E-04  3.407672E-05  0.000000E+00
       337  4.120796E-04 -6.350049E-05  0.000000E+00
       338  5.795452E-04 -3.632408E-06  0.000000E+00
       339  4.661681E-05  1.464894E-06  0.000000E+00
       340  2.388754E-04 -3.881492E-05  0.000000E+00
       341  6.155081E-04 -3.957730E-05  0.000000E+00
       342  3.679984E-04  4.983969E-05  0.000000E+00
       343  4.784318E-05  1.775628E-05  0.000000E+00
       344  2.361269E-04  4.142670E-05  0.000000E+00
       345  1.341881E-04  4.399689E-05  0.000000E+00
       346  3.630880E-04 -2.446537E-06  0.000000E+00
       347  1.350988E-04 -4.418546E-05  0.000000E+00
       348  5.868974E-04 -3.425365E-05  0.000000E+00
       349  1.879668E-04  4.681968E-05  0.000000E+00
       350  5.023302E-04 -6.617860E-05  0.000000E+00
       351  4.321567E-04 -7.116552E-05  0.000000E+00
       352  5.383256E-04 -3.181066E-05  0.000000E+00
       353  2.698718E-04 -4.017220E-05  0.000000E+00
       354  1.889894E-05 -2.289289E-06  0.000000E+00
       355  4.901157E-04  3.146093E-05  0.000000E+00
       356  3.389045E-04 -2.851861E-05  0.000000E+00
       357  3.557382E-04 -2.628535E-05  0.000000E+00
       358  3.558579E-04  4.362662E-05  0.000000E+00
       359  4.402968E-04 -7.779980E-05  0.000000E+00
       360  4.130224E-05 -1.492102E-05  0.000000E+00
       361  5.455239E-04  1.781104E-05  0.000000E+00
       362  5.954678E-04 -4.846372E-05  0.000000E+00
       363  2.283054E-04  4.856276E-05  0.000000E+00
       364  5.591011E-04 -8.487599E-06  0.000000E+00
       365  5.556374E-04 -4.633578E-05  0.000000E+00
       366  5.642446E-04  2.375766E-05  0.000000E+00
       367  6.104794E-04 -6.328090E-05  0.000000E+00
       368  5.009720E-04 -1.350797E-05  0.000000E+00
       369  1.992026E-05 -1.052458E-05  0.000000E+00
       370  2.168159E-05  1.147176E-05  0.000000E+00
       371  1.603232E-05  2.044255E-06  0.000000E+00
       372  9.641732E-05  3.116147E-05  0.000000E+00
       373  3.310634E-04 -3.168431E-05  0.000000E+00
       374  3.603635E-04 -1.538220E-05  0.000000E+00
       375  4.999036E-04 -7.543808E-05  0.000000E+00
       376  3.726794E-04 -4.362373E-05  0.000000E+00
       377  3.677046E-04 -3.830810E-05  0.000000E+00
       378  3.621326E-04 -3.618734E-05  0.000000E+00
       379  3.863003E-04 -1.805375E-05  0.000000E+00
       380  5.457026E-04 -3.358765E-05  0.000000E+00
       381  5.143571E-04 -6.069037E-05  0.000000E+00
       382  5.522075E-04 -4.392553E-05  0.000000E+00
       383  4.323587E-04 -1.343416E-06  0.000000E+00
       384  4.195028E-04 -6.518339E-05  0.000000E+00
       385  3.571839E-04 -3.174219E-05  0.000000E+00
       386  3.572293E-04 -3.050721E-05  0.000000E+00
       387  1.617659E-04 -3.801873E-05  0.000000E+00
       388  2.959560E-04 -4.211392E-05  0.000000E+00
       389  3.535643E-04 -4.650239E-05  0.000000E+00

 stresses (elem, integ.pnt.,sxx,syy,szz,sxy,sxz,syz) for set EALL and time  0.1000000E+01

         1   1  8.041866E-01 -6.004796E-03 -2.489217E-03  8.287903E-03 -2.789820E-04  4.066651E-04
         1   2  8.041866E-01 -6.004796E-03 -2.489217E-03  8.287903E-03  2.789820E-04 -4.066651E-04
         2   1  8.239753E-01  6.954979E-02 -3.960402E-03 -5.639299E-02 -7.076647E-04 -1.897265E-03
         2   2  8.239753E-01  6.954979E-02 -3.960402E-03 -5.639299E-02  7.076647E-04  1.897265E-03
         3   1  8.564366E-01  5.224795E-02  1.017490E-02 -5.865896E-02 -9.622800E-04 -2.122201E-03
         3   2  8.564366E-01  5.224795E-02  1.017490E-02 -5.865896E-02  9.622800E-04  2.122201E-03
         4   1  7.887424E-01  1.395277E-01 -4.949769E-03 -6.761743E-03 -1.142942E-03 -5.923036E-04
         4   2  7.887424E-01  1.395277E-01 -4.949769E-03 -6.761743E-03  1.142942E-03  5.923036E-04
         5   1  1.068900E+00  2.668669E-01  1.138642E-02 -2.908725E-02 -7.039987E-03  2.106238E-02
         5   2  1.068900E+00  2.668669E-01  1.138642E-02 -2.908725E-02  7.039987E-03 -2.106238E-02
         6   1  9.155230E-01  2.545180E-02 -9.811063E-03  3.265028E-02  2.730378E-03  1.535755E-03
         6   2  9.155230E-01  2.545180E-02 -9.811063E-03  3.265028E-02 -2.730378E-03 -1.535755E-03
         7   1  8.208071E-01 -1.370087E-02 -2.143224E-03 -1.155282E-02 -6.214466E-04  1.840353E-04
         7   2  8.208071E-01 -1.370087E-02 -2.143224E-03 -1.155282E-02  6.214466E-04 -1.840353E-04
         8   1  5.933668E-01 -2.099433E-01 -4.778740E-02 -2.732821E-01 -1.950743E-03 -3.234551E-02
         8   2  5.933668E-01 -2.099433E-01 -4.778740E-02 -2.732821E-01  1.950743E-03  3.234551E-02
         9   1  1.269702E-01 -1.477992E-01 -4.287413E-02 -9.140208E-02  3.444008E-02  1.132391E-02
         9   2  1.269702E-01 -1.477992E-01 -4.287413E-02 -9.140208E-02 -3.444008E-02 -1.132391E-02
        10   1  7.909772E-01  1.020192E-01 -1.293319E-02  4.662385E-02 -1.124388E-03 -2.214886E-04
        10   2  7.909772E-01  1.020192E-01 -1.293319E-02  4.662385E-02  1.124388E-03  2.214886E-04
        11   1  1.013770E+00 -1.092593E-02  1.891979E-02  4.556805E-02  4.712341E-03  1.292119E-04
        11   2  1.013770E+00 -1.092593E-02  1.891979E-02  4.556805E-02 -4.712341E-03 -1.292119E-04
        12   1  7.976847E-01 -1.074864E-03 -1.896062E-03 -5.153579E-03 -1.813619E-05  5.576888E-04
        12   2  7.976847E-01 -1.074864E-03 -1.896062E-03 -5.153579E-03  1.813619E-05 -5.576888E-04
        13   1  8.238653E-01 -1.346552E-03  3.459976E-03  6.066691E-03  5.819072E-05  1.915515E-04
        13   2  8.238653E-01 -1.346552E-03  3.459976E-03  6.066691E-03 -5.819072E-05 -1.915515E-04
        14   1  7.667631E-01  2.437414E-03 -1.864126E-03 -2.522153E-03  3.207205E-04  9.912710E-04
        14   2  7.667631E-01  2.437414E-03 -1.864126E-03 -2.522153E-03 -3.207205E-04 -9.912710E-04
        15   1  7.751312E-01  9.914159E-03  6.243014E-04  5.644414E-02 -1.653355E-03  1.634330E-03
        15   2  7.751312E-01  9.914159E-03  6.243014E-04  5.644414E-02  1.653355E-03 -1.634330E-03
        16   1  8.473634E-01 -4.353237E-02 -7.556868E-03  5.105846E-02 -4.270921E-04 -1.040059E-04
        16   2  8.473634E-01 -4.353237E-02 -7.556868E-03  5.105846E-02  4.270921E-04  1.040059E-04
        17   1  8.137849E-01  5.147474E-04  4.540064E-04 -9.018953E-03 -3.031037E-04  8.288619E-04
        17   2  8.137849E-01  5.147474E-04  4.540064E-04 -9.018953E-03  3.031037E-04 -8.288619E-04
        18   1  6.622709E-01  6.321655E-02  4.447816E-02 -1.535071E-03  7.763774E-03  9.098539E-04
        18   2  6.622709E-01  6.321655E-02  4.447816E-02 -1.535071E-03 -7.763774E-03 -9.098539E-04
        19   1  7.981528E-01  1.925804E-01  1.000436E-02  7.943808E-03 -3.288756E-04  1.741725E-04
        19   2  7.981528E-01  1.925804E-01  1.000436E-02  7.943808E-03  3.288756E-04 -1.741725E-04
        20   1  8.214219E-01  1.844006E-01  1.644200E-02 -6.591749E-02 -1.087621E-03 -1.904288E-04
        20   2  8.214219E-01  1.844006E-01  1.644200E-02 -6.591749E-02  1.087621E-03  1.904288E-04
        21   1  8.140331E-01  1.589098E-01  8.430650E-03  4.451662E-02 -1.272300E-03  6.024630E-04
        21   2  8.140331E-01  1.589098E-01  8.430650E-03  4.451662E-02  1.272300E-03 -6.024630E-04
        22   1  3.065159E-01 -7.786826E-02 -3.770041E-02 -1.415737E-01 -1.668593E-02 -8.823702E-03
        22   2  3.065159E-01 -7.786826E-02 -3.770041E-02 -1.415737E-01  1.668593E-02  8.823702E-03
        23   1  8.282551E-01 -1.676196E-02  1.685541E-03 -1.345998E-02 -8.264239E-04  4.836291E-05
        23   2  8.282551E-01 -1.676196E-02  1.685541E-03 -1.345998E-02  8.264239E-04 -4.836291E-05
        24   1  8.450598E-01  7.460188E-02  9.811679E-03  5.993759E-02 -1.057654E-03  1.825263E-03
        24   2  8.450598E-01  7.460188E-02  9.811679E-03  5.993759E-02  1.057654E-03 -1.825263E-03
        25   1  1.025400E+00 -5.579705E-02  2.237130E-02 -2.143881E-02  4.797993E-03  3.985043E-03
        25   2  1.025400E+00 -5.579705E-02  2.237130E-02 -2.143881E-02 -4.797993E-03 -3.985043E-03
        26   1  8.289703E-01  3.164908E-02 -7.622116E-03  4.869972E-02 -2.068574E-03  7.643314E-04
        26   2  8.289703E-01  3.164908E-02 -7.622116E-03  4.869972E-02  2.068574E-03 -7.643314E-04
        27   1  9.524219E-01 -5.850344E-02 -1.337730E-02 -4.599217E-02  9.376140E-04 -1.378585E-03
        27   2  9.524219E-01 -5.850344E-02 -1.337730E-02 -4.599217E-02 -9.376140E-04  1.378585E-03
        28   1  8.007270E-01  1.860320E-02  4.622186E-03  5.658737E-02 -3.895058E-04  1.526910E-03
        28   2  8.007270E-01  1.860320E-02  4.622186E-03  5.658737E-02  3.895058E-04 -1.526910E-03
        29   1  8.240319E-01  1.675843E-02 -7.385104E-03 -2.018632E-02 -1.774854E-03 -1.949628E-03
        29   2  8.240319E-01  1.675843E-02 -7.385104E-03 -2.018632E-02  1.774854E-03  1.949628E-03
        30   1  7.085849E-01  3.982453E-02 -1.115062E-02 -5.319148E-02  3.427551E-03  1.407602E-03
        30   2  7.085849E-01  3.982453E-02 -1.115062E-02 -5.319148E-02 -3.427551E-03 -1.407602E-03
        31   1  7.330128E-01  5.789288E-02 -8.667578E-04  4.293636E-02  3.218516E-03 -1.867211E-03
        31   2  7.330128E-01  5.789288E-02 -8.667578E-04  4.293636E-02 -3.218516E-03  1.867211E-03
        32   1  8.116287E-01  4.372138E-03  5.435291E-04  4.202182E-04 -8.688575E-05  8.673748E-04
        32   2  8.116287E-01  4.372138E-03  5.435291E-04  4.202182E-04  8.688575E-05 -8.673748E-04
        33   1  1.305936E+00 -6.200660E-03  4.785826E-02  1.380765E-01 -4.513131E-02 -1.565621E-02
        33   2  1.305936E+00 -6.200660E-03  4.785826E-02  1.380765E-01  4.513131E-02  1.565621E-02
        34   1  1.612555E+00  3.085162E-01  6.589388E-02  4.341558E-02 -1.120367E-02  2.741828E-02
        34   2  1.612555E+00  3.085162E-01  6.589388E-02  4.341558E-02  1.120367E-02 -2.741828E-02
        35   1  1.613087E+00  2.745620E-01  6.009119E-02 -4.428875E-02 -1.346866E-02 -2.891313E-02
        35   2  1.613087E+00  2.745620E-01  6.009119E-02 -4.428875E-02  1.346866E-02  2.891313E-02
        36   1  7.977773E-01  1.832047E-03 -9.055475E-04 -8.180601E-03 -1.333870E-05  1.003765E-03
        36   2  7.977773E-01  1.832047E-03 -9.055475E-04 -8.180601E-03  1.333870E-05 -1.003765E-03
        37   1  1.212951E+00  1.929343E-01  3.100968E-03 -2.380400E-02 -1.331008E-03  1.658264E-02
        37   2  1.212951E+00  1.929343E-01  3.100968E-03 -2.380400E-02  1.331008E-03 -1.658264E-02
        38   1  1.579952E+00  3.190335E-01  6.897308E-02  2.751683E-02  1.632459E-02  2.537703E-02
        38   2  1.579952E+00  3.190335E-01  6.897308E-02  2.751683E-02 -1.632459E-02 -2.537703E-02
        39   1  8.139827E-01  3.584558E-03 -8.868496E-04  1.869683E-02  5.469002E-05 -3.934124E-04
        39   2  8.139827E-01  3.584558E-03 -8.868496E-04  1.869683E-02 -5.469002E-05  3.934124E-04
        40   1  7.866725E-01  1.148572E-01 -1.223801E-02 -5.041038E-02 -1.213648E-03  8.685055E-06
        40   2  7.866725E-01  1.148572E-01 -1.223801E-02 -5.041038E-02  1.213648E-03 -8.685055E-06
        41   1  1.086079E+00 -4.018921E-02 -1.206482E-03 -2.289921E-02 -9.679445E-03 -6.425202E-04
        41   2  1.086079E+00 -4.018921E-02 -1.206482E-03 -2.289921E-02  9.679445E-03  6.425202E-04
        42   1  8.077002E-01  1.930681E-01  1.374826E-02 -4.539716E-02 -1.130834E-03  1.698367E-04
        42   2  8.077002E-01  1.930681E-01  1.374826E-02 -4.539716E-02  1.130834E-03 -1.698367E-04
        43   1  8.455894E-01  1.525546E-03  4.151592E-03  6.125908E-02  4.430213E-04  7.213643E-04
        43   2  8.455894E-01  1.525546E-03  4.151592E-03  6.125908E-02 -4.430213E-04 -7.213643E-04
        44   1  8.164191E-01  2.297027E-02  2.603887E-03 -2.224099E-02 -9.144137E-04 -1.165073E-03
        44   2  8.164191E-01  2.297027E-02  2.603887E-03 -2.224099E-02  9.144137E-04  1.165073E-03
        45   1  8.140524E-01 -1.105941E-02  1.127123E-02  1.218096E-01  2.209991E-03 -2.980903E-03
        45   2  8.140524E-01 -1.105941E-02  1.127123E-02  1.218096E-01 -2.209991E-03  2.980903E-03
        46   1  8.831504E-01 -5.367769E-03  5.847158E-03 -5.741709E-02 -1.019388E-03  2.099585E-03
        46   2  8.831504E-01 -5.367769E-03  5.847158E-03 -5.741709E-02  1.019388E-03 -2.099585E-03
        47   1  7.267553E-01  2.223403E-02  4.770657E-03  8.475688E-02 -2.820653E-03  3.581820E-03
        47   2  7.267553E-01  2.223403E-02  4.770657E-03  8.475688E-02  2.820653E-03 -3.581820E-03
        48   1  8.682222E-01  4.970962E-02 -7.403754E-02  3.410791E-01 -4.427711E-02 -1.702125E-02
        48   2  8.682222E-01  4.970962E-02 -7.403754E-02  3.410791E-01  4.427711E-02  1.702125E-02
        49   1  1.271694E+00  4.901851E-02 -1.103953E-01  2.764710E-01 -4.507220E-02  2.435846E-02
        49   2  1.271694E+00  4.901851E-02 -1.103953E-01  2.764710E-01  4.507220E-02 -2.435846E-02
        50   1  1.461270E+00 -2.843828E-02 -1.525374E-01  2.641591E-02 -1.444668E-02  4.539377E-02
        50   2  1.461270E+00 -2.843828E-02 -1.525374E-01  2.641591E-02  1.444668E-02 -4.539377E-02
        51   1  1.266954E+00  8.063933E-03 -1.247171E-01 -2.739753E-01 -4.559949E-02 -2.401870E-02
        51   2  1.266954E+00  8.063933E-03 -1.247171E-01 -2.739753E-01  4.559949E-02  2.401870E-02
        52   1  1.485786E+00  3.066322E-03 -1.359586E-01 -3.108796E-02 -1.677367E-02 -4.617946E-02
        52   2  1.485786E+00  3.066322E-03 -1.359586E-01 -3.108796E-02  1.677367E-02  4.617946E-02
        53   1  9.874278E-01 -1.472749E-01  3.882597E-02  2.008283E-01 -2.451854E-02 -3.210627E-02
        53   2  9.874278E-01 -1.472749E-01  3.882597E-02  2.008283E-01  2.451854E-02  3.210627E-02
        54   1  1.511280E+00  2.567739E-01  4.905523E-02 -7.545516E-02  2.424376E-02 -2.662378E-02
        54   2  1.511280E+00  2.567739E-01  4.905523E-02 -7.545516E-02 -2.424376E-02  2.662378E-02
        55   1  8.956091E-01  1.071813E-01  9.756377E-03 -2.332658E-02 -1.435247E-03  4.131817E-03
        55   2  8.956091E-01  1.071813E-01  9.756377E-03 -2.332658E-02  1.435247E-03 -4.131817E-03
        56   1  8.062196E-01 -3.154369E-04 -1.482223E-04 -1.357448E-02  1.485785E-05  2.822450E-04
        56   2  8.062196E-01 -3.154369E-04 -1.482223E-04 -1.357448E-02 -1.485785E-05 -2.822450E-04
        57   1  7.916977E-01  3.422435E-03  2.656722E-03 -8.249781E-03  8.959394E-05  9.119607E-04
        57   2  7.916977E-01  3.422435E-03  2.656722E-03 -8.249781E-03 -8.959394E-05 -9.119607E-04
        58   1  7.872601E-01  9.004244E-04  1.535777E-03 -1.016763E-03  4.125783E-06  1.171696E-03
        58   2  7.872601E-01  9.004244E-04  1.535777E-03 -1.016763E-03 -4.125783E-06 -1.171696E-03
        59   1  8.134099E-01  7.525740E-03  3.717827E-04  1.198738E-02 -7.950159E-05 -3.653928E-04
        59   2  8.134099E-01  7.525740E-03  3.717827E-04  1.198738E-02  7.950159E-05  3.653928E-04
        60   1  7.768922E-01  1.383474E-01 -1.040581E-02 -3.226133E-02 -8.011623E-04 -4.200119E-04
        60   2  7.768922E-01  1.383474E-01 -1.040581E-02 -3.226133E-02  8.011623E-04  4.200119E-04
        61   1  6.974610E-01  7.309865E-03 -2.334399E-02  9.218681E-02  4.527328E-03 -2.581707E-04
        61   2  6.974610E-01  7.309865E-03 -2.334399E-02  9.218681E-02 -4.527328E-03  2.581707E-04
        62   1  7.457077E-01 -1.682381E-01 -2.560924E-02  2.805168E-01  9.064304E-04 -2.506693E-02
        62   2  7.457077E-01 -1.682381E-01 -2.560924E-02  2.805168E-01 -9.064304E-04  2.506693E-02
        63   1  1.037327E+00 -2.212292E-01 -2.891010E-02  1.442042E-01  1.745235E-02  2.359278E-02
        63   2  1.037327E+00 -2.212292E-01 -2.891010E-02  1.442042E-01 -1.745235E-02 -2.359278E-02
        64   1  7.778906E-01  1.456997E-01 -9.639445E-03  1.153383E-02 -2.416182E-04 -2.063820E-04
        64   2  7.778906E-01  1.456997E-01 -9.639445E-03  1.153383E-02  2.416182E-04  2.063820E-04
        65   1  9.005927E-01  6.845597E-02 -7.892374E-03  1.765398E-02  6.702962E-04  3.482759E-03
        65   2  9.005927E-01  6.845597E-02 -7.892374E-03  1.765398E-02 -6.702962E-04 -3.482759E-03
        66   1  8.044254E-01  4.663161E-03 -4.193647E-05  4.647707E-03 -4.996656E-05  8.783903E-04
        66   2  8.044254E-01  4.663161E-03 -4.193647E-05  4.647707E-03  4.996656E-05 -8.783903E-04
        67   1  7.935592E-01  1.494055E-01 -5.856046E-04 -1.219317E-02 -1.182287E-03  4.084247E-04
        67   2  7.935592E-01  1.494055E-01 -5.856046E-04 -1.219317E-02  1.182287E-03 -4.084247E-04
        68   1  8.130327E-01 -2.092681E-03  8.857900E-04  9.385852E-03  1.486912E-04  5.389523E-04
        68   2  8.130327E-01 -2.092681E-03  8.857900E-04  9.385852E-03 -1.486912E-04 -5.389523E-04
        69   1  7.969321E-01  5.875812E-03  6.785490E-04 -1.422779E-02  3.315508E-04  5.840706E-04
        69   2  7.969321E-01  5.875812E-03  6.785490E-04 -1.422779E-02 -3.315508E-04 -5.840706E-04
        70   1  8.277152E-01  1.861545E-01  1.879423E-02  6.862359E-02 -9.798223E-04 -5.404649E-05
        70   2  8.277152E-01  1.861545E-01  1.879423E-02  6.862359E-02  9.798223E-04  5.404649E-05
        71   1  8.112495E-01  6.622099E-02 -7.029808E-03  1.289938E-02 -7.649146E-04  1.803604E-04
        71   2  8.112495E-01  6.622099E-02 -7.029808E-03  1.289938E-02  7.649146E-04 -1.803604E-04
        72   1  9.782801E-01  1.162596E-01  8.633453E-03 -4.601184E-02 -4.601783E-03  5.921589E-03
        72   2  9.782801E-01  1.162596E-01  8.633453E-03 -4.601184E-02  4.601783E-03 -5.921589E-03
        73   1  9.576228E-01 -1.191766E-01  5.123179E-02 -1.805967E-01  1.056112E-02 -2.046683E-02
        73   2  9.576228E-01 -1.191766E-01  5.123179E-02 -1.805967E-01 -1.056112E-02  2.046683E-02
        74   1  8.677799E-01 -1.911222E-02  5.001335E-03  2.173685E-02 -3.949251E-04 -3.607629E-04
        74   2  8.677799E-01 -1.911222E-02  5.001335E-03  2.173685E-02  3.949251E-04  3.607629E-04
        75   1 -5.258683E-02 -8.433880E-01 -1.775606E-01  5.454173E-02 -2.230088E-02 -4.456259E-03
        75   2 -5.258683E-02 -8.433880E-01 -1.775606E-01  5.454173E-02  2.230088E-02  4.456259E-03
        76   1  2.020283E+00  3.893223E-01  2.191902E-01  4.962303E-01  5.823678E-02  9.852385E-03
        76   2  2.020283E+00  3.893223E-01  2.191902E-01  4.962303E-01 -5.823678E-02 -9.852385E-03
        77   1 -4.472425E-02 -7.723287E-01 -1.772156E-01  8.469626E-02  1.475690E-02  2.905287E-02
        77   2 -4.472425E-02 -7.723287E-01 -1.772156E-01  8.469626E-02 -1.475690E-02 -2.905287E-02
        78   1  4.940859E-01 -9.606596E-02 -4.545844E-02 -1.913891E-01  5.191847E-02 -5.613906E-02
        78   2  4.940859E-01 -9.606596E-02 -4.545844E-02 -1.913891E-01 -5.191847E-02  5.613906E-02
        79   1  2.062840E+00  3.584416E-01  1.921695E-01 -3.141303E-01  5.797034E-02  1.533470E-02
        79   2  2.062840E+00  3.584416E-01  1.921695E-01 -3.141303E-01 -5.797034E-02 -1.533470E-02
        80   1  8.566260E-01  4.277113E-02  1.180674E-02 -2.916887E-01 -6.524013E-02  4.527648E-02
        80   2  8.566260E-01  4.277113E-02  1.180674E-02 -2.916887E-01  6.524013E-02 -4.527648E-02
        81   1  2.374084E-01 -3.712600E-01 -7.261273E-02  1.606280E-01 -4.659842E-03 -6.503391E-02
        81   2  2.374084E-01 -3.712600E-01 -7.261273E-02  1.606280E-01  4.659842E-03  6.503391E-02
        82   1  4.294694E-01 -1.598271E-01 -1.818034E-02  2.371527E-01  2.473620E-02  6.894490E-02
        82   2  4.294694E-01 -1.598271E-01 -1.818034E-02  2.371527E-01 -2.473620E-02 -6.894490E-02
        83   1  1.095727E+00 -3.621954E-02 -2.488066E-02 -7.202784E-02  1.607138E-02 -2.313136E-03
        83   2  1.095727E+00 -3.621954E-02 -2.488066E-02 -7.202784E-02 -1.607138E-02  2.313136E-03
        84   1  7.911730E-01  1.176561E-02 -1.504487E-04 -4.467967E-03  5.658308E-05  8.382398E-04
        84   2  7.911730E-01  1.176561E-02 -1.504487E-04 -4.467967E-03 -5.658308E-05 -8.382398E-04
        85   1  8.668781E-01 -2.638842E-02  8.811722E-04 -6.890102E-02  6.831443E-04  3.102657E-03
        85   2  8.668781E-01 -2.638842E-02  8.811722E-04 -6.890102E-02 -6.831443E-04 -3.102657E-03
        86   1  8.114234E-01  1.020412E-03 -5.440917E-04  6.878862E-03 -1.022317E-04 -9.096601E-04
        86   2  8.114234E-01  1.020412E-03 -5.440917E-04  6.878862E-03  1.022317E-04  9.096601E-04
        87   1  8.301075E-01 -2.439103E-02  8.245811E-04  1.495221E-03 -8.582141E-04 -2.389447E-04
        87   2  8.301075E-01 -2.439103E-02  8.245811E-04  1.495221E-03  8.582141E-04  2.389447E-04
        88   1  8.062953E-01 -8.872202E-03 -3.197862E-03  3.608630E-03  4.407464E-05  1.854022E-04
        88   2  8.062953E-01 -8.872202E-03 -3.197862E-03  3.608630E-03 -4.407464E-05 -1.854022E-04
        89   1  8.043105E-01  1.198048E-02  1.496493E-03 -1.410823E-02 -1.357715E-04  8.402870E-04
        89   2  8.043105E-01  1.198048E-02  1.496493E-03 -1.410823E-02  1.357715E-04 -8.402870E-04
        90   1  7.985952E-01  5.681443E-03 -1.591756E-04  9.953825E-03  5.040851E-05 -1.076488E-03
        90   2  7.985952E-01  5.681443E-03 -1.591756E-04  9.953825E-03 -5.040851E-05  1.076488E-03
        91   1  5.279135E-01 -1.336296E-02 -3.810498E-02  6.969545E-02  8.946743E-03 -1.544041E-03
        91   2  5.279135E-01 -1.336296E-02 -3.810498E-02  6.969545E-02 -8.946743E-03  1.544041E-03
        92   1  8.270393E-01  6.106924E-02  9.072904E-03 -6.213943E-02  2.051677E-03 -1.291539E-03
        92   2  8.270393E-01  6.106924E-02  9.072904E-03 -6.213943E-02 -2.051677E-03  1.291539E-03
        93   1  1.138077E+00 -3.489397E-02  4.371339E-03  3.045756E-02 -1.271139E-02 -2.299088E-03
        93   2  1.138077E+00 -3.489397E-02  4.371339E-03  3.045756E-02  1.271139E-02  2.299088E-03
        94   1  8.259339E-01 -2.506426E-02 -4.852449E-03  1.623362E-03 -1.615744E-03  5.784762E-04
        94   2  8.259339E-01 -2.506426E-02 -4.852449E-03  1.623362E-03  1.615744E-03 -5.784762E-04
        95   1  8.271289E-01  1.122288E-01  9.058450E-03  2.744292E-02 -7.384996E-04  2.042318E-04
        95   2  8.271289E-01  1.122288E-01  9.058450E-03  2.744292E-02  7.384996E-04 -2.042318E-04
        96   1  9.430391E-01  2.683714E-02 -3.509197E-03 -3.076238E-02 -3.352929E-03  2.262546E-03
        96   2  9.430391E-01  2.683714E-02 -3.509197E-03 -3.076238E-02  3.352929E-03 -2.262546E-03
        97   1  8.063268E-01  5.545625E-03 -1.032899E-03 -4.135133E-03  1.545733E-05  8.051379E-04
        97   2  8.063268E-01  5.545625E-03 -1.032899E-03 -4.135133E-03 -1.545733E-05 -8.051379E-04
        98   1  4.919078E-01 -1.708081E-01 -5.201330E-02  1.497289E-01  3.356322E-02  4.176505E-02
        98   2  4.919078E-01 -1.708081E-01 -5.201330E-02  1.497289E-01 -3.356322E-02 -4.176505E-02
        99   1  5.350977E-01 -4.738631E-02  2.554554E-02 -2.701116E-01  1.241555E-02 -5.322424E-02
        99   2  5.350977E-01 -4.738631E-02  2.554554E-02 -2.701116E-01 -1.241555E-02  5.322424E-02
       100   1  3.287243E-01 -1.813507E-01 -4.679560E-02  1.108787E-01 -1.451511E-02 -4.408486E-02
       100   2  3.287243E-01 -1.813507E-01 -4.679560E-02  1.108787E-01  1.451511E-02  4.408486E-02
       101   1  7.562954E-01  1.570567E-02  3.036892E-02 -3.215293E-01 -2.218487E-02  4.674648E-02
       101   2  7.562954E-01  1.570567E-02  3.036892E-02 -3.215293E-01  2.218487E-02 -4.674648E-02
       102   1  1.163650E-01 -3.330275E-01 -6.801957E-03 -1.374696E-01  3.122582E-02  1.956968E-02
       102   2  1.163650E-01 -3.330275E-01 -6.801957E-03 -1.374696E-01 -3.122582E-02 -1.956968E-02
       103   1  1.273184E+00  2.129962E-01 -2.016026E-02 -2.755811E-01  3.996147E-02  7.968597E-03
       103   2  1.273184E+00  2.129962E-01 -2.016026E-02 -2.755811E-01 -3.996147E-02 -7.968597E-03
       104   1  1.529052E+00  1.272034E-01 -1.145393E-02  7.404439E-02  4.688859E-02 -2.594480E-02
       104   2  1.529052E+00  1.272034E-01 -1.145393E-02  7.404439E-02 -4.688859E-02  2.594480E-02
       105   1  1.016600E-01 -3.720855E-01 -2.014705E-02 -1.233181E-01 -3.143230E-02  2.598896E-03
       105   2  1.016600E-01 -3.720855E-01 -2.014705E-02 -1.233181E-01  3.143230E-02 -2.598896E-03
       106   1  8.142595E-01  1.502382E-01  6.928343E-03  2.267227E-02 -1.403395E-03  1.409434E-04
       106   2  8.142595E-01  1.502382E-01  6.928343E-03  2.267227E-02  1.403395E-03 -1.409434E-04
       107   1  8.079610E-01  5.426568E-03  6.852971E-04  1.505448E-02  2.240437E-04 -8.357992E-04
       107   2  8.079610E-01  5.426568E-03  6.852971E-04  1.505448E-02 -2.240437E-04  8.357992E-04
       108   1  7.958304E-01  1.032863E-01 -9.414588E-03  2.391759E-02 -1.458597E-03  4.549652E-04
       108   2  7.958304E-01  1.032863E-01 -9.414588E-03  2.391759E-02  1.458597E-03 -4.549652E-04
       109   1  4.811733E-01 -1.639385E-01 -8.450526E-03  2.988762E-01 -4.926208E-03  4.206087E-02
       109   2  4.811733E-01 -1.639385E-01 -8.450526E-03  2.988762E-01  4.926208E-03 -4.206087E-02
       110   1  8.208269E-01 -1.639091E-03  2.854482E-03  5.638718E-04 -1.833767E-05  2.213960E-04
       110   2  8.208269E-01 -1.639091E-03  2.854482E-03  5.638718E-04  1.833767E-05 -2.213960E-04
       111   1  1.242682E-02 -2.295587E-01 -6.216559E-02 -5.016447E-02 -4.119943E-02 -3.969506E-03
       111   2  1.242682E-02 -2.295587E-01 -6.216559E-02 -5.016447E-02  4.119943E-02  3.969506E-03
       112   1  8.169329E-01 -8.355874E-03 -1.173721E-02 -7.209343E-02  1.119641E-03  1.312981E-03
       112   2  8.169329E-01 -8.355874E-03 -1.173721E-02 -7.209343E-02 -1.119641E-03 -1.312981E-03
       113   1  9.536911E-01 -9.711748E-02  2.628171E-02  1.413909E-01 -7.294401E-03 -7.573543E-03
       113   2  9.536911E-01 -9.711748E-02  2.628171E-02  1.413909E-01  7.294401E-03  7.573543E-03
       114   1  8.251944E-01  1.037177E-01  6.506357E-03  1.352691E-02 -7.689810E-04  2.017725E-04
       114   2  8.251944E-01  1.037177E-01  6.506357E-03  1.352691E-02  7.689810E-04 -2.017725E-04
       115   1  9.407657E-01 -5.438157E-02  5.531976E-02 -1.456480E-01  4.355967E-03 -9.179845E-03
       115   2  9.407657E-01 -5.438157E-02  5.531976E-02 -1.456480E-01 -4.355967E-03  9.179845E-03
       116   1  7.969076E-01 -1.555708E-03 -4.996773E-04 -3.706390E-03  2.340621E-04  6.272496E-04
       116   2  7.969076E-01 -1.555708E-03 -4.996773E-04 -3.706390E-03 -2.340621E-04 -6.272496E-04
       117   1  7.943472E-01  9.812909E-02 -1.443552E-02 -6.763774E-02 -1.117981E-03 -2.711156E-04
       117   2  7.943472E-01  9.812909E-02 -1.443552E-02 -6.763774E-02  1.117981E-03  2.711156E-04
       118   1  8.360125E-01  7.923662E-02 -8.080348E-03 -9.791777E-02 -4.773117E-03 -1.620127E-03
       118   2  8.360125E-01  7.923662E-02 -8.080348E-03 -9.791777E-02  4.773117E-03  1.620127E-03
       119   1  8.115108E-01 -5.073840E-03 -6.368798E-04 -1.455967E-02 -4.733275E-06  1.058793E-04
       119   2  8.115108E-01 -5.073840E-03 -6.368798E-04 -1.455967E-02  4.733275E-06 -1.058793E-04
       120   1  9.428975E-01  1.761558E-01  7.167877E-03  5.212295E-04 -4.315815E-04  8.102424E-03
       120   2  9.428975E-01  1.761558E-01  7.167877E-03  5.212295E-04  4.315815E-04 -8.102424E-03
       121   1  8.151300E-01  7.496126E-03  7.548101E-04  1.972471E-02  3.316857E-04 -1.251371E-04
       121   2  8.151300E-01  7.496126E-03  7.548101E-04  1.972471E-02 -3.316857E-04  1.251371E-04
       122   1  4.314160E-01 -3.019489E-03  1.606138E-02  2.150493E-02 -1.491690E-02  4.294507E-03
       122   2  4.314160E-01 -3.019489E-03  1.606138E-02  2.150493E-02  1.491690E-02 -4.294507E-03
       123   1  8.034021E-01  1.292783E-03  1.565838E-03 -5.855500E-03  1.631875E-04  6.309842E-04
       123   2  8.034021E-01  1.292783E-03  1.565838E-03 -5.855500E-03 -1.631875E-04 -6.309842E-04
       124   1  7.788151E-01 -1.131215E-02  3.178403E-02  1.113255E-01 -1.249210E-03  6.385214E-03
       124   2  7.788151E-01 -1.131215E-02  3.178403E-02  1.113255E-01  1.249210E-03 -6.385214E-03
       125   1  1.199308E+00 -4.078078E-02  5.206896E-02  3.288421E-02 -2.067174E-02 -5.067520E-03
       125   2  1.199308E+00 -4.078078E-02  5.206896E-02  3.288421E-02  2.067174E-02  5.067520E-03
       126   1  6.809227E-01 -7.073555E-02  5.976244E-02 -2.357320E-01 -4.794066E-03 -2.163610E-02
       126   2  6.809227E-01 -7.073555E-02  5.976244E-02 -2.357320E-01  4.794066E-03  2.163610E-02
       127   1  7.911041E-01  1.055783E-03 -2.168799E-03 -6.722501E-03 -1.636144E-05  6.244526E-04
       127   2  7.911041E-01  1.055783E-03 -2.168799E-03 -6.722501E-03  1.636144E-05 -6.244526E-04
       128   1  8.081287E-01  2.076360E-03  1.165942E-03 -9.775748E-03  2.639731E-04  5.778053E-04
       128   2  8.081287E-01  2.076360E-03  1.165942E-03 -9.775748E-03 -2.639731E-04 -5.778053E-04
       129   1  8.225092E-01  3.726641E-02  9.273759E-05  2.248551E-02 -8.858686E-04  6.744317E-04
       129   2  8.225092E-01  3.726641E-02  9.273759E-05  2.248551E-02  8.858686E-04 -6.744317E-04
       130   1  1.001752E+00  9.189611E-02  3.915565E-03  7.204584E-02  8.031401E-03  4.293367E-03
       130   2  1.001752E+00  9.189611E-02  3.915565E-03  7.204584E-02 -8.031401E-03 -4.293367E-03
       131   1  8.050286E-01  9.668350E-04  3.955723E-05 -1.514505E-02  1.267739E-04  2.440599E-04
       131   2  8.050286E-01  9.668350E-04  3.955723E-05 -1.514505E-02 -1.267739E-04 -2.440599E-04
       132   1  6.221931E-01  4.837872E-02  1.782225E-02  2.021402E-02 -5.082559E-03  1.934085E-04
       132   2  6.221931E-01  4.837872E-02  1.782225E-02  2.021402E-02  5.082559E-03 -1.934085E-04
       133   1  1.008563E+00  9.371539E-02 -1.559461E-02 -1.573114E-02 -3.531344E-03  5.633894E-03
       133   2  1.008563E+00  9.371539E-02 -1.559461E-02 -1.573114E-02  3.531344E-03 -5.633894E-03
       134   1  9.193663E-01 -1.741232E-02  1.751813E-02  4.841711E-02 -1.250646E-03  1.420122E-04
       134   2  9.193663E-01 -1.741232E-02  1.751813E-02  4.841711E-02  1.250646E-03 -1.420122E-04
       135   1  8.125813E-01  6.796273E-03 -1.787498E-03  1.221292E-03 -4.047688E-04 -1.278607E-03
       135   2  8.125813E-01  6.796273E-03 -1.787498E-03  1.221292E-03  4.047688E-04  1.278607E-03
       136   1  7.883637E-01  8.025962E-03 -9.939056E-04  4.367270E-03 -6.046581E-05  8.707018E-04
       136   2  7.883637E-01  8.025962E-03 -9.939056E-04  4.367270E-03  6.046581E-05 -8.707018E-04
       137   1  8.684049E-01 -7.318585E-02 -2.056136E-02  2.827101E-02 -1.711392E-03 -2.898917E-04
       137   2  8.684049E-01 -7.318585E-02 -2.056136E-02  2.827101E-02  1.711392E-03  2.898917E-04
       138   1  8.508080E-01  1.319515E-02  4.143830E-03  2.571805E-02  6.148207E-04  1.005254E-03
       138   2  8.508080E-01  1.319515E-02  4.143830E-03  2.571805E-02 -6.148207E-04 -1.005254E-03
       139   1  8.260376E-01  1.712257E-02 -2.191660E-03  1.229393E-02  1.052697E-04  1.164526E-03
       139   2  8.260376E-01  1.712257E-02 -2.191660E-03  1.229393E-02 -1.052697E-04 -1.164526E-03
       140   1  8.278767E-01  5.107372E-03  3.076582E-03  1.933883E-02  2.758902E-04  6.873145E-04
       140   2  8.278767E-01  5.107372E-03  3.076582E-03  1.933883E-02 -2.758902E-04 -6.873145E-04
       141   1  8.433426E-01  2.425899E-02  1.485109E-04  1.789923E-02  1.583846E-04  1.213055E-03
       141   2  8.433426E-01  2.425899E-02  1.485109E-04  1.789923E-02 -1.583846E-04 -1.213055E-03
       142   1  8.247651E-01 -5.228718E-03 -4.224935E-03  1.599286E-02  2.741884E-04  6.953060E-04
       142   2  8.247651E-01 -5.228718E-03 -4.224935E-03  1.599286E-02 -2.741884E-04 -6.953060E-04
       143   1  8.146698E-01  2.391874E-02  1.749503E-03 -8.549127E-03 -3.681149E-05  1.000045E-03
       143   2  8.146698E-01  2.391874E-02  1.749503E-03 -8.549127E-03  3.681149E-05 -1.000045E-03
       144   1  8.219560E-01  1.141638E-02  1.725570E-03  3.915921E-02 -2.462674E-04  1.223885E-03
       144   2  8.219560E-01  1.141638E-02  1.725570E-03  3.915921E-02  2.462674E-04 -1.223885E-03
       145   1  8.249205E-01  1.161938E-02 -1.864661E-03 -9.221735E-03 -2.074844E-04  8.432325E-04
       145   2  8.249205E-01  1.161938E-02 -1.864661E-03 -9.221735E-03  2.074844E-04 -8.432325E-04
       146   1  8.294722E-01  3.684240E-02  1.804116E-03  1.843671E-04 -1.405853E-04  1.306914E-03
       146   2  8.294722E-01  3.684240E-02  1.804116E-03  1.843671E-04  1.405853E-04 -1.306914E-03
       147   1  8.353120E-01  5.455864E-03  4.498506E-04 -1.615406E-02 -4.271659E-04  6.719849E-04
       147   2  8.353120E-01  5.455864E-03  4.498506E-04 -1.615406E-02  4.271659E-04 -6.719849E-04
       148   1  4.842479E-01 -1.713254E-02  4.311667E-02 -8.016299E-02  1.490000E-02  8.352910E-03
       148   2  4.842479E-01 -1.713254E-02  4.311667E-02 -8.016299E-02 -1.490000E-02 -8.352910E-03
       149   1  8.203617E-01  1.835195E-02  1.253872E-03 -1.611847E-02 -2.357124E-04  8.530736E-04
       149   2  8.203617E-01  1.835195E-02  1.253872E-03 -1.611847E-02  2.357124E-04 -8.530736E-04
       150   1  8.372364E-01  1.451597E-02 -1.662072E-03 -1.663374E-02 -5.306567E-04  1.147715E-03
       150   2  8.372364E-01  1.451597E-02 -1.662072E-03 -1.663374E-02  5.306567E-04 -1.147715E-03
       151   1  8.207950E-01  1.376989E-02 -1.307431E-03  3.279819E-03 -7.435054E-05  1.012254E-03
       151   2  8.207950E-01  1.376989E-02 -1.307431E-03  3.279819E-03  7.435054E-05 -1.012254E-03
       152   1  8.097412E-01  1.956995E-02  6.124137E-04  2.406187E-03 -7.886128E-05  1.008245E-03
       152   2  8.097412E-01  1.956995E-02  6.124137E-04  2.406187E-03  7.886128E-05 -1.008245E-03
       153   1  8.519955E-01  1.596863E-02 -1.107149E-03 -1.452769E-02 -3.943904E-04  1.104678E-03
       153   2  8.519955E-01  1.596863E-02 -1.107149E-03 -1.452769E-02  3.943904E-04 -1.104678E-03
       154   1  8.434625E-01 -2.269948E-02 -5.304937E-03  1.414876E-02  4.305755E-04  1.709839E-04
       154   2  8.434625E-01 -2.269948E-02 -5.304937E-03  1.414876E-02 -4.305755E-04 -1.709839E-04
       155   1  8.489600E-01 -5.906961E-04  4.824912E-03  2.001910E-02  3.189446E-04  6.811215E-04
       155   2  8.489600E-01 -5.906961E-04  4.824912E-03  2.001910E-02 -3.189446E-04 -6.811215E-04
       156   1  8.739551E-01  1.280325E-04  7.242247E-03  2.530565E-02  7.152558E-04  4.307853E-04
       156   2  8.739551E-01  1.280325E-04  7.242247E-03  2.530565E-02 -7.152558E-04 -4.307853E-04
       157   1  8.268233E-01 -1.119655E-02 -1.157329E-03 -6.560028E-03 -1.206052E-06  1.394921E-04
       157   2  8.268233E-01 -1.119655E-02 -1.157329E-03 -6.560028E-03  1.206052E-06 -1.394921E-04
       158   1  8.366221E-01 -1.295174E-02  7.875118E-04 -5.353862E-03 -7.833563E-06  1.334318E-04
       158   2  8.366221E-01 -1.295174E-02  7.875118E-04 -5.353862E-03  7.833563E-06 -1.334318E-04
       159   1  8.229902E-01 -4.896161E-03 -5.313555E-04 -9.064885E-03 -4.174416E-05  2.533348E-04
       159   2  8.229902E-01 -4.896161E-03 -5.313555E-04 -9.064885E-03  4.174416E-05 -2.533348E-04
       160   1  8.309525E-01 -8.303660E-03  3.747989E-04 -8.263862E-03 -1.181254E-04  1.798122E-04
       160   2  8.309525E-01 -8.303660E-03  3.747989E-04 -8.263862E-03  1.181254E-04 -1.798122E-04
       161   1  8.386697E-01 -1.450493E-02  3.956580E-04 -9.769535E-03  6.832401E-06  6.691802E-05
       161   2  8.386697E-01 -1.450493E-02  3.956580E-04 -9.769535E-03 -6.832401E-06 -6.691802E-05
       162   1  8.416722E-01 -2.187223E-02 -1.166676E-03 -1.105038E-02  4.439083E-07  6.107458E-05
       162   2  8.416722E-01 -2.187223E-02 -1.166676E-03 -1.105038E-02 -4.439083E-07 -6.107458E-05
       163   1  8.361693E-01 -3.238818E-02 -5.111001E-03 -2.369810E-02 -3.692946E-05 -2.109771E-04
       163   2  8.361693E-01 -3.238818E-02 -5.111001E-03 -2.369810E-02  3.692946E-05  2.109771E-04
       164   1  8.484386E-01 -1.517912E-02  3.101881E-03 -1.741203E-02  4.403929E-05 -1.369233E-04
       164   2  8.484386E-01 -1.517912E-02  3.101881E-03 -1.741203E-02 -4.403929E-05  1.369233E-04
       165   1  8.639073E-01 -2.756594E-02  3.588996E-03 -1.907674E-02  2.778529E-04 -3.098351E-04
       165   2  8.639073E-01 -2.756594E-02  3.588996E-03 -1.907674E-02 -2.778529E-04  3.098351E-04
       166   1  8.320731E-01 -1.766197E-02 -1.745481E-03 -1.921090E-03 -1.436507E-06  1.314081E-04
       166   2  8.320731E-01 -1.766197E-02 -1.745481E-03 -1.921090E-03  1.436507E-06 -1.314081E-04
       167   1  8.459107E-01 -1.668254E-02  1.944918E-03  6.554987E-04  7.115176E-05  1.978102E-04
       167   2  8.459107E-01 -1.668254E-02  1.944918E-03  6.554987E-04 -7.115176E-05 -1.978102E-04
       168   1  8.187346E-01  6.388744E-03 -3.409303E-03  3.630148E-03 -5.250019E-04 -8.135524E-04
       168   2  8.187346E-01  6.388744E-03 -3.409303E-03  3.630148E-03  5.250019E-04  8.135524E-04
       169   1  8.317288E-01  4.091847E-02  1.972306E-03 -1.020233E-02 -7.128726E-04 -2.913420E-04
       169   2  8.317288E-01  4.091847E-02  1.972306E-03 -1.020233E-02  7.128726E-04  2.913420E-04
       170   1  8.225736E-01  2.764648E-02 -1.909726E-03  1.439350E-03 -5.680395E-04 -3.381356E-04
       170   2  8.225736E-01  2.764648E-02 -1.909726E-03  1.439350E-03  5.680395E-04  3.381356E-04
       171   1  8.300285E-01  2.753685E-02  3.268436E-03 -3.603889E-03 -5.862558E-04 -4.832547E-04
       171   2  8.300285E-01  2.753685E-02  3.268436E-03 -3.603889E-03  5.862558E-04  4.832547E-04
       172   1  8.281523E-01  2.575517E-02  2.398979E-03  1.138890E-03 -4.697726E-04 -2.474184E-04
       172   2  8.281523E-01  2.575517E-02  2.398979E-03  1.138890E-03  4.697726E-04  2.474184E-04
       173   1  7.160068E-01 -7.253483E-02 -2.680701E-02 -1.020143E-01 -1.932388E-03 -2.739978E-03
       173   2  7.160068E-01 -7.253483E-02 -2.680701E-02 -1.020143E-01  1.932388E-03  2.739978E-03
       174   1  8.231412E-01  2.800459E-02 -3.052529E-03 -3.603407E-03 -6.586022E-04 -5.504682E-04
       174   2  8.231412E-01  2.800459E-02 -3.052529E-03 -3.603407E-03  6.586022E-04  5.504682E-04
       175   1  8.070322E-01  1.152046E-02 -2.772165E-03  1.373179E-02 -3.403744E-04 -8.583221E-05
       175   2  8.070322E-01  1.152046E-02 -2.772165E-03  1.373179E-02  3.403744E-04  8.583221E-05
       176   1  8.166715E-01  1.541668E-02 -2.213433E-03  8.614411E-03 -4.253524E-04 -2.616544E-04
       176   2  8.166715E-01  1.541668E-02 -2.213433E-03  8.614411E-03  4.253524E-04  2.616544E-04
       177   1  8.160193E-01  1.403997E-02  9.429278E-04 -4.485294E-03 -4.297615E-04 -1.121497E-04
       177   2  8.160193E-01  1.403997E-02  9.429278E-04 -4.485294E-03  4.297615E-04  1.121497E-04
       178   1  8.193013E-01  1.461800E-02 -5.541223E-05 -4.769982E-03 -4.583614E-04 -1.030990E-04
       178   2  8.193013E-01  1.461800E-02 -5.541223E-05 -4.769982E-03  4.583614E-04  1.030990E-04
       179   1  8.254529E-01  7.811257E-03  3.366337E-03 -1.468424E-02 -3.107935E-04 -1.819820E-04
       179   2  8.254529E-01  7.811257E-03  3.366337E-03 -1.468424E-02  3.107935E-04  1.819820E-04
       180   1  8.155641E-01  1.854703E-02  1.997155E-03  4.807809E-03 -3.526422E-04 -3.047946E-05
       180   2  8.155641E-01  1.854703E-02  1.997155E-03  4.807809E-03  3.526422E-04  3.047946E-05
       181   1  8.215000E-01  1.955851E-02  2.563918E-03  9.901488E-03 -2.604871E-04 -1.109332E-04
       181   2  8.215000E-01  1.955851E-02  2.563918E-03  9.901488E-03  2.604871E-04  1.109332E-04
       182   1  8.173219E-01  3.037766E-03 -2.158299E-03 -1.324805E-02 -4.221309E-04 -1.467484E-04
       182   2  8.173219E-01  3.037766E-03 -2.158299E-03 -1.324805E-02  4.221309E-04  1.467484E-04
       183   1  8.406302E-01 -1.394994E-03  2.060596E-02 -6.705871E-02 -3.597005E-04 -1.618751E-03
       183   2  8.406302E-01 -1.394994E-03  2.060596E-02 -6.705871E-02  3.597005E-04  1.618751E-03
       184   1  8.255962E-01  2.313737E-02 -3.234368E-04 -5.072605E-03 -5.288094E-04 -8.603342E-05
       184   2  8.255962E-01  2.313737E-02 -3.234368E-04 -5.072605E-03  5.288094E-04  8.603342E-05
       185   1  8.057372E-01 -4.737959E-03 -3.838248E-03 -2.141299E-02 -4.534551E-04 -3.123253E-04
       185   2  8.057372E-01 -4.737959E-03 -3.838248E-03 -2.141299E-02  4.534551E-04  3.123253E-04
       186   1  8.342352E-01  4.771903E-02  3.823553E-03 -2.061042E-02 -5.920468E-04 -5.725433E-04
       186   2  8.342352E-01  4.771903E-02  3.823553E-03 -2.061042E-02  5.920468E-04  5.725433E-04
       187   1  8.233959E-01  2.054807E-02  6.862356E-04 -2.150035E-03 -4.626112E-04 -1.069858E-04
       187   2  8.233959E-01  2.054807E-02  6.862356E-04 -2.150035E-03  4.626112E-04  1.069858E-04
       188   1  8.219910E-01  2.522142E-02 -7.020287E-04  1.832959E-03 -5.098729E-04 -1.719449E-04
       188   2  8.219910E-01  2.522142E-02 -7.020287E-04  1.832959E-03  5.098729E-04  1.719449E-04
       189   1  8.243337E-01  5.295478E-03  6.037019E-03 -2.476283E-02 -2.543287E-04 -3.753191E-04
       189   2  8.243337E-01  5.295478E-03  6.037019E-03 -2.476283E-02  2.543287E-04  3.753191E-04
       190   1  8.139809E-01  1.606973E-02 -1.148818E-03  4.399697E-03 -4.539211E-04 -1.232119E-04
       190   2  8.139809E-01  1.606973E-02 -1.148818E-03  4.399697E-03  4.539211E-04  1.232119E-04
       191   1  7.902261E-01  9.357728E-03 -7.095017E-04 -1.348738E-02 -6.214620E-04 -2.380039E-04
       191   2  7.902261E-01  9.357728E-03 -7.095017E-04 -1.348738E-02  6.214620E-04  2.380039E-04
       192   1  8.052135E-01  1.292492E-02  1.912360E-03 -9.598235E-03 -4.952214E-04 -1.227248E-04
       192   2  8.052135E-01  1.292492E-02  1.912360E-03 -9.598235E-03  4.952214E-04  1.227248E-04
       193   1  7.892906E-01  1.500613E-02  3.620402E-03 -1.863144E-02 -6.374488E-04 -2.329406E-04
       193   2  7.892906E-01  1.500613E-02  3.620402E-03 -1.863144E-02  6.374488E-04  2.329406E-04
       194   1  8.349804E-01 -1.389925E-02 -1.015002E-03 -1.194736E-02 -1.349406E-04  1.117557E-04
       194   2  8.349804E-01 -1.389925E-02 -1.015002E-03 -1.194736E-02  1.349406E-04 -1.117557E-04
       195   1  8.097846E-01  2.645175E-02  4.978341E-03  2.429873E-02  9.148134E-07  4.869981E-04
       195   2  8.097846E-01  2.645175E-02  4.978341E-03  2.429873E-02 -9.148134E-07 -4.869981E-04
       196   1  7.401565E-01  1.507784E-02 -1.120187E-02  3.443675E-02 -7.683072E-04  1.026935E-03
       196   2  7.401565E-01  1.507784E-02 -1.120187E-02  3.443675E-02  7.683072E-04 -1.026935E-03
       197   1  7.720546E-01  1.436020E-02 -6.824135E-03  2.363291E-02 -8.066168E-04  7.082359E-04
       197   2  7.720546E-01  1.436020E-02 -6.824135E-03  2.363291E-02  8.066168E-04 -7.082359E-04
       198   1  7.650494E-01  3.454527E-02  7.301757E-03  1.233954E-02 -6.628402E-04  5.903129E-04
       198   2  7.650494E-01  3.454527E-02  7.301757E-03  1.233954E-02  6.628402E-04 -5.903129E-04
       199   1  8.393351E-01 -6.394125E-03  2.189662E-03 -1.438344E-02 -1.030069E-04 -3.310563E-05
       199   2  8.393351E-01 -6.394125E-03  2.189662E-03 -1.438344E-02  1.030069E-04  3.310563E-05
       200   1  8.251363E-01 -1.134365E-04 -1.211982E-04 -7.497378E-03 -2.954737E-04  5.239270E-04
       200   2  8.251363E-01 -1.134365E-04 -1.211982E-04 -7.497378E-03  2.954737E-04 -5.239270E-04
       201   1  8.049634E-01  3.565149E-02  9.075435E-03  3.484516E-02 -5.613486E-04  9.654633E-04
       201   2  8.049634E-01  3.565149E-02  9.075435E-03  3.484516E-02  5.613486E-04 -9.654633E-04
       202   1  8.274745E-01  1.037869E-02  1.000934E-03 -6.408555E-03 -2.450760E-04  3.041252E-04
       202   2  8.274745E-01  1.037869E-02  1.000934E-03 -6.408555E-03  2.450760E-04 -3.041252E-04
       203   1  8.298903E-01 -3.541242E-05 -1.276789E-03 -8.569889E-03 -3.127773E-04  2.417680E-04
       203   2  8.298903E-01 -3.541242E-05 -1.276789E-03 -8.569889E-03  3.127773E-04 -2.417680E-04
       204   1  8.332124E-01  1.210993E-02  1.901002E-03 -7.232609E-03 -2.961306E-04  1.668048E-04
       204   2  8.332124E-01  1.210993E-02  1.901002E-03 -7.232609E-03  2.961306E-04 -1.668048E-04
       205   1  8.274406E-01 -3.899505E-03  4.136808E-05 -8.987581E-03 -2.014766E-04  3.066406E-04
       205   2  8.274406E-01 -3.899505E-03  4.136808E-05 -8.987581E-03  2.014766E-04 -3.066406E-04
       206   1  8.301976E-01 -4.470632E-04 -1.983293E-03 -1.096302E-02 -3.498431E-04  1.176289E-04
       206   2  8.301976E-01 -4.470632E-04 -1.983293E-03 -1.096302E-02  3.498431E-04 -1.176289E-04
       207   1  8.010061E-01  1.395396E-02 -1.553209E-03  5.262076E-03 -4.877624E-04  1.227945E-05
       207   2  8.010061E-01  1.395396E-02 -1.553209E-03  5.262076E-03  4.877624E-04 -1.227945E-05
       208   1  8.293890E-01  8.957816E-03 -2.460232E-03 -6.198935E-03 -4.460814E-04  2.145586E-04
       208   2  8.293890E-01  8.957816E-03 -2.460232E-03 -6.198935E-03  4.460814E-04 -2.145586E-04
       209   1  8.282409E-01  5.874013E-02  2.677429E-03 -3.872586E-04 -6.497049E-04 -4.463037E-05
       209   2  8.282409E-01  5.874013E-02  2.677429E-03 -3.872586E-04  6.497049E-04  4.463037E-05
       210   1  8.332850E-01  2.590402E-02  2.830215E-03 -1.155581E-03 -4.313886E-04  2.278965E-04
       210   2  8.332850E-01  2.590402E-02  2.830215E-03 -1.155581E-03  4.313886E-04 -2.278965E-04
       211   1  8.241129E-01  5.216520E-02 -8.665348E-04 -7.718088E-03 -6.978806E-04 -2.776332E-04
       211   2  8.241129E-01  5.216520E-02 -8.665348E-04 -7.718088E-03  6.978806E-04  2.776332E-04
       212   1  8.292543E-01  1.284507E-03  5.865259E-04 -9.532985E-03 -1.777398E-04  1.990355E-04
       212   2  8.292543E-01  1.284507E-03  5.865259E-04 -9.532985E-03  1.777398E-04 -1.990355E-04
       213   1  8.280601E-01  1.011574E-02 -2.333130E-03 -8.642907E-03 -4.606414E-04  5.470878E-05
       213   2  8.280601E-01  1.011574E-02 -2.333130E-03 -8.642907E-03  4.606414E-04 -5.470878E-05
       214   1  8.338185E-01  2.614291E-02  2.685644E-03 -3.449932E-03 -4.191996E-04  9.255665E-05
       214   2  8.338185E-01  2.614291E-02  2.685644E-03 -3.449932E-03  4.191996E-04 -9.255665E-05
       215   1  8.259511E-01  3.795754E-02 -1.358916E-03 -6.517271E-03 -6.682634E-04 -6.160030E-05
       215   2  8.259511E-01  3.795754E-02 -1.358916E-03 -6.517271E-03  6.682634E-04  6.160030E-05
       216   1  8.233073E-01  4.056194E-02 -3.388058E-03 -3.263699E-03 -6.756619E-04  7.435688E-05
       216   2  8.233073E-01  4.056194E-02 -3.388058E-03 -3.263699E-03  6.756619E-04 -7.435688E-05
       217   1  8.187178E-01  6.071920E-02 -3.201861E-03 -7.301735E-03 -7.445621E-04 -1.431023E-05
       217   2  8.187178E-01  6.071920E-02 -3.201861E-03 -7.301735E-03  7.445621E-04  1.431023E-05
       218   1  7.995939E-01  1.219470E-01 -2.911644E-03 -2.156389E-02 -1.102084E-03  4.717532E-04
       218   2  7.995939E-01  1.219470E-01 -2.911644E-03 -2.156389E-02  1.102084E-03 -4.717532E-04
       219   1  8.182508E-01  1.449474E-02  2.183453E-03  1.771740E-02 -1.542326E-05 -1.234781E-04
       219   2  8.182508E-01  1.449474E-02  2.183453E-03  1.771740E-02  1.542326E-05  1.234781E-04
       220   1  8.348667E-01  4.645945E-02  5.054826E-03  9.106486E-03 -5.760291E-04  2.893333E-04
       220   2  8.348667E-01  4.645945E-02  5.054826E-03  9.106486E-03  5.760291E-04 -2.893333E-04
       221   1  8.317212E-01 -6.643895E-03 -9.443691E-04 -1.112036E-02 -2.111615E-04  1.684749E-04
       221   2  8.317212E-01 -6.643895E-03 -9.443691E-04 -1.112036E-02  2.111615E-04 -1.684749E-04
       222   1  8.135461E-01  7.944047E-03 -2.470879E-03  1.566265E-02 -2.168635E-04 -3.063540E-04
       222   2  8.135461E-01  7.944047E-03 -2.470879E-03  1.566265E-02  2.168635E-04  3.063540E-04
       223   1  8.335610E-01  1.279115E-02  2.245535E-03 -8.625073E-03 -3.265691E-04  1.222824E-05
       223   2  8.335610E-01  1.279115E-02  2.245535E-03 -8.625073E-03  3.265691E-04 -1.222824E-05
       224   1  8.269088E-01  5.263779E-02 -1.726886E-04 -1.193391E-02 -7.275271E-04 -1.432403E-04
       224   2  8.269088E-01  5.263779E-02 -1.726886E-04 -1.193391E-02  7.275271E-04  1.432403E-04
       225   1  7.805898E-01  1.583112E-02 -2.401725E-03  4.985974E-03 -7.220273E-04  2.180783E-04
       225   2  7.805898E-01  1.583112E-02 -2.401725E-03  4.985974E-03  7.220273E-04 -2.180783E-04
       226   1  8.327386E-01 -6.493767E-03  4.997784E-04 -1.047083E-02 -1.084555E-04  1.359763E-04
       226   2  8.327386E-01 -6.493767E-03  4.997784E-04 -1.047083E-02  1.084555E-04 -1.359763E-04
       227   1  8.189864E-01  1.246396E-02 -2.789180E-03  8.051610E-03 -4.015906E-04 -5.472903E-04
       227   2  8.189864E-01  1.246396E-02 -2.789180E-03  8.051610E-03  4.015906E-04  5.472903E-04
       228   1  8.276411E-01  3.477457E-02  1.248271E-03 -1.308541E-03 -5.448125E-04 -1.006665E-04
       228   2  8.276411E-01  3.477457E-02  1.248271E-03 -1.308541E-03  5.448125E-04  1.006665E-04
       229   1  8.260626E-01  1.504044E-02 -4.007678E-03  5.493414E-03 -6.375322E-04  5.681378E-04
       229   2  8.260626E-01  1.504044E-02 -4.007678E-03  5.493414E-03  6.375322E-04 -5.681378E-04
       230   1  7.930502E-01  1.220255E-02 -4.014728E-03  1.808500E-02 -3.831895E-04  1.209842E-04
       230   2  7.930502E-01  1.220255E-02 -4.014728E-03  1.808500E-02  3.831895E-04 -1.209842E-04
       231   1  8.259152E-01 -9.022895E-05 -2.449350E-03 -1.332078E-02 -3.744300E-04 -3.153278E-05
       231   2  8.259152E-01 -9.022895E-05 -2.449350E-03 -1.332078E-02  3.744300E-04  3.153278E-05
       232   1  8.243391E-01  1.164086E-02 -1.584005E-03 -8.919392E-03 -4.739762E-04 -5.546431E-05
       232   2  8.243391E-01  1.164086E-02 -1.584005E-03 -8.919392E-03  4.739762E-04  5.546431E-05
       233   1  8.265888E-01  2.345949E-02 -2.034418E-03 -6.259786E-03 -5.699896E-04  1.346791E-05
       233   2  8.265888E-01  2.345949E-02 -2.034418E-03 -6.259786E-03  5.699896E-04 -1.346791E-05
       234   1  8.213682E-01  4.066921E-02 -4.950623E-03  3.275717E-03 -7.174796E-04  1.999768E-04
       234   2  8.213682E-01  4.066921E-02 -4.950623E-03  3.275717E-03  7.174796E-04 -1.999768E-04
       235   1  7.881568E-01  2.781632E-02  5.518378E-03  8.634952E-03 -7.024384E-04  2.359838E-04
       235   2  7.881568E-01  2.781632E-02  5.518378E-03  8.634952E-03  7.024384E-04 -2.359838E-04
       236   1  8.162771E-01  8.149922E-02 -2.430806E-03 -1.750373E-02 -9.757146E-04 -5.313668E-05
       236   2  8.162771E-01  8.149922E-02 -2.430806E-03 -1.750373E-02  9.757146E-04  5.313668E-05
       237   1  8.362825E-01  6.872727E-02  7.907294E-03  3.139054E-02 -5.155590E-04  7.564036E-04
       237   2  8.362825E-01  6.872727E-02  7.907294E-03  3.139054E-02  5.155590E-04 -7.564036E-04
       238   1  8.267881E-01  2.281833E-02 -3.219056E-03 -3.606977E-03 -5.712510E-04  1.406729E-04
       238   2  8.267881E-01  2.281833E-02 -3.219056E-03 -3.606977E-03  5.712510E-04 -1.406729E-04
       239   1  8.304698E-01  6.828031E-02  4.512711E-03  5.243062E-03 -6.888157E-04  6.231559E-05
       239   2  8.304698E-01  6.828031E-02  4.512711E-03  5.243062E-03  6.888157E-04 -6.231559E-05
       240   1  8.263678E-01  2.027619E-02 -4.034225E-03  1.045197E-03 -5.887562E-04  2.776955E-04
       240   2  8.263678E-01  2.027619E-02 -4.034225E-03  1.045197E-03  5.887562E-04 -2.776955E-04
       241   1  8.038628E-01  2.070403E-02  2.869011E-03  7.008815E-03 -3.807869E-04  1.100923E-04
       241   2  8.038628E-01  2.070403E-02  2.869011E-03  7.008815E-03  3.807869E-04 -1.100923E-04
       242   1  8.188975E-01  7.924361E-04 -4.516825E-05 -9.621167E-03 -5.932084E-05  4.407660E-04
       242   2  8.188975E-01  7.924361E-04 -4.516825E-05 -9.621167E-03  5.932084E-05 -4.407660E-04
       243   1  8.154569E-01  2.042614E-02  3.532370E-03  1.697361E-02 -1.822886E-04  5.971929E-05
       243   2  8.154569E-01  2.042614E-02  3.532370E-03  1.697361E-02  1.822886E-04 -5.971929E-05
       244   1  8.220754E-01  1.730635E-02  2.359333E-03  9.027753E-03 -1.693532E-04 -3.224512E-04
       244   2  8.220754E-01  1.730635E-02  2.359333E-03  9.027753E-03  1.693532E-04  3.224512E-04
       245   1  8.329902E-01  4.176115E-02  4.737133E-03  1.332224E-02 -8.440568E-04  3.769924E-04
       245   2  8.329902E-01  4.176115E-02  4.737133E-03  1.332224E-02  8.440568E-04 -3.769924E-04
       246   1  8.131467E-01  4.927118E-02 -1.147491E-02  4.103403E-02 -1.477898E-03  1.056429E-03
       246   2  8.131467E-01  4.927118E-02 -1.147491E-02  4.103403E-02  1.477898E-03 -1.056429E-03
       247   1  8.348249E-01  1.979936E-03  1.702990E-03 -1.122144E-02 -1.887003E-04  6.664105E-05
       247   2  8.348249E-01  1.979936E-03  1.702990E-03 -1.122144E-02  1.887003E-04 -6.664105E-05
       248   1  8.305515E-01  2.409058E-02  1.995599E-03 -4.424609E-03 -4.426563E-04 -2.682662E-05
       248   2  8.305515E-01  2.409058E-02  1.995599E-03 -4.424609E-03  4.426563E-04  2.682662E-05
       249   1  8.317618E-01  4.200498E-02  2.894098E-03 -3.912083E-04 -5.476887E-04  3.385975E-05
       249   2  8.317618E-01  4.200498E-02  2.894098E-03 -3.912083E-04  5.476887E-04 -3.385975E-05
       250   1  8.340547E-01  4.607387E-02  4.175184E-03  3.646551E-03 -5.606650E-04  1.503528E-04
       250   2  8.340547E-01  4.607387E-02  4.175184E-03  3.646551E-03  5.606650E-04 -1.503528E-04
       251   1  8.233617E-01  7.489920E-02  1.982977E-03 -6.218457E-03 -7.180654E-04 -1.345886E-04
       251   2  8.233617E-01  7.489920E-02  1.982977E-03 -6.218457E-03  7.180654E-04  1.345886E-04
       252   1  8.240857E-01  2.210066E-02  1.503871E-03  8.101894E-04 -4.558848E-04 -1.225899E-04
       252   2  8.240857E-01  2.210066E-02  1.503871E-03  8.101894E-04  4.558848E-04  1.225899E-04
       253   1  8.285063E-01  7.258626E-03 -2.050213E-03 -3.828798E-03 -4.638364E-04  3.759820E-04
       253   2  8.285063E-01  7.258626E-03 -2.050213E-03 -3.828798E-03  4.638364E-04 -3.759820E-04
       254   1  8.210046E-01  2.917381E-02 -7.840481E-03  1.970758E-02 -8.941845E-04  3.943559E-04
       254   2  8.210046E-01  2.917381E-02 -7.840481E-03  1.970758E-02  8.941845E-04 -3.943559E-04
       255   1  8.241587E-01  7.610876E-03 -3.075395E-03  7.279321E-03 -9.695258E-04  1.076321E-03
       255   2  8.241587E-01  7.610876E-03 -3.075395E-03  7.279321E-03  9.695258E-04 -1.076321E-03
       256   1  8.364693E-01  1.222147E-01  1.324577E-02  4.587578E-02 -1.187910E-03 -2.064680E-04
       256   2  8.364693E-01  1.222147E-01  1.324577E-02  4.587578E-02  1.187910E-03  2.064680E-04
       257   1  8.253879E-01  4.405210E-02  1.430615E-04 -2.055108E-03 -6.444549E-04 -1.695286E-04
       257   2  8.253879E-01  4.405210E-02  1.430615E-04 -2.055108E-03  6.444549E-04  1.695286E-04
       258   1  8.325518E-01  7.439756E-02  6.185246E-03  1.367046E-02 -7.453837E-04  1.740887E-04
       258   2  8.325518E-01  7.439756E-02  6.185246E-03  1.367046E-02  7.453837E-04 -1.740887E-04
       259   1  8.143521E-01  1.140775E-01  3.895897E-03 -8.970713E-03 -6.024131E-04  2.850503E-04
       259   2  8.143521E-01  1.140775E-01  3.895897E-03 -8.970713E-03  6.024131E-04 -2.850503E-04
       260   1  8.077711E-01  1.061219E-02 -2.977082E-04 -7.137519E-03 -4.551884E-04 -1.353950E-04
       260   2  8.077711E-01  1.061219E-02 -2.977082E-04 -7.137519E-03  4.551884E-04  1.353950E-04
       261   1  8.075692E-01  7.448228E-03 -2.865264E-03  2.145455E-02 -1.524962E-04 -8.116247E-05
       261   2  8.075692E-01  7.448228E-03 -2.865264E-03  2.145455E-02  1.524962E-04  8.116247E-05
       262   1  8.156974E-01 -1.997349E-03  6.949197E-05 -6.920258E-03  1.366865E-05  2.485301E-04
       262   2  8.156974E-01 -1.997349E-03  6.949197E-05 -6.920258E-03 -1.366865E-05 -2.485301E-04
       263   1  8.285738E-01  3.293050E-02  8.951810E-04 -5.015453E-03 -6.118170E-04 -1.396845E-04
       263   2  8.285738E-01  3.293050E-02  8.951810E-04 -5.015453E-03  6.118170E-04  1.396845E-04
       264   1  8.284937E-01  2.227562E-02  2.354588E-03  2.256708E-04 -3.503148E-04  4.753396E-04
       264   2  8.284937E-01  2.227562E-02  2.354588E-03  2.256708E-04  3.503148E-04 -4.753396E-04
       265   1  8.199057E-01  3.724510E-02 -6.371422E-03  1.175158E-02 -7.824002E-04  3.546396E-04
       265   2  8.199057E-01  3.724510E-02 -6.371422E-03  1.175158E-02  7.824002E-04 -3.546396E-04
       266   1  8.302616E-01 -9.370689E-03 -2.330586E-03 -1.489256E-02 -2.477214E-04  1.267064E-05
       266   2  8.302616E-01 -9.370689E-03 -2.330586E-03 -1.489256E-02  2.477214E-04 -1.267064E-05
       267   1  8.280395E-01  1.336456E-02  2.117658E-03 -8.567713E-03 -3.612875E-04 -9.112512E-05
       267   2  8.280395E-01  1.336456E-02  2.117658E-03 -8.567713E-03  3.612875E-04  9.112512E-05
       268   1  7.026168E-01  3.024026E-02 -1.990644E-03  8.622157E-03 -2.692858E-03  1.537464E-03
       268   2  7.026168E-01  3.024026E-02 -1.990644E-03  8.622157E-03  2.692858E-03 -1.537464E-03
       269   1  8.357713E-01  7.645581E-02  7.950163E-03  2.415788E-02 -8.687867E-04  2.743312E-04
       269   2  8.357713E-01  7.645581E-02  7.950163E-03  2.415788E-02  8.687867E-04 -2.743312E-04
       270   1  8.082054E-01  6.204097E-02 -9.504838E-03  2.738613E-02 -7.454791E-04  2.379220E-04
       270   2  8.082054E-01  6.204097E-02 -9.504838E-03  2.738613E-02  7.454791E-04 -2.379220E-04
       271   1  8.346122E-01  3.853380E-03  2.835111E-03 -1.373737E-02 -2.277422E-04 -7.794693E-05
       271   2  8.346122E-01  3.853380E-03  2.835111E-03 -1.373737E-02  2.277422E-04  7.794693E-05
       272   1  7.482899E-01  2.334344E-02  2.092146E-02 -5.985012E-02 -2.056671E-03 -1.401481E-03
       272   2  7.482899E-01  2.334344E-02  2.092146E-02 -5.985012E-02  2.056671E-03  1.401481E-03
       273   1  7.463524E-01  1.799491E-02 -5.134330E-03  5.789345E-03 -9.608532E-04  3.177869E-04
       273   2  7.463524E-01  1.799491E-02 -5.134330E-03  5.789345E-03  9.608532E-04 -3.177869E-04
       274   1  8.214867E-01 -9.948114E-03 -3.696465E-03 -1.953324E-02 -3.159510E-04 -1.585800E-04
       274   2  8.214867E-01 -9.948114E-03 -3.696465E-03 -1.953324E-02  3.159510E-04  1.585800E-04
       275   1  7.075858E-01 -2.054660E-03 -7.110742E-03 -5.135228E-02 -2.406943E-03 -1.273625E-03
       275   2  7.075858E-01 -2.054660E-03 -7.110742E-03 -5.135228E-02  2.406943E-03  1.273625E-03
       276   1  7.633081E-01  1.011482E-02 -1.550037E-03 -2.481084E-02 -8.054666E-04 -3.862187E-04
       276   2  7.633081E-01  1.011482E-02 -1.550037E-03 -2.481084E-02  8.054666E-04  3.862187E-04
       277   1  8.313492E-01 -1.956096E-02 -3.439865E-03 -1.902933E-02 -1.496286E-04 -7.573207E-05
       277   2  8.313492E-01 -1.956096E-02 -3.439865E-03 -1.902933E-02  1.496286E-04  7.573207E-05
       278   1  8.389495E-01 -2.827195E-03  4.501676E-03 -2.039663E-02 -1.175833E-04 -2.213274E-04
       278   2  8.389495E-01 -2.827195E-03  4.501676E-03 -2.039663E-02  1.175833E-04  2.213274E-04
       279   1  7.646598E-01  2.154042E-02  7.222673E-03 -3.440696E-02 -1.271754E-03 -2.383039E-04
       279   2  7.646598E-01  2.154042E-02  7.222673E-03 -3.440696E-02  1.271754E-03  2.383039E-04
       280   1  7.883762E-01 -1.475855E-02 -7.241526E-03 -3.609680E-02 -5.472490E-04 -6.424902E-04
       280   2  7.883762E-01 -1.475855E-02 -7.241526E-03 -3.609680E-02  5.472490E-04  6.424902E-04
       281   1  8.337714E-01 -6.586350E-03  3.159167E-03  2.704845E-03 -2.818291E-05  2.526543E-04
       281   2  8.337714E-01 -6.586350E-03  3.159167E-03  2.704845E-03  2.818291E-05 -2.526543E-04
       282   1  7.607025E-01 -3.296725E-02 -1.343128E-02 -6.281465E-02 -1.013195E-03 -1.410127E-03
       282   2  7.607025E-01 -3.296725E-02 -1.343128E-02 -6.281465E-02  1.013195E-03  1.410127E-03
       283   1  8.159247E-01 -2.209710E-02 -6.355329E-03 -2.914402E-02 -2.596617E-04 -3.510604E-04
       283   2  8.159247E-01 -2.209710E-02 -6.355329E-03 -2.914402E-02  2.596617E-04  3.510604E-04
       284   1  8.207490E-01  6.439293E-02 -5.882454E-03 -3.758298E-02 -1.439987E-03  2.680009E-06
       284   2  8.207490E-01  6.439293E-02 -5.882454E-03 -3.758298E-02  1.439987E-03 -2.680009E-06
       285   1  8.496464E-01 -9.679839E-03  7.475631E-03 -3.003632E-02  1.243806E-05 -4.370564E-04
       285   2  8.496464E-01 -9.679839E-03  7.475631E-03 -3.003632E-02 -1.243806E-05  4.370564E-04
       286   1  8.275932E-01  4.446209E-03  1.126223E-02 -4.178954E-02 -2.642566E-04 -7.321343E-04
       286   2  8.275932E-01  4.446209E-03  1.126223E-02 -4.178954E-02  2.642566E-04  7.321343E-04
       287   1  8.247583E-01 -1.392182E-02 -3.353448E-03  1.225490E-02  5.236055E-05  4.373254E-04
       287   2  8.247583E-01 -1.392182E-02 -3.353448E-03  1.225490E-02 -5.236055E-05 -4.373254E-04
       288   1  8.176227E-01 -1.507691E-02 -3.793309E-03  5.966704E-03  5.629458E-05  2.224203E-04
       288   2  8.176227E-01 -1.507691E-02 -3.793309E-03  5.966704E-03 -5.629458E-05 -2.224203E-04
       289   1  8.231579E-01  5.940655E-02 -1.994755E-03 -1.829430E-02 -9.953538E-04 -9.483220E-04
       289   2  8.231579E-01  5.940655E-02 -1.994755E-03 -1.829430E-02  9.953538E-04  9.483220E-04
       290   1  8.286332E-01  6.657281E-02  2.360885E-04 -2.316275E-02 -1.185210E-03 -1.234174E-04
       290   2  8.286332E-01  6.657281E-02  2.360885E-04 -2.316275E-02  1.185210E-03  1.234174E-04
       291   1  8.293727E-01  8.128837E-02  1.329669E-03 -4.158231E-02 -1.297793E-03 -8.539724E-04
       291   2  8.293727E-01  8.128837E-02  1.329669E-03 -4.158231E-02  1.297793E-03  8.539724E-04
       292   1  8.079505E-01 -7.154510E-02 -1.817902E-02 -6.404014E-02 -3.886927E-04 -1.438924E-03
       292   2  8.079505E-01 -7.154510E-02 -1.817902E-02 -6.404014E-02  3.886927E-04  1.438924E-03
       293   1  8.104547E-01 -4.057703E-02 -1.092195E-02 -4.432806E-02 -2.722434E-04 -6.955436E-04
       293   2  8.104547E-01 -4.057703E-02 -1.092195E-02 -4.432806E-02  2.722434E-04  6.955436E-04
       294   1  8.401639E-01 -6.981416E-03  3.536095E-03  1.081399E-02  2.690015E-04  3.854761E-04
       294   2  8.401639E-01 -6.981416E-03  3.536095E-03  1.081399E-02 -2.690015E-04 -3.854761E-04
       295   1  8.197613E-01  9.245668E-02  7.846034E-04 -1.697435E-02 -9.981379E-04  4.611872E-05
       295   2  8.197613E-01  9.245668E-02  7.846034E-04 -1.697435E-02  9.981379E-04 -4.611872E-05
       296   1  8.703412E-01 -2.302819E-02  1.097036E-02 -4.166481E-02  2.708548E-04 -8.671364E-04
       296   2  8.703412E-01 -2.302819E-02  1.097036E-02 -4.166481E-02 -2.708548E-04  8.671364E-04
       297   1  8.371511E-01 -2.380539E-02 -3.608954E-03  4.697173E-03  3.283422E-04  1.164294E-04
       297   2  8.371511E-01 -2.380539E-02 -3.608954E-03  4.697173E-03 -3.283422E-04 -1.164294E-04
       298   1  8.477055E-01 -2.392126E-02 -1.859068E-04 -6.766318E-03  1.088849E-04  2.681430E-05
       298   2  8.477055E-01 -2.392126E-02 -1.859068E-04 -6.766318E-03 -1.088849E-04 -2.681430E-05
       299   1  8.594428E-01 -1.365678E-02  4.089450E-03  1.113839E-02  3.989457E-04  1.809895E-04
       299   2  8.594428E-01 -1.365678E-02  4.089450E-03  1.113839E-02 -3.989457E-04 -1.809895E-04
       300   1  8.503695E-01 -4.648006E-02 -5.753865E-03 -2.588951E-02  1.755608E-04 -4.043976E-04
       300   2  8.503695E-01 -4.648006E-02 -5.753865E-03 -2.588951E-02 -1.755608E-04  4.043976E-04
       301   1  8.551979E-01 -2.824347E-02 -7.221255E-05 -6.452320E-03  1.874709E-04  9.882988E-05
       301   2  8.551979E-01 -2.824347E-02 -7.221255E-05 -6.452320E-03 -1.874709E-04 -9.882988E-05
       302   1  8.862624E-01 -4.538414E-02  1.003442E-03 -1.463164E-02  1.120325E-03 -6.859052E-04
       302   2  8.862624E-01 -4.538414E-02  1.003442E-03 -1.463164E-02 -1.120325E-03  6.859052E-04
       303   1  8.582262E-01 -3.436434E-02 -2.535993E-03  5.106879E-04  4.342749E-04  2.072752E-05
       303   2  8.582262E-01 -3.436434E-02 -2.535993E-03  5.106879E-04 -4.342749E-04 -2.072752E-05
       304   1  8.797634E-01 -2.419575E-02  3.481528E-03  7.174873E-03  8.754630E-04  4.239434E-04
       304   2  8.797634E-01 -2.419575E-02  3.481528E-03  7.174873E-03 -8.754630E-04 -4.239434E-04
       305   1  8.663548E-01 -3.657382E-02 -7.655089E-03  1.404044E-02  7.048964E-04  4.779444E-04
       305   2  8.663548E-01 -3.657382E-02 -7.655089E-03  1.404044E-02 -7.048964E-04 -4.779444E-04
       306   1  9.063741E-01  7.666364E-04  8.046982E-03  3.119428E-02  1.332583E-03  1.049766E-03
       306   2  9.063741E-01  7.666364E-04  8.046982E-03  3.119428E-02 -1.332583E-03 -1.049766E-03
       307   1  8.733193E-01 -8.660592E-03 -1.005580E-02  2.539121E-02  1.383184E-03  1.036035E-03
       307   2  8.733193E-01 -8.660592E-03 -1.005580E-02  2.539121E-02 -1.383184E-03 -1.036035E-03
       308   1  8.454108E-01 -6.440029E-03 -6.414762E-03  2.059309E-02  7.434789E-04  4.218924E-04
       308   2  8.454108E-01 -6.440029E-03 -6.414762E-03  2.059309E-02 -7.434789E-04 -4.218924E-04
       309   1  8.821088E-01  2.768704E-02  7.867901E-03  3.631337E-02  1.388448E-03  1.011766E-03
       309   2  8.821088E-01  2.768704E-02  7.867901E-03  3.631337E-02 -1.388448E-03 -1.011766E-03
       310   1  8.209088E-01 -5.827863E-04  4.710546E-04 -1.757857E-02 -2.394337E-04  4.678167E-04
       310   2  8.209088E-01 -5.827863E-04  4.710546E-04 -1.757857E-02  2.394337E-04 -4.678167E-04
       311   1  8.212951E-01  3.211066E-03 -1.513578E-03 -1.754725E-02 -2.670728E-04  6.196213E-04
       311   2  8.212951E-01  3.211066E-03 -1.513578E-03 -1.754725E-02  2.670728E-04 -6.196213E-04
       312   1  8.473244E-01  3.513161E-02 -2.277415E-03  1.451301E-02  1.148155E-04  1.408024E-03
       312   2  8.473244E-01  3.513161E-02 -2.277415E-03  1.451301E-02 -1.148155E-04 -1.408024E-03
       313   1  8.347585E-01  3.580027E-02  2.612072E-03 -1.305263E-02 -2.903676E-04  1.199926E-03
       313   2  8.347585E-01  3.580027E-02  2.612072E-03 -1.305263E-02  2.903676E-04 -1.199926E-03
       314   1  8.412218E-01 -3.828810E-03  2.921607E-03 -1.615721E-02 -7.069343E-04  2.130901E-04
       314   2  8.412218E-01 -3.828810E-03  2.921607E-03 -1.615721E-02  7.069343E-04 -2.130901E-04
       315   1  8.380868E-01  2.419312E-02 -3.285382E-03 -6.891606E-04 -2.659959E-04  1.192341E-03
       315   2  8.380868E-01  2.419312E-02 -3.285382E-03 -6.891606E-04  2.659959E-04 -1.192341E-03
       316   1  8.637390E-01  4.244396E-02 -1.675974E-03  2.046006E-02  3.254788E-04  1.604509E-03
       316   2  8.637390E-01  4.244396E-02 -1.675974E-03  2.046006E-02 -3.254788E-04 -1.604509E-03
       317   1  8.326533E-01 -1.072709E-02 -5.174046E-03 -9.267585E-03 -8.154371E-04  6.788114E-04
       317   2  8.326533E-01 -1.072709E-02 -5.174046E-03 -9.267585E-03  8.154371E-04 -6.788114E-04
       318   1  8.544513E-01  6.542091E-02  5.433917E-03 -5.978281E-03 -4.146507E-04  1.839125E-03
       318   2  8.544513E-01  6.542091E-02  5.433917E-03 -5.978281E-03  4.146507E-04 -1.839125E-03
       319   1  8.239971E-01  1.093347E-02  8.771161E-04  1.474954E-02  1.585547E-04  9.267454E-04
       319   2  8.239971E-01  1.093347E-02  8.771161E-04  1.474954E-02 -1.585547E-04 -9.267454E-04
       320   1  8.079001E-01  7.143160E-03 -1.739270E-03  1.086797E-02 -9.087709E-06  7.823495E-04
       320   2  8.079001E-01  7.143160E-03 -1.739270E-03  1.086797E-02  9.087709E-06 -7.823495E-04
       321   1  9.122964E-01 -7.922027E-03  1.313623E-02  1.208515E-03 -1.763570E-03 -6.760854E-05
       321   2  9.122964E-01 -7.922027E-03  1.313623E-02  1.208515E-03  1.763570E-03  6.760854E-05
       322   1  8.645469E-01  3.231231E-02 -5.670189E-03 -1.133876E-02 -7.352558E-04  1.542974E-03
       322   2  8.645469E-01  3.231231E-02 -5.670189E-03 -1.133876E-02  7.352558E-04 -1.542974E-03
       323   1  8.714212E-01  4.913468E-03  5.172062E-03 -1.378250E-02 -9.954362E-04  7.275992E-04
       323   2  8.714212E-01  4.913468E-03  5.172062E-03 -1.378250E-02  9.954362E-04 -7.275992E-04
       324   1  8.616016E-01  4.016904E-02  1.420782E-03 -1.903204E-02 -4.746060E-04  1.465381E-03
       324   2  8.616016E-01  4.016904E-02  1.420782E-03 -1.903204E-02  4.746060E-04 -1.465381E-03
       325   1  8.573861E-01 -1.449916E-02 -9.693496E-03 -6.807129E-03 -9.700947E-04  6.226090E-04
       325   2  8.573861E-01 -1.449916E-02 -9.693496E-03 -6.807129E-03  9.700947E-04 -6.226090E-04
       326   1  8.147175E-01  6.562234E-02 -5.244425E-03  1.051602E-03 -8.628198E-04  1.205545E-04
       326   2  8.147175E-01  6.562234E-02 -5.244425E-03  1.051602E-03  8.628198E-04 -1.205545E-04
       327   1  8.046235E-01  9.258572E-02 -4.567858E-03 -6.228829E-03 -5.246588E-04 -1.826789E-04
       327   2  8.046235E-01  9.258572E-02 -4.567858E-03 -6.228829E-03  5.246588E-04  1.826789E-04
       328   1  8.496777E-01 -1.336088E-02  5.652283E-03  2.151668E-02 -1.629752E-03  5.364516E-04
       328   2  8.496777E-01 -1.336088E-02  5.652283E-03  2.151668E-02  1.629752E-03 -5.364516E-04
       329   1  9.083113E-01  1.249182E-02  6.607888E-03 -1.980882E-02 -1.311661E-03  7.281446E-04
       329   2  9.083113E-01  1.249182E-02  6.607888E-03 -1.980882E-02  1.311661E-03 -7.281446E-04
       330   1  1.332097E+00  1.205300E-01  1.991737E-02  1.244290E-01  2.811342E-02 -9.420838E-03
       330   2  1.332097E+00  1.205300E-01  1.991737E-02  1.244290E-01 -2.811342E-02  9.420838E-03
       331   1  1.995210E-01 -2.258848E-01 -2.132421E-02 -5.407658E-02  2.583132E-02  1.713585E-02
       331   2  1.995210E-01 -2.258848E-01 -2.132421E-02 -5.407658E-02 -2.583132E-02 -1.713585E-02
       332   1  3.886059E-01 -1.664531E-01 -8.492244E-03  3.176736E-01  1.491590E-02 -4.487998E-02
       332   2  3.886059E-01 -1.664531E-01 -8.492244E-03  3.176736E-01 -1.491590E-02  4.487998E-02
       333   1  7.421370E-01 -1.708565E-01 -1.641958E-02 -2.083068E-01  2.785338E-02 -3.482765E-02
       333   2  7.421370E-01 -1.708565E-01 -1.641958E-02 -2.083068E-01 -2.785338E-02  3.482765E-02
       334   1  8.243507E-01  9.235979E-02  4.614197E-03  2.159308E-03 -8.227968E-04 -8.568575E-05
       334   2  8.243507E-01  9.235979E-02  4.614197E-03  2.159308E-03  8.227968E-04  8.568575E-05
       335   1  9.584313E-01 -7.628126E-02  2.168304E-03 -2.761794E-02 -3.842342E-03  1.777498E-03
       335   2  9.584313E-01 -7.628126E-02  2.168304E-03 -2.761794E-02  3.842342E-03 -1.777498E-03
       336   1  1.738880E+00  3.369281E-01  1.745538E-01 -4.471718E-01 -7.447883E-02  1.438614E-02
       336   2  1.738880E+00  3.369281E-01  1.745538E-01 -4.471718E-01  7.447883E-02 -1.438614E-02
       337   1 -6.385181E-03 -7.631935E-01 -1.555624E-01  1.902915E-02  1.480888E-02 -3.099980E-02
       337   2 -6.385181E-03 -7.631935E-01 -1.555624E-01  1.902915E-02 -1.480888E-02  3.099980E-02
       338   1  1.203104E-01 -5.761970E-01 -1.127268E-01 -3.295676E-02 -1.215021E-03 -4.624076E-02
       338   2  1.203104E-01 -5.761970E-01 -1.127268E-01 -3.295676E-02  1.215021E-03  4.624076E-02
       339   1  8.687917E-01  8.155814E-02  3.259170E-02  3.084657E-01 -6.070651E-02 -5.096137E-02
       339   2  8.687917E-01  8.155814E-02  3.259170E-02  3.084657E-01  6.070651E-02  5.096137E-02
       340   1  2.441007E+00  4.098192E-01  2.688006E-01  3.091910E-01 -3.775016E-02  2.224187E-02
       340   2  2.441007E+00  4.098192E-01  2.688006E-01  3.091910E-01  3.775016E-02 -2.224187E-02
       341   1  2.535474E+00  3.870352E-01  2.629714E-01  4.128525E-02  1.610648E-02 -3.335113E-02
       341   2  2.535474E+00  3.870352E-01  2.629714E-01  4.128525E-02 -1.610648E-02  3.335113E-02
       342   1  7.985705E-02 -6.632550E-01 -1.353851E-01  1.001522E-02 -3.310110E-03  4.611398E-02
       342   2  7.985705E-02 -6.632550E-01 -1.353851E-01  1.001522E-02  3.310110E-03 -4.611398E-02
       343   1  1.318589E+00  2.737951E-01  1.253425E-01 -4.156643E-01  6.818014E-02 -3.736202E-02
       343   2  1.318589E+00  2.737951E-01  1.253425E-01 -4.156643E-01 -6.818014E-02  3.736202E-02
       344   1  2.905121E-01 -4.104263E-01 -8.007447E-02 -7.425408E-02 -1.609096E-02  5.945419E-02
       344   2  2.905121E-01 -4.104263E-01 -8.007447E-02 -7.425408E-02  1.609096E-02 -5.945419E-02
       345   1  1.715136E+00  3.597994E-01  1.734857E-01  4.576898E-01 -7.080434E-02 -1.559671E-02
       345   2  1.715136E+00  3.597994E-01  1.734857E-01  4.576898E-01  7.080434E-02  1.559671E-02
       346   1  1.151835E+00  1.883477E-01  7.308340E-02  4.127651E-01  6.654424E-02  4.230242E-02
       346   2  1.151835E+00  1.883477E-01  7.308340E-02  4.127651E-01 -6.654424E-02 -4.230242E-02
       347   1  2.458831E+00  3.956354E-01  2.707965E-01 -3.165942E-01 -3.954123E-02 -2.249251E-02
       347   2  2.458831E+00  3.956354E-01  2.707965E-01 -3.165942E-01  3.954123E-02  2.249251E-02
       348   1  2.544237E+00  3.828140E-01  2.674641E-01 -4.723984E-02  1.630247E-02  3.428307E-02
       348   2  2.544237E+00  3.828140E-01  2.674641E-01 -4.723984E-02 -1.630247E-02 -3.428307E-02
       349   1  9.056480E-01 -6.842714E-02 -1.406020E-02 -2.517244E-03  2.912874E-03 -1.096853E-04
       349   2  9.056480E-01 -6.842714E-02 -1.406020E-02 -2.517244E-03 -2.912874E-03  1.096853E-04
       350   1  7.930430E-01  2.408865E-01  9.911888E-03 -5.881479E-02 -1.954999E-03  3.298078E-04
       350   2  7.930430E-01  2.408865E-01  9.911888E-03 -5.881479E-02  1.954999E-03 -3.298078E-04
       351   1  8.194059E-01 -2.905801E-02 -4.937686E-04 -7.342847E-03 -5.331761E-04 -6.697851E-04
       351   2  8.194059E-01 -2.905801E-02 -4.937686E-04 -7.342847E-03  5.331761E-04  6.697851E-04
       352   1  8.296078E-01 -3.793600E-02  9.119597E-04  9.541119E-03 -2.771749E-04  2.877084E-04
       352   2  8.296078E-01 -3.793600E-02  9.119597E-04  9.541119E-03  2.771749E-04 -2.877084E-04
       353   1  8.082367E-01  1.446931E-01  5.336591E-03 -2.473182E-02  1.852395E-03 -2.499629E-03
       353   2  8.082367E-01  1.446931E-01  5.336591E-03 -2.473182E-02 -1.852395E-03  2.499629E-03
       354   1  7.916414E-01  2.401846E-01  8.973865E-03  5.661209E-02 -2.203860E-03  2.234897E-05
       354   2  7.916414E-01  2.401846E-01  8.973865E-03  5.661209E-02  2.203860E-03 -2.234897E-05
       355   1  8.373048E-01  2.555747E-01  1.461087E-02 -1.204827E-01 -1.774496E-03 -3.252574E-04
       355   2  8.373048E-01  2.555747E-01  1.461087E-02 -1.204827E-01  1.774496E-03  3.252574E-04
       356   1  8.380327E-01  2.561208E-01  1.570321E-02  1.233550E-01 -2.294647E-03 -3.968385E-04
       356   2  8.380327E-01  2.561208E-01  1.570321E-02  1.233550E-01  2.294647E-03  3.968385E-04
       357   1  7.817723E-01  2.370270E-01  8.317763E-03  1.434620E-02 -2.070515E-03 -2.115750E-04
       357   2  7.817723E-01  2.370270E-01  8.317763E-03  1.434620E-02  2.070515E-03  2.115750E-04
       358   1  8.211855E-01  5.861372E-02  2.933662E-03  3.373072E-02  1.345411E-03  2.214537E-03
       358   2  8.211855E-01  5.861372E-02  2.933662E-03  3.373072E-02 -1.345411E-03 -2.214537E-03
       359   1  8.104080E-01  2.470761E-01  1.317914E-02  8.739928E-02 -2.829673E-03 -1.010097E-03
       359   2  8.104080E-01  2.470761E-01  1.317914E-02  8.739928E-02  2.829673E-03  1.010097E-03
       360   1  8.081788E-01  2.459259E-01  1.157435E-02 -8.855214E-02 -3.093507E-03  1.261288E-03
       360   2  8.081788E-01  2.459259E-01  1.157435E-02 -8.855214E-02  3.093507E-03 -1.261288E-03
       361   1  8.337439E-01 -8.192404E-03  1.810954E-03  2.217945E-02 -1.605552E-04  1.745340E-03
       361   2  8.337439E-01 -8.192404E-03  1.810954E-03  2.217945E-02  1.605552E-04 -1.745340E-03
       362   1  1.158232E+00  1.968412E-01 -3.929473E-02 -7.721794E-03  1.772795E-02  2.604806E-02
       362   2  1.158232E+00  1.968412E-01 -3.929473E-02 -7.721794E-03 -1.772795E-02 -2.604806E-02
       363   1  8.960392E-01  3.387994E-04 -9.728523E-03 -1.196522E-02 -1.506789E-03  1.761021E-03
       363   2  8.960392E-01  3.387994E-04 -9.728523E-03 -1.196522E-02  1.506789E-03 -1.761021E-03
       364   1  8.268179E-01  4.867855E-02 -1.813015E-02  8.110907E-02 -3.672071E-03  2.403279E-03
       364   2  8.268179E-01  4.867855E-02 -1.813015E-02  8.110907E-02  3.672071E-03 -2.403279E-03
       365   1  6.271561E-01  2.101908E-02 -1.400761E-03  1.108129E-02 -3.501363E-03  1.209583E-03
       365   2  6.271561E-01  2.101908E-02 -1.400761E-03  1.108129E-02  3.501363E-03 -1.209583E-03
       366   1  8.169755E-01 -2.980896E-02 -4.384335E-03  1.239930E-02 -6.142526E-04  7.305465E-04
       366   2  8.169755E-01 -2.980896E-02 -4.384335E-03  1.239930E-02  6.142526E-04 -7.305465E-04
       367   1  7.858476E-01  1.629902E-01 -1.924748E-02 -9.556950E-02 -2.968271E-03  1.478203E-03
       367   2  7.858476E-01  1.629902E-01 -1.924748E-02 -9.556950E-02  2.968271E-03 -1.478203E-03
       368   1  7.665894E-01  1.574925E-01 -1.722775E-02  6.680774E-02 -2.205734E-03  2.554296E-05
       368   2  7.665894E-01  1.574925E-01 -1.722775E-02  6.680774E-02  2.205734E-03 -2.554296E-05
       369   1  7.810215E-01  1.482945E-01 -2.328674E-02  9.620016E-02 -2.762242E-03 -1.133163E-03
       369   2  7.810215E-01  1.482945E-01 -2.328674E-02  9.620016E-02  2.762242E-03  1.133163E-03
       370   1  8.196704E-01  7.004675E-03 -3.635107E-03  3.047675E-02  3.666463E-04  7.354262E-04
       370   2  8.196704E-01  7.004675E-03 -3.635107E-03  3.047675E-02 -3.666463E-04 -7.354262E-04
       371   1  7.663550E-01  1.576437E-01 -1.768072E-02 -6.931164E-02 -2.255358E-03 -1.904288E-04
       371   2  7.663550E-01  1.576437E-01 -1.768072E-02 -6.931164E-02  2.255358E-03  1.904288E-04
       372   1  7.924828E-01  1.942460E-01  8.221500E-03  2.684566E-02 -8.335994E-05 -6.824368E-05
       372   2  7.924828E-01  1.942460E-01  8.221500E-03  2.684566E-02  8.335994E-05  6.824368E-05
       373   1  9.175906E-01 -2.008745E-01 -4.210725E-02  6.646179E-02  4.031459E-03  7.539508E-03
       373   2  9.175906E-01 -2.008745E-01 -4.210725E-02  6.646179E-02 -4.031459E-03 -7.539508E-03
       374   1  7.796869E-01  1.429896E-02 -2.601691E-03  1.295254E-02 -1.082345E-03  2.571291E-03
       374   2  7.796869E-01  1.429896E-02 -2.601691E-03  1.295254E-02  1.082345E-03 -2.571291E-03
       375   1  8.000584E-01  2.847407E-03 -4.174005E-04  9.119976E-03  7.004896E-04 -4.914915E-04
       375   2  8.000584E-01  2.847407E-03 -4.174005E-04  9.119976E-03 -7.004896E-04  4.914915E-04
       376   1  7.759019E-01  1.710366E-02 -1.865009E-03 -1.313887E-02 -7.541810E-04 -2.240513E-03
       376   2  7.759019E-01  1.710366E-02 -1.865009E-03 -1.313887E-02  7.541810E-04  2.240513E-03
       377   1  8.004716E-01 -1.513606E-03 -8.000910E-04 -1.642541E-03  2.034363E-04  2.808519E-04
       377   2  8.004716E-01 -1.513606E-03 -8.000910E-04 -1.642541E-03 -2.034363E-04 -2.808519E-04
       378   1  8.937548E-01 -2.295586E-03 -5.245439E-03 -4.955779E-02 -3.871640E-03 -2.292508E-03
       378   2  8.937548E-01 -2.295586E-03 -5.245439E-03 -4.955779E-02  3.871640E-03  2.292508E-03
       379   1  9.421496E-01  5.050822E-04  6.564106E-03  2.083452E-02  1.066146E-03  2.077889E-03
       379   2  9.421496E-01  5.050822E-04  6.564106E-03  2.083452E-02 -1.066146E-03 -2.077889E-03
       380   1  8.511851E-01  2.910896E-03  1.611320E-03  1.473484E-02  1.184540E-03  5.073888E-04
       380   2  8.511851E-01  2.910896E-03  1.611320E-03  1.473484E-02 -1.184540E-03 -5.073888E-04
       381   1  7.619205E-01  7.664853E-03 -1.796250E-03  2.744910E-03  1.870644E-04  1.664349E-03
       381   2  7.619205E-01  7.664853E-03 -1.796250E-03  2.744910E-03 -1.870644E-04 -1.664349E-03
       382   1  7.768730E-01  1.608173E-03 -1.565570E-03 -4.457911E-03  4.819131E-04  8.450699E-04
       382   2  7.768730E-01  1.608173E-03 -1.565570E-03 -4.457911E-03 -4.819131E-04 -8.450699E-04
       383   1  8.207021E-01  2.480958E-03  6.478050E-06  1.161731E-02  7.914607E-04 -2.206455E-05
       383   2  8.207021E-01  2.480958E-03  6.478050E-06  1.161731E-02 -7.914607E-04  2.206455E-05
       384   1  7.822352E-01  3.193698E-03 -7.684439E-04  7.645839E-03  4.619569E-04 -8.195154E-04
       384   2  7.822352E-01  3.193698E-03 -7.684439E-04  7.645839E-03 -4.619569E-04  8.195154E-04
       385   1  7.644432E-01  5.998224E-03 -2.774427E-03 -2.329418E-03 -9.564457E-05 -1.584593E-03
       385   2  7.644432E-01  5.998224E-03 -2.774427E-03 -2.329418E-03  9.564457E-05  1.584593E-03
       386   1  8.025264E-01 -2.652501E-03 -9.066522E-04  3.397965E-04 -4.356262E-05  1.488020E-04
       386   2  8.025264E-01 -2.652501E-03 -9.066522E-04  3.397965E-04  4.356262E-05 -1.488020E-04
       387   1  7.988850E-01 -2.442635E-03 -1.431897E-03  2.721352E-03 -1.658058E-04  3.205740E-04
       387   2  7.988850E-01 -2.442635E-03 -1.431897E-03  2.721352E-03  1.658058E-04 -3.205740E-04
       388   1  7.902528E-01 -2.290884E-03 -1.241931E-03  4.829989E-03 -4.514723E-04  3.548191E-04
       388   2  7.902528E-01 -2.290884E-03 -1.241931E-03  4.829989E-03  4.514723E-04 -3.548191E-04
       389   1  7.607801E-01  2.534515E-03 -2.153108E-03  6.418093E-04 -5.169846E-05  1.140169E-03
       389   2  7.607801E-01  2.534515E-03 -2.153108E-03  6.418093E-04  5.169846E-05 -1.140169E-03
       390   1  7.717596E-01  5.151784E-04 -2.183595E-03 -6.346297E-03  3.051629E-04  7.682799E-04
       390   2  7.717596E-01  5.151784E-04 -2.183595E-03 -6.346297E-03 -3.051629E-04 -7.682799E-04
       391   1  9.082697E-01 -3.764194E-02 -8.720339E-03  2.574555E-02  2.115750E-03 -1.313928E-03
       391   2  9.082697E-01 -3.764194E-02 -8.720339E-03  2.574555E-02 -2.115750E-03  1.313928E-03
       392   1  9.851431E-01 -1.479000E-02  4.827886E-03  1.041058E-02  8.731589E-04  1.532202E-03
       392   2  9.851431E-01 -1.479000E-02  4.827886E-03  1.041058E-02 -8.731589E-04 -1.532202E-03
       393   1  8.931297E-01  3.387675E-03  3.041674E-03  1.874839E-02  1.653077E-03  1.263199E-03
       393   2  8.931297E-01  3.387675E-03  3.041674E-03  1.874839E-02 -1.653077E-03 -1.263199E-03
       394   1  8.791128E-01  6.417329E-04  3.789520E-03 -2.589053E-02 -1.255780E-03 -2.145268E-05
       394   2  8.791128E-01  6.417329E-04  3.789520E-03 -2.589053E-02  1.255780E-03  2.145268E-05
       395   1  8.051769E-01 -1.432390E-03 -3.985641E-04 -6.345803E-03  5.508695E-04  1.115139E-04
       395   2  8.051769E-01 -1.432390E-03 -3.985641E-04 -6.345803E-03 -5.508695E-04 -1.115139E-04
       396   1  9.457690E-01 -1.484808E-01 -4.516086E-02  1.990212E-01 -1.537675E-02 -1.694597E-02
       396   2  9.457690E-01 -1.484808E-01 -4.516086E-02  1.990212E-01  1.537675E-02  1.694597E-02
       397   1  1.217256E+00  2.713335E-01 -2.397036E-02  1.856771E-02 -4.296940E-03 -3.695220E-02
       397   2  1.217256E+00  2.713335E-01 -2.397036E-02  1.856771E-02  4.296940E-03  3.695220E-02
       398   1  8.767150E-01  7.068851E-02 -1.036273E-03  1.100874E-02  3.673868E-05  2.885815E-03
       398   2  8.767150E-01  7.068851E-02 -1.036273E-03  1.100874E-02 -3.673868E-05 -2.885815E-03
       399   1  8.168826E-01  9.424821E-02  9.491513E-04  2.281753E-02  4.538922E-03 -7.842736E-04
       399   2  8.168826E-01  9.424821E-02  9.491513E-04  2.281753E-02 -4.538922E-03  7.842736E-04
       400   1  1.015040E+00 -7.037970E-02 -1.436827E-02  2.520338E-02 -9.861386E-03 -2.871329E-03
       400   2  1.015040E+00 -7.037970E-02 -1.436827E-02  2.520338E-02  9.861386E-03  2.871329E-03
       401   1  8.094616E-01  1.458853E-01  5.961146E-03 -2.324765E-02 -8.995738E-04 -3.962398E-04
       401   2  8.094616E-01  1.458853E-01  5.961146E-03 -2.324765E-02  8.995738E-04  3.962398E-04
       402   1  8.182277E-01  1.238444E-01  5.053020E-03 -3.648473E-02 -5.934831E-04 -8.007152E-05
       402   2  8.182277E-01  1.238444E-01  5.053020E-03 -3.648473E-02  5.934831E-04  8.007152E-05
       403   1  7.988705E-01  3.598728E-02 -6.240948E-04 -7.695337E-02  3.541978E-03  1.275626E-03
       403   2  7.988705E-01  3.598728E-02 -6.240948E-04 -7.695337E-02 -3.541978E-03 -1.275626E-03
       404   1  8.287160E-01 -1.441630E-02  2.702457E-03  9.568532E-02  1.674829E-03 -9.481339E-04
       404   2  8.287160E-01 -1.441630E-02  2.702457E-03  9.568532E-02 -1.674829E-03  9.481339E-04
       405   1  1.559552E+00  1.956986E-01  6.716301E-02  8.228759E-02 -3.931860E-02  9.197564E-03
       405   2  1.559552E+00  1.956986E-01  6.716301E-02  8.228759E-02  3.931860E-02 -9.197564E-03
       406   1  1.594163E+00  1.870979E-01  7.579924E-02 -6.884616E-02 -4.061809E-02 -1.176234E-02
       406   2  1.594163E+00  1.870979E-01  7.579924E-02 -6.884616E-02  4.061809E-02  1.176234E-02
       407   1  9.212197E-01 -8.416166E-02 -1.118320E-02 -3.269451E-02 -9.263399E-04  3.950254E-03
       407   2  9.212197E-01 -8.416166E-02 -1.118320E-02 -3.269451E-02  9.263399E-04 -3.950254E-03
       408   1  1.219194E+00  2.709037E-01 -3.251248E-02 -5.369411E-03 -3.230944E-03  3.352951E-02
       408   2  1.219194E+00  2.709037E-01 -3.251248E-02 -5.369411E-03  3.230944E-03 -3.352951E-02
       409   1  8.168211E-01  7.575352E-03 -4.885390E-07 -4.591802E-03 -3.352210E-04  4.967517E-04
       409   2  8.168211E-01  7.575352E-03 -4.885390E-07 -4.591802E-03  3.352210E-04 -4.967517E-04
       410   1  8.165971E-01  1.520955E-02  1.018691E-03 -2.508525E-03 -6.083413E-05  8.034820E-04
       410   2  8.165971E-01  1.520955E-02  1.018691E-03 -2.508525E-03  6.083413E-05 -8.034820E-04
       411   1  8.166226E-01 -1.173643E-02 -2.746179E-03 -7.764108E-04 -2.252774E-05  2.572444E-04
       411   2  8.166226E-01 -1.173643E-02 -2.746179E-03 -7.764108E-04  2.252774E-05 -2.572444E-04
       412   1  1.103075E+00 -6.536625E-02  4.411141E-02 -3.700277E-02  1.229518E-02 -5.313832E-03
       412   2  1.103075E+00 -6.536625E-02  4.411141E-02 -3.700277E-02 -1.229518E-02  5.313832E-03
       413   1  8.286926E-01  2.722237E-02  4.322222E-03 -1.137288E-02 -5.375453E-04 -8.084868E-04
       413   2  8.286926E-01  2.722237E-02  4.322222E-03 -1.137288E-02  5.375453E-04  8.084868E-04
       414   1  8.419791E-01  5.610930E-02  5.995158E-03 -3.903699E-02 -1.846365E-03 -3.474430E-04
       414   2  8.419791E-01  5.610930E-02  5.995158E-03 -3.903699E-02  1.846365E-03  3.474430E-04
       415   1  8.245517E-01  7.164356E-02  5.413709E-03 -3.223418E-02  8.724677E-04 -1.843043E-03
       415   2  8.245517E-01  7.164356E-02  5.413709E-03 -3.223418E-02 -8.724677E-04  1.843043E-03
       416   1  8.152019E-01 -1.402877E-02 -9.903962E-04 -6.753234E-03 -2.342010E-05 -4.247253E-04
       416   2  8.152019E-01 -1.402877E-02 -9.903962E-04 -6.753234E-03  2.342010E-05  4.247253E-04
       417   1  9.253685E-01 -2.853776E-02 -1.090530E-03 -7.140099E-03 -1.124934E-03  2.683073E-04
       417   2  9.253685E-01 -2.853776E-02 -1.090530E-03 -7.140099E-03  1.124934E-03 -2.683073E-04
       418   1  9.811185E-01 -7.205480E-03  1.965445E-02 -5.583445E-03 -3.317419E-03  2.336465E-04
       418   2  9.811185E-01 -7.205480E-03  1.965445E-02 -5.583445E-03  3.317419E-03 -2.336465E-04
       419   1  1.128818E+00 -5.818481E-02 -1.192966E-02 -1.018327E-02  1.272527E-02 -3.070813E-03
       419   2  1.128818E+00 -5.818481E-02 -1.192966E-02 -1.018327E-02 -1.272527E-02  3.070813E-03
       420   1  7.828769E-01  1.730304E-01 -1.032011E-03  2.932782E-02 -9.332653E-05  3.905228E-05
       420   2  7.828769E-01  1.730304E-01 -1.032011E-03  2.932782E-02  9.332653E-05 -3.905228E-05
       421   1  7.070238E-01  1.712683E-03 -1.871155E-02  3.282751E-01  3.179775E-02  3.682440E-02
       421   2  7.070238E-01  1.712683E-03 -1.871155E-02  3.282751E-01 -3.179775E-02 -3.682440E-02
       422   1  5.027112E-01 -5.000726E-02 -3.821976E-02  2.862081E-01 -1.404351E-02 -4.253984E-02
       422   2  5.027112E-01 -5.000726E-02 -3.821976E-02  2.862081E-01  1.404351E-02  4.253984E-02
       423   1  1.555610E-01 -2.436258E-01 -7.582930E-02 -1.453955E-01 -2.253139E-04 -4.155353E-02
       423   2  1.555610E-01 -2.436258E-01 -7.582930E-02 -1.453955E-01  2.253139E-04  4.155353E-02
       424   1  9.232495E-01 -1.140762E-01 -2.614982E-02  5.218827E-02 -3.034635E-03 -3.137571E-03
       424   2  9.232495E-01 -1.140762E-01 -2.614982E-02  5.218827E-02  3.034635E-03  3.137571E-03
       425   1  7.855232E-01  1.732017E-01  5.269205E-03  4.232093E-03  5.003174E-03  2.530195E-05
       425   2  7.855232E-01  1.732017E-01  5.269205E-03  4.232093E-03 -5.003174E-03 -2.530195E-05
       426   1  3.325386E-01 -2.005951E-01 -8.363625E-02 -1.810514E-01 -1.727415E-02  4.210095E-02
       426   2  3.325386E-01 -2.005951E-01 -8.363625E-02 -1.810514E-01  1.727415E-02 -4.210095E-02
       427   1  7.833651E-01  2.374646E-01  8.183672E-03 -1.050162E-02 -1.611102E-03  2.928722E-04
       427   2  7.833651E-01  2.374646E-01  8.183672E-03 -1.050162E-02  1.611102E-03 -2.928722E-04
       428   1  7.806864E-01  7.095273E-02 -2.635123E-03 -2.330863E-02 -1.512937E-03 -6.616483E-03
       428   2  7.806864E-01  7.095273E-02 -2.635123E-03 -2.330863E-02  1.512937E-03  6.616483E-03
       429   1 -8.270835E-02 -3.191500E-01 -5.306303E-02  3.345026E-02  3.903798E-02 -1.909067E-04
       429   2 -8.270835E-02 -3.191500E-01 -5.306303E-02  3.345026E-02 -3.903798E-02  1.909067E-04
       430   1  1.001012E+00  8.833411E-02 -8.032734E-02 -2.188972E-01  5.150804E-02  4.284571E-03
       430   2  1.001012E+00  8.833411E-02 -8.032734E-02 -2.188972E-01 -5.150804E-02 -4.284571E-03
       431   1  1.487434E+00  2.006218E-01 -4.176729E-02  1.312107E-01  2.380524E-02 -3.827944E-02
       431   2  1.487434E+00  2.006218E-01 -4.176729E-02  1.312107E-01 -2.380524E-02  3.827944E-02
       432   1  1.255491E+00  1.048519E-01  3.576783E-02 -5.213702E-02 -2.681014E-02  1.043420E-02
       432   2  1.255491E+00  1.048519E-01  3.576783E-02 -5.213702E-02  2.681014E-02 -1.043420E-02
       433   1 -2.016554E-02 -2.523147E-01 -3.434663E-02  8.116894E-02 -3.495133E-02  1.577123E-02
       433   2 -2.016554E-02 -2.523147E-01 -3.434663E-02  8.116894E-02  3.495133E-02 -1.577123E-02
       434   1  1.239240E+00  6.575800E-02  2.332788E-02  8.769611E-02 -2.612780E-02 -1.012861E-02
       434   2  1.239240E+00  6.575800E-02  2.332788E-02  8.769611E-02  2.612780E-02  1.012861E-02
       435   1  8.075931E-01  3.094660E-03  1.232936E-03  1.111180E-02 -1.986536E-05  8.531011E-04
       435   2  8.075931E-01  3.094660E-03  1.232936E-03  1.111180E-02  1.986536E-05 -8.531011E-04
       436   1  7.620846E-01  1.822159E-01 -1.096125E-02 -2.057247E-02 -1.956435E-03 -2.428958E-04
       436   2  7.620846E-01  1.822159E-01 -1.096125E-02 -2.057247E-02  1.956435E-03  2.428958E-04
       437   1  1.012584E+00 -2.059968E-01  2.700595E-03 -1.833766E-01 -3.056384E-02  3.313446E-02
       437   2  1.012584E+00 -2.059968E-01  2.700595E-03 -1.833766E-01  3.056384E-02 -3.313446E-02
       438   1  8.026067E-01  6.070725E-04 -8.498905E-04  3.401142E-04 -1.039696E-03  2.591208E-03
       438   2  8.026067E-01  6.070725E-04 -8.498905E-04  3.401142E-04  1.039696E-03 -2.591208E-03
       439   1  8.278906E-01 -2.065785E-05 -1.542165E-03  1.290229E-02  5.363807E-04  1.144208E-04
       439   2  8.278906E-01 -2.065785E-05 -1.542165E-03  1.290229E-02 -5.363807E-04 -1.144208E-04
       440   1  8.106665E-01  4.850796E-04  2.015528E-03  1.623038E-03  4.407464E-05  1.993994E-04
       440   2  8.106665E-01  4.850796E-04  2.015528E-03  1.623038E-03 -4.407464E-05 -1.993994E-04
       441   1  8.096661E-01  4.145461E-04  1.589461E-03 -9.924745E-04 -3.756668E-05  1.453403E-04
       441   2  8.096661E-01  4.145461E-04  1.589461E-03 -9.924745E-04  3.756668E-05 -1.453403E-04
       442   1  8.155679E-01  9.230008E-05 -4.152921E-05  1.008398E-02  3.487607E-04 -2.776457E-04
       442   2  8.155679E-01  9.230008E-05 -4.152921E-05  1.008398E-02 -3.487607E-04  2.776457E-04
       443   1  8.002322E-01 -7.084453E-04 -2.916412E-04  5.455376E-03  2.671067E-04 -6.499998E-04
       443   2  8.002322E-01 -7.084453E-04 -2.916412E-04  5.455376E-03 -2.671067E-04  6.499998E-04
       444   1  8.075971E-01  5.406263E-04  2.333769E-03  3.700010E-03 -2.789820E-04  2.552317E-04
       444   2  8.075971E-01  5.406263E-04  2.333769E-03  3.700010E-03  2.789820E-04 -2.552317E-04
       445   1  8.987202E-01 -8.965366E-04 -7.562332E-03  2.064135E-02  1.427687E-03  1.848945E-03
       445   2  8.987202E-01 -8.965366E-04 -7.562332E-03  2.064135E-02 -1.427687E-03 -1.848945E-03
       446   1  8.740775E-01 -3.240573E-04 -5.377638E-03  1.992617E-02  7.252198E-04  1.866757E-03
       446   2  8.740775E-01 -3.240573E-04 -5.377638E-03  1.992617E-02 -7.252198E-04 -1.866757E-03
       447   1  8.052633E-01 -1.643425E-03 -1.358327E-04  2.086764E-04 -8.620070E-04 -2.183366E-03
       447   2  8.052633E-01 -1.643425E-03 -1.358327E-04  2.086764E-04  8.620070E-04  2.183366E-03
       448   1  8.484816E-01 -5.530886E-05 -3.269615E-03  1.526846E-02  8.202482E-04  7.200495E-04
       448   2  8.484816E-01 -5.530886E-05 -3.269615E-03  1.526846E-02 -8.202482E-04 -7.200495E-04
       449   1  1.481383E+00  1.403053E-01  4.974092E-02 -9.294173E-03  4.021214E-02  8.851960E-03
       449   2  1.481383E+00  1.403053E-01  4.974092E-02 -9.294173E-03 -4.021214E-02 -8.851960E-03
       450   1  8.005116E-01  8.738096E-03 -4.891533E-03  2.715422E-02  5.441529E-05  2.153834E-04
       450   2  8.005116E-01  8.738096E-03 -4.891533E-03  2.715422E-02 -5.441529E-05 -2.153834E-04
       451   1  6.113730E-01 -2.318693E-02 -2.214068E-02  9.739109E-02 -4.683989E-03  3.834769E-03
       451   2  6.113730E-01 -2.318693E-02 -2.214068E-02  9.739109E-02  4.683989E-03 -3.834769E-03
       452   1  8.011073E-01  5.619294E-03 -6.110360E-05 -3.838895E-03 -2.487627E-04 -1.083528E-03
       452   2  8.011073E-01  5.619294E-03 -6.110360E-05 -3.838895E-03  2.487627E-04  1.083528E-03
       453   1  7.693268E-01  8.376321E-02  2.242642E-03 -2.898980E-02  3.484711E-03  1.457718E-03
       453   2  7.693268E-01  8.376321E-02  2.242642E-03 -2.898980E-02 -3.484711E-03 -1.457718E-03
       454   1  9.257978E-01  4.835686E-02  9.123159E-03  5.222355E-02  2.708846E-03  2.022907E-03
       454   2  9.257978E-01  4.835686E-02  9.123159E-03  5.222355E-02 -2.708846E-03 -2.022907E-03
       455   1  8.063819E-01 -6.534164E-03 -2.418605E-03 -1.046885E-03 -3.845406E-05  2.106349E-04
       455   2  8.063819E-01 -6.534164E-03 -2.418605E-03 -1.046885E-03  3.845406E-05 -2.106349E-04
       456   1  8.778088E-01 -2.479079E-03 -2.250414E-03 -2.618113E-02 -9.298072E-04  1.667476E-04
       456   2  8.778088E-01 -2.479079E-03 -2.250414E-03 -2.618113E-02  9.298072E-04 -1.667476E-04
       457   1  9.517368E-01  5.251228E-04  1.186568E-02  7.422941E-03 -8.659371E-04  4.177489E-04
       457   2  9.517368E-01  5.251228E-04  1.186568E-02  7.422941E-03  8.659371E-04 -4.177489E-04
       458   1  8.168095E-01 -2.622030E-03  2.157116E-03 -1.326555E-02 -1.906444E-04  1.045430E-04
       458   2  8.168095E-01 -2.622030E-03  2.157116E-03 -1.326555E-02  1.906444E-04 -1.045430E-04
       459   1  9.062282E-01 -1.371815E-02 -4.846166E-03 -4.053382E-02  1.021254E-03 -4.689896E-03
       459   2  9.062282E-01 -1.371815E-02 -4.846166E-03 -4.053382E-02 -1.021254E-03  4.689896E-03
       460   1  8.075203E-01  1.019358E-01 -4.182312E-03 -3.289923E-02 -5.924188E-04 -8.371046E-05
       460   2  8.075203E-01  1.019358E-01 -4.182312E-03 -3.289923E-02  5.924188E-04  8.371046E-05
       461   1  6.689467E-01 -1.322378E-01 -4.086641E-02 -1.634142E-01 -3.098711E-03 -6.988895E-03
       461   2  6.689467E-01 -1.322378E-01 -4.086641E-02 -1.634142E-01  3.098711E-03  6.988895E-03
       462   1  8.167614E-01 -2.951740E-02 -9.018751E-04 -8.267320E-04 -4.935339E-04 -1.902758E-04
       462   2  8.167614E-01 -2.951740E-02 -9.018751E-04 -8.267320E-04  4.935339E-04  1.902758E-04
       463   1  8.168410E-01 -2.666352E-02 -3.633512E-04 -4.717466E-03 -8.276371E-04  4.871005E-05
       463   2  8.168410E-01 -2.666352E-02 -3.633512E-04 -4.717466E-03  8.276371E-04 -4.871005E-05
       464   1  8.513410E-01 -1.472586E-01 -1.452643E-02  1.649390E-01 -9.748597E-04 -8.473019E-03
       464   2  8.513410E-01 -1.472586E-01 -1.452643E-02  1.649390E-01  9.748597E-04  8.473019E-03
       465   1  7.933561E-01  1.007826E-02 -5.924538E-03  3.558325E-02 -3.997229E-04  2.970853E-04
       465   2  7.933561E-01  1.007826E-02 -5.924538E-03  3.558325E-02  3.997229E-04 -2.970853E-04
       466   1  7.650577E-01  1.594530E-03 -2.200425E-03  3.482719E-03 -2.935367E-04  1.016958E-03
       466   2  7.650577E-01  1.594530E-03 -2.200425E-03  3.482719E-03  2.935367E-04 -1.016958E-03
       467   1  8.117170E-01 -2.149420E-03 -6.343845E-04 -8.095797E-03 -1.405680E-04  2.948351E-04
       467   2  8.117170E-01 -2.149420E-03 -6.343845E-04 -8.095797E-03  1.405680E-04 -2.948351E-04
       468   1  5.571192E-01 -2.279234E-02 -3.328000E-02 -9.418280E-02  8.506735E-03  4.005368E-03
       468   2  5.571192E-01 -2.279234E-02 -3.328000E-02 -9.418280E-02 -8.506735E-03 -4.005368E-03
       469   1  8.163281E-01 -1.547478E-03  1.781301E-03 -3.154549E-03  8.025638E-05  1.410993E-04
       469   2  8.163281E-01 -1.547478E-03  1.781301E-03 -3.154549E-03 -8.025638E-05 -1.410993E-04
       470   1  7.871915E-01  5.561573E-04  1.914881E-03  3.524991E-03 -8.071545E-05  1.155470E-03
       470   2  7.871915E-01  5.561573E-04  1.914881E-03  3.524991E-03  8.071545E-05 -1.155470E-03
       471   1  8.243038E-01  5.224184E-03 -1.284502E-03 -2.550554E-03 -3.565066E-04  5.064708E-04
       471   2  8.243038E-01  5.224184E-03 -1.284502E-03 -2.550554E-03  3.565066E-04 -5.064708E-04
       472   1  9.228168E-01 -5.299701E-02 -3.941206E-04  3.899670E-03  2.184310E-03 -1.190223E-03
       472   2  9.228168E-01 -5.299701E-02 -3.941206E-04  3.899670E-03 -2.184310E-03  1.190223E-03
       473   1  9.107399E-01 -4.579625E-02  1.603985E-02 -4.938727E-02  1.045353E-03 -1.806801E-03
       473   2  9.107399E-01 -4.579625E-02  1.603985E-02 -4.938727E-02 -1.045353E-03  1.806801E-03
       474   1  7.542189E-01  7.920589E-02 -5.653138E-03  2.999841E-02  2.373361E-03 -1.204467E-03
       474   2  7.542189E-01  7.920589E-02 -5.653138E-03  2.999841E-02 -2.373361E-03  1.204467E-03
       475   1  8.199141E-01  5.860430E-02 -2.197073E-03  3.314063E-02  1.802305E-03  1.370094E-03
       475   2  8.199141E-01  5.860430E-02 -2.197073E-03  3.314063E-02 -1.802305E-03 -1.370094E-03
       476   1  8.607255E-01 -8.776873E-02 -1.491225E-02  9.345504E-02 -3.736750E-04 -3.194559E-03
       476   2  8.607255E-01 -8.776873E-02 -1.491225E-02  9.345504E-02  3.736750E-04  3.194559E-03
       477   1  8.240973E-01 -5.989760E-03  2.198077E-03 -1.797546E-02 -6.231066E-04  9.835083E-05
       477   2  8.240973E-01 -5.989760E-03  2.198077E-03 -1.797546E-02  6.231066E-04 -9.835083E-05
       478   1  7.540236E-01  7.714084E-02  2.409231E-02  4.794284E-02  4.605944E-03 -6.528194E-04
       478   2  7.540236E-01  7.714084E-02  2.409231E-02  4.794284E-02 -4.605944E-03  6.528194E-04
       479   1  8.235216E-01 -1.106412E-04  2.328919E-03  1.673962E-02  7.482806E-05  3.837527E-04
       479   2  8.235216E-01 -1.106412E-04  2.328919E-03  1.673962E-02 -7.482806E-05 -3.837527E-04
       480   1  8.117735E-01 -1.140026E-03 -3.471786E-03  3.605544E-03 -8.507291E-04  1.506771E-03
       480   2  8.117735E-01 -1.140026E-03 -3.471786E-03  3.605544E-03  8.507291E-04 -1.506771E-03
       481   1  8.237246E-01  3.128069E-03 -2.510293E-03 -1.829335E-02 -9.301107E-04 -2.349027E-03
       481   2  8.237246E-01  3.128069E-03 -2.510293E-03 -1.829335E-02  9.301107E-04  2.349027E-03
       482   1  8.414557E-01  3.108820E-03  6.486308E-04  2.427584E-02 -1.215700E-03  2.637880E-03
       482   2  8.414557E-01  3.108820E-03  6.486308E-04  2.427584E-02  1.215700E-03 -2.637880E-03
       483   1  8.093002E-01  7.416425E-03  6.765403E-04 -1.742216E-02 -6.019363E-06  6.747589E-04
       483   2  8.093002E-01  7.416425E-03  6.765403E-04 -1.742216E-02  6.019363E-06 -6.747589E-04
       484   1  9.722549E-01 -5.537151E-03  9.782135E-03 -4.122643E-02  5.177399E-04  1.247966E-03
       484   2  9.722549E-01 -5.537151E-03  9.782135E-03 -4.122643E-02 -5.177399E-04 -1.247966E-03
       485   1  9.488569E-01  3.979607E-04  2.673124E-03  4.769004E-03 -2.249726E-04  2.249314E-03
       485   2  9.488569E-01  3.979607E-04  2.673124E-03  4.769004E-03  2.249726E-04 -2.249314E-03
       486   1  8.278439E-01 -5.622234E-03  1.850246E-03 -3.323265E-03 -2.108941E-05  2.566500E-04
       486   2  8.278439E-01 -5.622234E-03  1.850246E-03 -3.323265E-03  2.108941E-05 -2.566500E-04
       487   1  8.125861E-01  4.810233E-02 -9.360240E-03 -3.620199E-02  1.235057E-03 -1.253858E-03
       487   2  8.125861E-01  4.810233E-02 -9.360240E-03 -3.620199E-02 -1.235057E-03  1.253858E-03
       488   1  8.178089E-01 -1.243397E-02  1.246131E-03 -7.776594E-03 -1.935949E-04 -1.234206E-04
       488   2  8.178089E-01 -1.243397E-02  1.246131E-03 -7.776594E-03  1.935949E-04  1.234206E-04
       489   1  8.251072E-01  2.879201E-02 -5.021103E-03  3.911095E-02 -4.878186E-03  3.791882E-04
       489   2  8.251072E-01  2.879201E-02 -5.021103E-03  3.911095E-02  4.878186E-03 -3.791882E-04
       490   1  8.302360E-01  3.411921E-02 -3.025426E-03 -4.352794E-02 -5.405038E-03 -3.922842E-04
       490   2  8.302360E-01  3.411921E-02 -3.025426E-03 -4.352794E-02  5.405038E-03  3.922842E-04
       491   1  8.145020E-01  3.101066E-03 -2.367198E-03  2.262968E-02  1.888402E-04 -6.818393E-05
       491   2  8.145020E-01  3.101066E-03 -2.367198E-03  2.262968E-02 -1.888402E-04  6.818393E-05
       492   1  8.706196E-01 -7.920070E-03  7.392928E-03 -5.946492E-04 -9.206327E-04  5.700198E-04
       492   2  8.706196E-01 -7.920070E-03  7.392928E-03 -5.946492E-04  9.206327E-04 -5.700198E-04
       493   1  4.929523E-01 -7.874266E-02 -1.556957E-03  1.954889E-01 -1.347590E-02  1.184753E-02
       493   2  4.929523E-01 -7.874266E-02 -1.556957E-03  1.954889E-01  1.347590E-02 -1.184753E-02
       494   1  8.252009E-01  3.274325E-02  4.340409E-03  1.407852E-02 -8.624567E-04  1.171460E-03
       494   2  8.252009E-01  3.274325E-02  4.340409E-03  1.407852E-02  8.624567E-04 -1.171460E-03
       495   1  8.163689E-01  1.572369E-02  1.984215E-03  6.059632E-03 -7.035971E-05 -4.760834E-04
       495   2  8.163689E-01  1.572369E-02  1.984215E-03  6.059632E-03  7.035971E-05  4.760834E-04
       496   1  8.205779E-01  2.297710E-02 -4.807086E-03 -1.254450E-02 -5.410940E-04 -8.119455E-04
       496   2  8.205779E-01  2.297710E-02 -4.807086E-03 -1.254450E-02  5.410940E-04  8.119455E-04
       497   1  6.220223E-01 -1.965157E-02 -1.568683E-02 -8.588851E-02 -3.342010E-03 -2.351077E-03
       497   2  6.220223E-01 -1.965157E-02 -1.568683E-02 -8.588851E-02  3.342010E-03  2.351077E-03
       498   1  9.837425E-01 -4.109296E-02 -1.969661E-03 -1.610607E-02 -8.449815E-04  1.874798E-03
       498   2  9.837425E-01 -4.109296E-02 -1.969661E-03 -1.610607E-02  8.449815E-04 -1.874798E-03
       499   1  8.027674E-01 -7.256008E-04  1.828011E-04 -6.850207E-03  1.207590E-04  3.159739E-04
       499   2  8.027674E-01 -7.256008E-04  1.828011E-04 -6.850207E-03 -1.207590E-04 -3.159739E-04
       500   1  7.931870E-01  1.454977E-04  8.424444E-04 -5.968279E-03  3.128765E-04  7.731815E-04
       500   2  7.931870E-01  1.454977E-04  8.424444E-04 -5.968279E-03 -3.128765E-04 -7.731815E-04
       501   1  7.971069E-01  1.953204E-01  9.746279E-03 -2.776329E-02 -6.397654E-04 -3.291239E-05
       501   2  7.971069E-01  1.953204E-01  9.746279E-03 -2.776329E-02  6.397654E-04  3.291239E-05
       502   1  7.951548E-01  8.673629E-02 -1.752545E-02  6.754263E-02 -1.120015E-03  4.062646E-04
       502   2  7.951548E-01  8.673629E-02 -1.752545E-02  6.754263E-02  1.120015E-03 -4.062646E-04
       503   1  7.849139E-01 -1.072246E-03 -1.339588E-03 -5.647105E-03  8.175290E-05  4.974425E-04
       503   2  7.849139E-01 -1.072246E-03 -1.339588E-03 -5.647105E-03 -8.175290E-05 -4.974425E-04
       504   1  7.623906E-01  1.718397E-01 -1.420758E-02 -4.533080E-02 -1.936946E-03  2.985386E-04
       504   2  7.623906E-01  1.718397E-01 -1.420758E-02 -4.533080E-02  1.936946E-03 -2.985386E-04
       505   1  8.111918E-01  9.361885E-02 -1.494988E-03 -2.581045E-02  4.416422E-03  1.345174E-03
       505   2  8.111918E-01  9.361885E-02 -1.494988E-03 -2.581045E-02 -4.416422E-03 -1.345174E-03
       506   1  7.585710E-01  1.767986E-01 -1.200049E-02 -1.161362E-03 -1.617032E-03  3.049364E-04
       506   2  7.585710E-01  1.767986E-01 -1.200049E-02 -1.161362E-03  1.617032E-03 -3.049364E-04
       507   1  1.228040E+00  2.123799E-01  3.181177E-02  8.374068E-02  1.608964E-02  1.697552E-02
       507   2  1.228040E+00  2.123799E-01  3.181177E-02  8.374068E-02 -1.608964E-02 -1.697552E-02
       508   1  9.444456E-01 -3.317127E-03  9.403494E-03  4.364642E-02 -1.379186E-03 -3.044600E-03
       508   2  9.444456E-01 -3.317127E-03  9.403494E-03  4.364642E-02  1.379186E-03  3.044600E-03
       509   1  7.980924E-01  8.134474E-03  7.581775E-04  5.555918E-03 -2.931717E-04  9.594431E-04
       509   2  7.980924E-01  8.134474E-03  7.581775E-04  5.555918E-03  2.931717E-04 -9.594431E-04
       510   1  1.117128E+00 -4.512489E-02  2.975265E-02 -1.415763E-02  1.799063E-02  1.200462E-04
       510   2  1.117128E+00 -4.512489E-02  2.975265E-02 -1.415763E-02 -1.799063E-02 -1.200462E-04
       511   1  9.519568E-01 -3.831292E-02  2.485249E-02  7.240102E-02 -2.440300E-03 -2.628525E-03
       511   2  9.519568E-01 -3.831292E-02  2.485249E-02  7.240102E-02  2.440300E-03  2.628525E-03
       512   1  7.659520E-01  1.831311E-01 -9.614890E-03  4.615062E-02 -2.626781E-03 -8.619140E-04
       512   2  7.659520E-01  1.831311E-01 -9.614890E-03  4.615062E-02  2.626781E-03  8.619140E-04
       513   1  7.602645E-01  1.830129E-01 -1.002366E-02  2.103116E-02 -2.319061E-03  3.740795E-04
       513   2  7.602645E-01  1.830129E-01 -1.002366E-02  2.103116E-02  2.319061E-03 -3.740795E-04
       514   1  8.440731E-01  1.086463E-01  8.612481E-03 -7.107110E-02 -9.366163E-04 -1.925237E-04
       514   2  8.440731E-01  1.086463E-01  8.612481E-03 -7.107110E-02  9.366163E-04  1.925237E-04
       515   1  8.111286E-01 -7.534839E-02  7.183850E-04 -1.247617E-01  1.927158E-03  4.547734E-03
       515   2  8.111286E-01 -7.534839E-02  7.183850E-04 -1.247617E-01 -1.927158E-03 -4.547734E-03
       516   1  8.302188E-01  1.042831E-02  2.884781E-03  2.657254E-02  5.321247E-04  1.862826E-04
       516   2  8.302188E-01  1.042831E-02  2.884781E-03  2.657254E-02 -5.321247E-04 -1.862826E-04
       517   1  8.527824E-01  1.827017E-01  2.145137E-02  9.816772E-02 -2.529067E-03 -1.148465E-03
       517   2  8.527824E-01  1.827017E-01  2.145137E-02  9.816772E-02  2.529067E-03  1.148465E-03
       518   1  7.979420E-01  3.481323E-04  1.791174E-03  5.774742E-03 -2.508844E-05  6.009919E-04
       518   2  7.979420E-01  3.481323E-04  1.791174E-03  5.774742E-03  2.508844E-05 -6.009919E-04
       519   1  8.146050E-01 -2.477952E-03  1.341952E-04 -2.622880E-03  1.665074E-05 -5.090253E-05
       519   2  8.146050E-01 -2.477952E-03  1.341952E-04 -2.622880E-03 -1.665074E-05  5.090253E-05
       520   1  8.341890E-01  1.271886E-02 -4.058826E-04 -1.342533E-02 -8.675280E-05 -6.821145E-04
       520   2  8.341890E-01  1.271886E-02 -4.058826E-04 -1.342533E-02  8.675280E-05  6.821145E-04
       521   1  7.923995E-01 -1.814481E-03 -1.330591E-03 -2.734102E-03  3.367339E-04  4.578342E-04
       521   2  7.923995E-01 -1.814481E-03 -1.330591E-03 -2.734102E-03 -3.367339E-04 -4.578342E-04
       522   1  8.289494E-01  1.413308E-02 -6.539485E-04 -1.248744E-02 -4.059552E-04 -3.662375E-04
       522   2  8.289494E-01  1.413308E-02 -6.539485E-04 -1.248744E-02  4.059552E-04  3.662375E-04
       523   1  8.152568E-01 -3.272322E-03 -6.620491E-05 -2.622575E-03  6.220900E-07 -6.676419E-05
       523   2  8.152568E-01 -3.272322E-03 -6.620491E-05 -2.622575E-03 -6.220900E-07  6.676419E-05
       524   1  4.943268E-01 -1.527037E-02 -3.038585E-03 -1.461821E-01 -1.297929E-02 -9.578911E-03
       524   2  4.943268E-01 -1.527037E-02 -3.038585E-03 -1.461821E-01  1.297929E-02  9.578911E-03
       525   1  7.893496E-01  1.173061E-03 -4.268274E-04 -7.635953E-03  5.809072E-04  6.579645E-04
       525   2  7.893496E-01  1.173061E-03 -4.268274E-04 -7.635953E-03 -5.809072E-04 -6.579645E-04
       526   1  8.243353E-01 -4.442547E-02 -1.519636E-03 -3.189754E-03 -7.404086E-04  1.692585E-04
       526   2  8.243353E-01 -4.442547E-02 -1.519636E-03 -3.189754E-03  7.404086E-04 -1.692585E-04
       527   1  9.038396E-01  2.713767E-01  7.494526E-04  1.673185E-01 -5.977935E-03 -1.109219E-02
       527   2  9.038396E-01  2.713767E-01  7.494526E-04  1.673185E-01  5.977935E-03  1.109219E-02
       528   1  8.994392E-01  2.696406E-01 -6.373256E-04 -1.663725E-01 -6.066691E-03  1.169650E-02
       528   2  8.994392E-01  2.696406E-01 -6.373256E-04 -1.663725E-01  6.066691E-03 -1.169650E-02
       529   1  8.150448E-01  1.353570E-01  6.693253E-03  6.806637E-03 -1.016466E-03 -6.371988E-04
       529   2  8.150448E-01  1.353570E-01  6.693253E-03  6.806637E-03  1.016466E-03  6.371988E-04
       530   1  8.840892E-01 -1.453283E-02 -8.654986E-03  1.005008E-02 -7.289837E-04 -7.135271E-03
       530   2  8.840892E-01 -1.453283E-02 -8.654986E-03  1.005008E-02  7.289837E-04  7.135271E-03
       531   1  8.012783E-01  1.011485E-01 -7.188490E-03  6.754585E-03 -1.170779E-03  3.452375E-04
       531   2  8.012783E-01  1.011485E-01 -7.188490E-03  6.754585E-03  1.170779E-03 -3.452375E-04
       532   1  1.075649E+00  1.364520E-01  2.443127E-02  1.644939E-01 -1.553246E-02 -1.639353E-03
       532   2  1.075649E+00  1.364520E-01  2.443127E-02  1.644939E-01  1.553246E-02  1.639353E-03
       533   1  1.079396E+00  1.473412E-01  2.636520E-02 -1.677993E-01 -1.519903E-02  3.190243E-03
       533   2  1.079396E+00  1.473412E-01  2.636520E-02 -1.677993E-01  1.519903E-02 -3.190243E-03
       534   1  6.883928E-01 -1.048180E-01  3.328181E-02 -2.529826E-01  4.728832E-03  2.549923E-02
       534   2  6.883928E-01 -1.048180E-01  3.328181E-02 -2.529826E-01 -4.728832E-03 -2.549923E-02
       535   1  7.921702E-01 -4.137199E-04  1.669244E-03 -7.480104E-04 -3.741874E-05  1.083619E-03
       535   2  7.921702E-01 -4.137199E-04  1.669244E-03 -7.480104E-04  3.741874E-05 -1.083619E-03
       536   1  7.918729E-01 -7.740511E-04  1.509847E-03 -4.576612E-03 -2.194687E-04  1.452935E-03
       536   2  7.918729E-01 -7.740511E-04  1.509847E-03 -4.576612E-03  2.194687E-04 -1.452935E-03
       537   1  8.426455E-01 -5.699167E-02  3.797819E-03 -1.119682E-01  8.454717E-04  4.207677E-03
       537   2  8.426455E-01 -5.699167E-02  3.797819E-03 -1.119682E-01 -8.454717E-04 -4.207677E-03
       538   1  8.191037E-01  1.682261E-02  3.275477E-03  2.555722E-02  1.548089E-04  1.864345E-04
       538   2  8.191037E-01  1.682261E-02  3.275477E-03  2.555722E-02 -1.548089E-04 -1.864345E-04
       539   1  8.150590E-01 -7.057410E-03 -1.385583E-03 -5.620576E-03  4.774132E-05  3.162898E-04
       539   2  8.150590E-01 -7.057410E-03 -1.385583E-03 -5.620576E-03 -4.774132E-05 -3.162898E-04
       540   1  7.931127E-01 -9.947007E-04  8.911313E-04  1.988543E-03  6.901102E-05 -9.800200E-04
       540   2  7.931127E-01 -9.947007E-04  8.911313E-04  1.988543E-03 -6.901102E-05  9.800200E-04
       541   1  7.942915E-01  2.297527E-04  1.980046E-03  6.465926E-03 -1.408717E-04 -1.564465E-03
       541   2  7.942915E-01  2.297527E-04  1.980046E-03  6.465926E-03  1.408717E-04  1.564465E-03
       542   1  8.285156E-01  1.124561E-02  3.201136E-03  4.631293E-02  3.173954E-04  1.148961E-03
       542   2  8.285156E-01  1.124561E-02  3.201136E-03  4.631293E-02 -3.173954E-04 -1.148961E-03
       543   1  9.037479E-01 -2.114596E-03  6.475041E-03  4.452693E-02  1.447125E-03  2.872449E-03
       543   2  9.037479E-01 -2.114596E-03  6.475041E-03  4.452693E-02 -1.447125E-03 -2.872449E-03
       544   1  1.009150E+00  6.081501E-02 -9.851328E-03  1.913043E-02 -4.139238E-03 -8.467395E-03
       544   2  1.009150E+00  6.081501E-02 -9.851328E-03  1.913043E-02  4.139238E-03  8.467395E-03
       545   1  7.921264E-01  5.237061E-04  2.012753E-03  5.592397E-03 -1.972958E-04  9.653455E-04
       545   2  7.921264E-01  5.237061E-04  2.012753E-03  5.592397E-03  1.972958E-04 -9.653455E-04
       546   1  1.362255E+00 -7.067203E-03  5.414546E-02 -1.301854E-01 -4.614864E-02  1.507803E-02
       546   2  1.362255E+00 -7.067203E-03  5.414546E-02 -1.301854E-01  4.614864E-02 -1.507803E-02
       547   1  6.806647E-01  3.081799E-02  3.433055E-04  8.266662E-03 -3.382465E-03  1.156281E-03
       547   2  6.806647E-01  3.081799E-02  3.433055E-04  8.266662E-03  3.382465E-03 -1.156281E-03
       548   1  1.191619E+00 -1.540070E-01  3.210884E-02 -7.070069E-02 -1.918226E-02  1.371097E-02
       548   2  1.191619E+00 -1.540070E-01  3.210884E-02 -7.070069E-02  1.918226E-02 -1.371097E-02
       549   1  8.014713E-01  1.415889E-01  2.852859E-03  2.901844E-02  2.515132E-03  2.451685E-03
       549   2  8.014713E-01  1.415889E-01  2.852859E-03  2.901844E-02 -2.515132E-03 -2.451685E-03
       550   1  8.093140E-01  3.253044E-02 -7.156342E-03  3.265913E-02  2.140501E-03 -5.385852E-03
       550   2  8.093140E-01  3.253044E-02 -7.156342E-03  3.265913E-02 -2.140501E-03  5.385852E-03
       551   1  6.875636E-01 -1.741957E-01 -2.381841E-02  2.809000E-01  5.935772E-04 -2.492692E-02
       551   2  6.875636E-01 -1.741957E-01 -2.381841E-02  2.809000E-01 -5.935772E-04  2.492692E-02
       552   1  1.181666E+00  1.531513E-01 -1.693498E-02 -2.086011E-02  1.470584E-02 -2.090677E-02
       552   2  1.181666E+00  1.531513E-01 -1.693498E-02 -2.086011E-02 -1.470584E-02  2.090677E-02
       553   1  7.761893E-01  5.266382E-04 -1.806906E-03  5.417309E-03 -4.091597E-04  8.279029E-04
       553   2  7.761893E-01  5.266382E-04 -1.806906E-03  5.417309E-03  4.091597E-04 -8.279029E-04
       554   1  8.244329E-01  2.387761E-02  3.979257E-03  2.379952E-02 -1.334287E-03  1.328263E-03
       554   2  8.244329E-01  2.387761E-02  3.979257E-03  2.379952E-02  1.334287E-03 -1.328263E-03
       555   1  8.429218E-01  1.119302E-01  1.305652E-02  6.180924E-02 -2.010547E-03  5.693720E-04
       555   2  8.429218E-01  1.119302E-01  1.305652E-02  6.180924E-02  2.010547E-03 -5.693720E-04
       556   1  1.146200E+00  3.526777E-02  2.405381E-02  6.466813E-02  1.633744E-02  4.246496E-03
       556   2  1.146200E+00  3.526777E-02  2.405381E-02  6.466813E-02 -1.633744E-02 -4.246496E-03
       557   1  7.035089E-01  3.122412E-02  4.084985E-02 -1.152989E-01  4.111879E-03  6.972642E-03
       557   2  7.035089E-01  3.122412E-02  4.084985E-02 -1.152989E-01 -4.111879E-03 -6.972642E-03
       558   1  7.912510E-01  2.756242E-03 -1.856040E-03  9.589452E-03 -1.886224E-04  7.279144E-04
       558   2  7.912510E-01  2.756242E-03 -1.856040E-03  9.589452E-03  1.886224E-04 -7.279144E-04
       559   1  8.862163E-01 -1.491655E-02  3.819438E-02 -1.028306E-01  1.190769E-03 -3.737945E-03
       559   2  8.862163E-01 -1.491655E-02  3.819438E-02 -1.028306E-01 -1.190769E-03  3.737945E-03
       560   1  7.314832E-01 -1.102542E-01 -1.089926E-02 -1.983035E-01  3.459620E-03  8.947328E-03
       560   2  7.314832E-01 -1.102542E-01 -1.089926E-02 -1.983035E-01 -3.459620E-03 -8.947328E-03
       561   1  8.228760E-01  2.060805E-02  4.676968E-03  3.402448E-02 -6.013006E-06  1.565580E-04
       561   2  8.228760E-01  2.060805E-02  4.676968E-03  3.402448E-02  6.013006E-06 -1.565580E-04
       562   1  6.087190E-01 -1.919511E-01 -5.557830E-02 -2.110902E-01 -4.923913E-03 -1.504438E-02
       562   2  6.087190E-01 -1.919511E-01 -5.557830E-02 -2.110902E-01  4.923913E-03  1.504438E-02
       563   1  8.077708E-01 -2.716447E-03 -5.807781E-04 -3.997546E-03 -1.237784E-04  2.467295E-04
       563   2  8.077708E-01 -2.716447E-03 -5.807781E-04 -3.997546E-03  1.237784E-04 -2.467295E-04
       564   1  1.037019E+00 -2.883750E-02  2.000775E-02  1.067336E-02 -8.028624E-03 -3.139294E-04
       564   2  1.037019E+00 -2.883750E-02  2.000775E-02  1.067336E-02  8.028624E-03  3.139294E-04
       565   1  1.064974E+00  5.301034E-02  5.395103E-03 -9.394340E-02  1.068325E-02 -8.374486E-03
       565   2  1.064974E+00  5.301034E-02  5.395103E-03 -9.394340E-02 -1.068325E-02  8.374486E-03
       566   1  8.247471E-01 -1.145470E-01 -2.579411E-02 -8.069499E-02  6.559030E-04 -2.159408E-03
       566   2  8.247471E-01 -1.145470E-01 -2.579411E-02 -8.069499E-02 -6.559030E-04  2.159408E-03
       567   1  8.222029E-01 -3.979313E-03  1.112173E-03 -6.635267E-03 -6.788352E-05  3.621556E-04
       567   2  8.222029E-01 -3.979313E-03  1.112173E-03 -6.635267E-03  6.788352E-05 -3.621556E-04
       568   1  9.561271E-01 -1.489224E-01  2.602204E-03 -1.108490E-01 -4.495778E-03  9.293710E-03
       568   2  9.561271E-01 -1.489224E-01  2.602204E-03 -1.108490E-01  4.495778E-03 -9.293710E-03
       569   1  8.818661E-01 -5.547122E-02 -3.986994E-03 -1.744742E-02  8.437127E-04 -9.560533E-04
       569   2  8.818661E-01 -5.547122E-02 -3.986994E-03 -1.744742E-02 -8.437127E-04  9.560533E-04
       570   1  1.025513E+00  9.613664E-02 -1.705003E-02  1.588252E-02  7.016370E-03  9.419947E-03
       570   2  1.025513E+00  9.613664E-02 -1.705003E-02  1.588252E-02 -7.016370E-03 -9.419947E-03
       571   1  7.262493E-01  3.371183E-03 -1.251895E-02 -9.446276E-02  3.573671E-03  1.282789E-03
       571   2  7.262493E-01  3.371183E-03 -1.251895E-02 -9.446276E-02 -3.573671E-03 -1.282789E-03
       572   1  7.624937E-01  2.364645E-03 -2.974068E-03 -3.611217E-03  1.178209E-04  1.209366E-03
       572   2  7.624937E-01  2.364645E-03 -2.974068E-03 -3.611217E-03 -1.178209E-04 -1.209366E-03
       573   1  9.418699E-01 -4.539936E-02  2.894540E-03  2.591394E-02  9.896227E-05  5.149870E-03
       573   2  9.418699E-01 -4.539936E-02  2.894540E-03  2.591394E-02 -9.896227E-05 -5.149870E-03
       574   1  9.422750E-01  1.432152E-01  1.789159E-02  2.738329E-02 -1.124659E-03 -1.173505E-02
       574   2  9.422750E-01  1.432152E-01  1.789159E-02  2.738329E-02  1.124659E-03  1.173505E-02
       575   1  3.889720E-01 -2.483713E-01 -1.341878E-03 -2.576350E-01  1.787635E-02  4.048673E-02
       575   2  3.889720E-01 -2.483713E-01 -1.341878E-03 -2.576350E-01 -1.787635E-02 -4.048673E-02
       576   1  1.359910E+00  4.464633E-02  5.637910E-02  1.031360E-01  5.085128E-02  1.334486E-02
       576   2  1.359910E+00  4.464633E-02  5.637910E-02  1.031360E-01 -5.085128E-02 -1.334486E-02
       577   1  9.574346E-01 -1.442235E-01 -4.493796E-02 -1.462692E-01 -2.106803E-02  1.127577E-02
       577   2  9.574346E-01 -1.442235E-01 -4.493796E-02 -1.462692E-01  2.106803E-02 -1.127577E-02
       578   1  3.222222E-01 -2.430648E-01  4.851914E-03  1.569748E-01  1.629204E-02 -3.295394E-02
       578   2  3.222222E-01 -2.430648E-01  4.851914E-03  1.569748E-01 -1.629204E-02  3.295394E-02
       579   1  1.026325E+00 -1.221840E-01  1.256957E-02 -2.972325E-01  3.113736E-02 -3.828015E-02
       579   2  1.026325E+00 -1.221840E-01  1.256957E-02 -2.972325E-01 -3.113736E-02  3.828015E-02
       580   1  8.001465E-01  4.746746E-02 -1.249973E-03  7.195926E-02  2.458975E-03  1.334042E-03
       580   2  8.001465E-01  4.746746E-02 -1.249973E-03  7.195926E-02 -2.458975E-03 -1.334042E-03
       581   1  8.283777E-01 -5.665213E-03 -8.683257E-03  5.411153E-02  1.105102E-04  2.297797E-03
       581   2  8.283777E-01 -5.665213E-03 -8.683257E-03  5.411153E-02 -1.105102E-04 -2.297797E-03
       582   1  7.651471E-01  3.436164E-03 -2.758671E-03  4.193121E-03  3.294065E-04 -1.191307E-03
       582   2  7.651471E-01  3.436164E-03 -2.758671E-03  4.193121E-03 -3.294065E-04  1.191307E-03
       583   1  8.089174E-01 -4.449793E-03 -3.168414E-03  1.311579E-02 -1.492364E-05  3.973252E-04
       583   2  8.089174E-01 -4.449793E-03 -3.168414E-03  1.311579E-02  1.492364E-05 -3.973252E-04
       584   1  8.132155E-01  2.220515E-03 -1.526009E-03 -1.245893E-02 -2.131490E-04  7.525259E-04
       584   2  8.132155E-01  2.220515E-03 -1.526009E-03 -1.245893E-02  2.131490E-04 -7.525259E-04
       585   1  7.856479E-01  2.380551E-01  7.869260E-03 -3.316583E-02 -2.137512E-03  7.907164E-06
       585   2  7.856479E-01  2.380551E-01  7.869260E-03 -3.316583E-02  2.137512E-03 -7.907164E-06
       586   1  7.490731E-01 -1.232167E-01 -3.533105E-02  1.389563E-01 -1.309766E-03  6.149818E-03
       586   2  7.490731E-01 -1.232167E-01 -3.533105E-02  1.389563E-01  1.309766E-03 -6.149818E-03
       587   1  1.035411E+00 -8.184042E-02  6.338361E-03  1.949427E-02 -4.091303E-03  1.831010E-03
       587   2  1.035411E+00 -8.184042E-02  6.338361E-03  1.949427E-02  4.091303E-03 -1.831010E-03
       588   1  8.303869E-01 -5.081801E-03 -1.541395E-03  7.731195E-02  8.566690E-04 -7.749338E-04
       588   2  8.303869E-01 -5.081801E-03 -1.541395E-03  7.731195E-02 -8.566690E-04  7.749338E-04
       589   1  4.418714E-01  2.803947E-03 -1.288536E-02  3.240713E-02 -1.462928E-02  4.499745E-03
       589   2  4.418714E-01  2.803947E-03 -1.288536E-02  3.240713E-02  1.462928E-02 -4.499745E-03
       590   1  8.132696E-01 -3.618444E-03 -1.121367E-03 -1.649806E-02 -1.044097E-04  4.254585E-04
       590   2  8.132696E-01 -3.618444E-03 -1.121367E-03 -1.649806E-02  1.044097E-04 -4.254585E-04
       591   1  9.462565E-01  8.616412E-02  8.706716E-03 -7.388134E-02  1.352324E-03 -9.130943E-03
       591   2  9.462565E-01  8.616412E-02  8.706716E-03 -7.388134E-02 -1.352324E-03  9.130943E-03
       592   1  7.972924E-01 -1.140360E-03 -1.779740E-03  1.127213E-02 -2.031272E-05  6.796828E-04
       592   2  7.972924E-01 -1.140360E-03 -1.779740E-03  1.127213E-02  2.031272E-05 -6.796828E-04
       593   1  8.744037E-01 -1.150116E-01 -2.589324E-02  5.671449E-02  1.035419E-03  3.974623E-03
       593   2  8.744037E-01 -1.150116E-01 -2.589324E-02  5.671449E-02 -1.035419E-03 -3.974623E-03
       594   1  8.178469E-01 -3.434665E-03  1.641609E-03 -5.195298E-03  9.552322E-05 -2.469250E-04
       594   2  8.178469E-01 -3.434665E-03  1.641609E-03 -5.195298E-03 -9.552322E-05  2.469250E-04
       595   1  8.156061E-01  1.551919E-02 -7.914260E-03 -2.819375E-02  1.414972E-05 -4.313408E-04
       595   2  8.156061E-01  1.551919E-02 -7.914260E-03 -2.819375E-02 -1.414972E-05  4.313408E-04
       596   1  7.997555E-01  1.105007E-03  2.418840E-03 -4.881742E-03 -2.093949E-05  5.426163E-04
       596   2  7.997555E-01  1.105007E-03  2.418840E-03 -4.881742E-03  2.093949E-05 -5.426163E-04
       597   1  8.303966E-01 -1.666589E-01 -4.513930E-02 -1.010828E-01  2.156172E-03 -4.893025E-03
       597   2  8.303966E-01 -1.666589E-01 -4.513930E-02 -1.010828E-01 -2.156172E-03  4.893025E-03
       598   1  8.444594E-01 -4.063752E-02 -1.186327E-02  1.328034E-02 -5.461659E-04 -4.630149E-04
       598   2  8.444594E-01 -4.063752E-02 -1.186327E-02  1.328034E-02  5.461659E-04  4.630149E-04
       599   1  8.397004E-01  1.896656E-01  1.781401E-02 -9.617611E-02 -2.816811E-03  1.494949E-03
       599   2  8.397004E-01  1.896656E-01  1.781401E-02 -9.617611E-02  2.816811E-03 -1.494949E-03
       600   1  9.724597E-01 -1.813246E-01 -3.038426E-02  1.250554E-01 -7.931605E-03 -8.082398E-03
       600   2  9.724597E-01 -1.813246E-01 -3.038426E-02  1.250554E-01  7.931605E-03  8.082398E-03
       601   1  1.261056E+00  6.580506E-02  6.314518E-03 -7.793095E-02  2.772829E-02 -1.340835E-02
       601   2  1.261056E+00  6.580506E-02  6.314518E-03 -7.793095E-02 -2.772829E-02  1.340835E-02
       602   1  6.078243E-01 -1.684664E-01  9.037107E-03  2.058252E-01  1.266132E-03 -2.342403E-02
       602   2  6.078243E-01 -1.684664E-01  9.037107E-03  2.058252E-01 -1.266132E-03  2.342403E-02
       603   1  8.265190E-01  1.962691E-02 -4.982673E-03  2.352681E-02 -6.020667E-04  1.070669E-03
       603   2  8.265190E-01  1.962691E-02 -4.982673E-03  2.352681E-02  6.020667E-04 -1.070669E-03
       604   1  8.271877E-01  1.288112E-01 -2.385522E-02  1.247823E-01 -1.870299E-03 -1.094785E-03
       604   2  8.271877E-01  1.288112E-01 -2.385522E-02  1.247823E-01  1.870299E-03  1.094785E-03
       605   1  8.269368E-01  1.357358E-01 -2.220710E-02 -1.260932E-01 -9.981527E-04  8.478796E-04
       605   2  8.269368E-01  1.357358E-01 -2.220710E-02 -1.260932E-01  9.981527E-04 -8.478796E-04
       606   1  7.812936E-01  2.360934E-01  5.684274E-03  3.475879E-02 -2.986603E-03 -4.230214E-04
       606   2  7.812936E-01  2.360934E-01  5.684274E-03  3.475879E-02  2.986603E-03  4.230214E-04
       607   1  9.408081E-01 -9.917849E-02 -1.480741E-01  3.312926E-01  5.338581E-02  8.387939E-03
       607   2  9.408081E-01 -9.917849E-02 -1.480741E-01  3.312926E-01 -5.338581E-02 -8.387939E-03
       608   1  1.391936E+00  5.692056E-02 -1.252155E-01 -2.210911E-01  1.708604E-02  3.482699E-02
       608   2  1.391936E+00  5.692056E-02 -1.252155E-01 -2.210911E-01 -1.708604E-02 -3.482699E-02
       609   1  1.269437E-01 -2.853162E-01  4.090768E-03 -1.104385E-01 -2.430608E-02 -2.666937E-02
       609   2  1.269437E-01 -2.853162E-01  4.090768E-03 -1.104385E-01  2.430608E-02  2.666937E-02
       610   1  6.878233E-01 -2.369668E-03 -6.042030E-02 -3.061570E-01  3.742758E-02 -3.284398E-02
       610   2  6.878233E-01 -2.369668E-03 -6.042030E-02 -3.061570E-01 -3.742758E-02  3.284398E-02
       611   1  2.465732E-01 -1.984668E-01  1.641771E-02 -1.503231E-01  1.364453E-02  3.934296E-02
       611   2  2.465732E-01 -1.984668E-01  1.641771E-02 -1.503231E-01 -1.364453E-02 -3.934296E-02
       612   1  8.817792E-01  6.073045E-02 -7.681316E-02 -3.252960E-01 -4.376367E-02  1.858289E-02
       612   2  8.817792E-01  6.073045E-02 -7.681316E-02 -3.252960E-01  4.376367E-02 -1.858289E-02
       613   1  1.357842E-01 -1.869228E-01 -3.578255E-02  1.273579E-01 -9.950939E-04  3.772161E-02
       613   2  1.357842E-01 -1.869228E-01 -3.578255E-02  1.273579E-01  9.950939E-04 -3.772161E-02
       614   1  8.010412E-02 -1.922126E-01 -8.753067E-03  6.747227E-02  1.545622E-02 -3.263131E-02
       614   2  8.010412E-02 -1.922126E-01 -8.753067E-03  6.747227E-02 -1.545622E-02  3.263131E-02
       615   1  8.492464E-01  8.241494E-03  3.607098E-03  3.497515E-02  7.860338E-04  1.186902E-03
       615   2  8.492464E-01  8.241494E-03  3.607098E-03  3.497515E-02 -7.860338E-04 -1.186902E-03
       616   1  8.176889E-01  4.127325E-03 -3.320571E-03  2.870533E-02 -4.747336E-05  4.558201E-04
       616   2  8.176889E-01  4.127325E-03 -3.320571E-03  2.870533E-02  4.747336E-05 -4.558201E-04
       617   1  8.150411E-01  4.748974E-03 -1.992324E-03  1.285538E-02 -1.382066E-04 -4.429447E-04
       617   2  8.150411E-01  4.748974E-03 -1.992324E-03  1.285538E-02  1.382066E-04  4.429447E-04
       618   1  7.327013E-01 -1.867970E-01  2.656661E-02  1.984518E-01  5.799760E-03  2.733333E-02
       618   2  7.327013E-01 -1.867970E-01  2.656661E-02  1.984518E-01 -5.799760E-03 -2.733333E-02
       619   1  7.189023E-01 -5.272475E-02 -1.149571E-02  1.390159E-01  3.567075E-03 -3.294665E-03
       619   2  7.189023E-01 -5.272475E-02 -1.149571E-02  1.390159E-01 -3.567075E-03  3.294665E-03
       620   1  3.586618E-01 -4.647217E-02  4.757954E-02 -1.348853E-01 -1.911644E-02 -1.227173E-02
       620   2  3.586618E-01 -4.647217E-02  4.757954E-02 -1.348853E-01  1.911644E-02  1.227173E-02
       621   1  8.142247E-01 -1.666961E-02 -2.305390E-03 -1.322006E-02 -3.119822E-04 -1.411793E-04
       621   2  8.142247E-01 -1.666961E-02 -2.305390E-03 -1.322006E-02  3.119822E-04  1.411793E-04
       622   1  1.035872E+00 -1.931312E-02  2.544629E-03 -7.802777E-02  8.277346E-03 -2.297443E-03
       622   2  1.035872E+00 -1.931312E-02  2.544629E-03 -7.802777E-02 -8.277346E-03  2.297443E-03
       623   1  8.064103E-01  1.354807E-03  1.742622E-03 -2.859864E-03  7.802480E-05  3.574087E-04
       623   2  8.064103E-01  1.354807E-03  1.742622E-03 -2.859864E-03 -7.802480E-05 -3.574087E-04
       624   1  7.652526E-01  5.763527E-02  2.491985E-02 -5.870170E-02  3.576261E-03  1.302831E-03
       624   2  7.652526E-01  5.763527E-02  2.491985E-02 -5.870170E-02 -3.576261E-03 -1.302831E-03
       625   1  8.146676E-01  1.622090E-04  1.395716E-03 -5.615795E-03  1.508750E-04 -1.225432E-04
       625   2  8.146676E-01  1.622090E-04  1.395716E-03 -5.615795E-03 -1.508750E-04  1.225432E-04
       626   1  8.353776E-01 -1.093472E-03 -6.503941E-03 -2.662190E-02 -5.597229E-04 -4.233213E-04
       626   2  8.353776E-01 -1.093472E-03 -6.503941E-03 -2.662190E-02  5.597229E-04  4.233213E-04
       627   1  8.292900E-01  2.905266E-03 -4.255896E-03  3.531430E-02  2.658401E-04  1.427328E-03
       627   2  8.292900E-01  2.905266E-03 -4.255896E-03  3.531430E-02 -2.658401E-04 -1.427328E-03
       628   1  1.031952E+00 -1.668498E-01  2.314658E-02  1.654375E-01  3.461179E-02  3.222123E-02
       628   2  1.031952E+00 -1.668498E-01  2.314658E-02  1.654375E-01 -3.461179E-02 -3.222123E-02
       629   1  1.027692E+00 -4.591472E-02 -3.656285E-02  2.592680E-02 -1.079687E-02  2.623011E-03
       629   2  1.027692E+00 -4.591472E-02 -3.656285E-02  2.592680E-02  1.079687E-02 -2.623011E-03
       630   1  6.210770E-01 -1.713304E-01  4.702710E-02 -2.493100E-01 -1.457740E-04 -4.153179E-02
       630   2  6.210770E-01 -1.713304E-01  4.702710E-02 -2.493100E-01  1.457740E-04  4.153179E-02
       631   1  2.970683E-01 -1.804688E-01  3.966791E-02  2.339001E-02  2.990468E-02  1.180666E-03
       631   2  2.970683E-01 -1.804688E-01  3.966791E-02  2.339001E-02 -2.990468E-02 -1.180666E-03
       632   1  1.335021E+00  7.001946E-02  6.036784E-02 -1.760024E-01  3.392055E-02 -1.236003E-02
       632   2  1.335021E+00  7.001946E-02  6.036784E-02 -1.760024E-01 -3.392055E-02  1.236003E-02
       633   1  7.799677E-01 -1.783231E-01  4.149097E-02 -3.115461E-01 -3.841711E-03  4.639111E-02
       633   2  7.799677E-01 -1.783231E-01  4.149097E-02 -3.115461E-01  3.841711E-03 -4.639111E-02
       634   1  2.755941E-01 -1.685841E-01  1.486338E-02  4.930991E-02 -2.482207E-02  1.087415E-02
       634   2  2.755941E-01 -1.685841E-01  1.486338E-02  4.930991E-02  2.482207E-02 -1.087415E-02
       635   1  9.436281E-01 -1.403509E-02 -6.255115E-03  6.180154E-02 -1.311974E-03 -2.589384E-03
       635   2  9.436281E-01 -1.403509E-02 -6.255115E-03  6.180154E-02  1.311974E-03  2.589384E-03
       636   1  8.653032E-01  4.479085E-02  1.470385E-02 -5.081778E-02 -5.723201E-04 -3.491053E-04
       636   2  8.653032E-01  4.479085E-02  1.470385E-02 -5.081778E-02  5.723201E-04  3.491053E-04
       637   1  8.081516E-01 -9.078618E-03 -2.511372E-03 -1.012862E-02  1.202623E-04 -2.438510E-04
       637   2  8.081516E-01 -9.078618E-03 -2.511372E-03 -1.012862E-02 -1.202623E-04  2.438510E-04
       638   1  4.230701E-01 -1.675911E-01 -2.874750E-02 -2.263951E-01  1.380031E-02  2.795586E-02
       638   2  4.230701E-01 -1.675911E-01 -2.874750E-02 -2.263951E-01 -1.380031E-02 -2.795586E-02
       639   1  1.004072E+00 -7.883685E-02 -2.087755E-02  1.242673E-01  2.851026E-02  1.152319E-02
       639   2  1.004072E+00 -7.883685E-02 -2.087755E-02  1.242673E-01 -2.851026E-02 -1.152319E-02
       640   1  7.554704E-02 -1.792130E-01 -6.236978E-02  1.432941E-01  3.789160E-02 -1.399649E-02
       640   2  7.554704E-02 -1.792130E-01 -6.236978E-02  1.432941E-01 -3.789160E-02  1.399649E-02
       641   1  1.003692E+00 -7.787378E-02 -2.125699E-02 -1.147418E-01  2.967495E-02 -1.117559E-02
       641   2  1.003692E+00 -7.787378E-02 -2.125699E-02 -1.147418E-01 -2.967495E-02  1.117559E-02
       642   1  1.118742E+00  3.478354E-02 -4.838562E-02  1.101799E-01 -2.577133E-02  5.598445E-03
       642   2  1.118742E+00  3.478354E-02 -4.838562E-02  1.101799E-01  2.577133E-02 -5.598445E-03
       643   1  1.248042E+00  1.786364E-01 -3.248554E-02  2.573459E-02 -2.406640E-02 -3.076966E-02
       643   2  1.248042E+00  1.786364E-01 -3.248554E-02  2.573459E-02  2.406640E-02  3.076966E-02
       644   1  1.257583E+00  2.122254E-01 -2.634797E-02 -8.614398E-03 -2.278193E-02  2.968279E-02
       644   2  1.257583E+00  2.122254E-01 -2.634797E-02 -8.614398E-03  2.278193E-02 -2.968279E-02
       645   1  9.986930E-01  3.745156E-02 -4.916081E-04  9.033146E-02 -8.917431E-03 -7.870339E-03
       645   2  9.986930E-01  3.745156E-02 -4.916081E-04  9.033146E-02  8.917431E-03  7.870339E-03
       646   1  8.150229E-01  6.214771E-02  1.001391E-02  6.444594E-02  3.031146E-03 -6.235768E-06
       646   2  8.150229E-01  6.214771E-02  1.001391E-02  6.444594E-02 -3.031146E-03  6.235768E-06
       647   1  1.172730E+00  1.668841E-01 -8.665343E-04 -2.876658E-02 -2.140548E-04 -1.582468E-02
       647   2  1.172730E+00  1.668841E-01 -8.665343E-04 -2.876658E-02  2.140548E-04  1.582468E-02
       648   1  8.049879E-01 -2.980411E-03 -1.211919E-03 -4.464234E-03  1.099073E-04  1.627901E-04
       648   2  8.049879E-01 -2.980411E-03 -1.211919E-03 -4.464234E-03 -1.099073E-04 -1.627901E-04
       649   1  8.124955E-01  1.728927E-03  2.240217E-03  1.264429E-02 -5.039521E-05  6.608906E-04
       649   2  8.124955E-01  1.728927E-03  2.240217E-03  1.264429E-02  5.039521E-05 -6.608906E-04
       650   1  9.960802E-01 -6.263010E-02  2.883222E-02 -4.607778E-02  4.390773E-03 -2.697811E-03
       650   2  9.960802E-01 -6.263010E-02  2.883222E-02 -4.607778E-02 -4.390773E-03  2.697811E-03
       651   1  7.022719E-01 -1.108153E-01 -6.639654E-03 -1.876490E-01  1.980160E-03  8.645098E-03
       651   2  7.022719E-01 -1.108153E-01 -6.639654E-03 -1.876490E-01 -1.980160E-03 -8.645098E-03
       652   1  9.478771E-01 -8.519298E-02 -3.204515E-02 -1.493171E-02  4.927291E-03  1.266757E-03
       652   2  9.478771E-01 -8.519298E-02 -3.204515E-02 -1.493171E-02 -4.927291E-03 -1.266757E-03
       653   1  2.856831E-01 -8.014427E-02 -5.799094E-02 -1.087401E-02  2.057260E-02  7.475630E-04
       653   2  2.856831E-01 -8.014427E-02 -5.799094E-02 -1.087401E-02 -2.057260E-02 -7.475630E-04
       654   1  8.825560E-01  8.831821E-03  7.753492E-03  4.225836E-02  7.222866E-04  1.771874E-03
       654   2  8.825560E-01  8.831821E-03  7.753492E-03  4.225836E-02 -7.222866E-04 -1.771874E-03
       655   1  8.596908E-01 -2.546145E-02 -3.528788E-02  6.240881E-02 -6.984711E-03  1.605043E-03
       655   2  8.596908E-01 -2.546145E-02 -3.528788E-02  6.240881E-02  6.984711E-03 -1.605043E-03
       656   1  8.809320E-01 -1.864581E-02 -2.861507E-02 -6.979940E-02 -6.363952E-03 -9.214923E-04
       656   2  8.809320E-01 -1.864581E-02 -2.861507E-02 -6.979940E-02  6.363952E-03  9.214923E-04
       657   1  8.877955E-01  1.679256E-01  2.340226E-02 -1.234571E-01 -5.997476E-03  1.852936E-04
       657   2  8.877955E-01  1.679256E-01  2.340226E-02 -1.234571E-01  5.997476E-03 -1.852936E-04
       658   1  9.134884E-01  1.703911E-01  3.338506E-02  1.263420E-01 -6.702791E-03 -4.671398E-04
       658   2  9.134884E-01  1.703911E-01  3.338506E-02  1.263420E-01  6.702791E-03  4.671398E-04
       659   1  4.996931E-01 -2.342934E-01 -4.827656E-02  2.527418E-01 -9.003174E-03  2.380111E-02
       659   2  4.996931E-01 -2.342934E-01 -4.827656E-02  2.527418E-01  9.003174E-03 -2.380111E-02
       660   1  8.619197E-01 -9.865840E-03 -1.710685E-03  4.974191E-02 -1.045090E-03  4.521824E-03
       660   2  8.619197E-01 -9.865840E-03 -1.710685E-03  4.974191E-02  1.045090E-03 -4.521824E-03
       661   1  8.307566E-01 -5.957904E-02 -8.345362E-03  8.091038E-02 -7.492344E-04  2.994603E-03
       661   2  8.307566E-01 -5.957904E-02 -8.345362E-03  8.091038E-02  7.492344E-04 -2.994603E-03
       662   1  1.136628E+00  2.434192E-02 -4.409902E-02 -7.956593E-02 -2.589613E-02 -8.683432E-03
       662   2  1.136628E+00  2.434192E-02 -4.409902E-02 -7.956593E-02  2.589613E-02  8.683432E-03
       663   1  1.660280E-01 -8.615100E-02 -2.874468E-02  5.817262E-02 -2.590478E-02  9.858036E-03
       663   2  1.660280E-01 -8.615100E-02 -2.874468E-02  5.817262E-02  2.590478E-02 -9.858036E-03
       664   1  1.176969E+00  2.558264E-02 -1.973066E-02 -3.520704E-02  2.727952E-02  8.261413E-03
       664   2  1.176969E+00  2.558264E-02 -1.973066E-02 -3.520704E-02 -2.727952E-02 -8.261413E-03
       665   1  7.583019E-01 -1.775932E-01 -2.260147E-02 -2.248539E-01 -3.531361E-03  2.002801E-02
       665   2  7.583019E-01 -1.775932E-01 -2.260147E-02 -2.248539E-01  3.531361E-03 -2.002801E-02
       666   1  7.337727E-01 -2.525961E-01 -4.262569E-02  2.520954E-01  6.411229E-03  2.956758E-02
       666   2  7.337727E-01 -2.525961E-01 -4.262569E-02  2.520954E-01 -6.411229E-03 -2.956758E-02
       667   1  9.751739E-01 -4.689027E-02  5.075587E-02  7.975731E-02  3.508263E-03  6.635800E-03
       667   2  9.751739E-01 -4.689027E-02  5.075587E-02  7.975731E-02 -3.508263E-03 -6.635800E-03
       668   1  7.268387E-01 -1.267155E-01  3.624537E-02  2.113100E-01  1.341557E-03 -2.343090E-02
       668   2  7.268387E-01 -1.267155E-01  3.624537E-02  2.113100E-01 -1.341557E-03  2.343090E-02
       669   1  8.690841E-01 -1.921236E-01 -5.014140E-02 -1.515161E-01  7.083810E-03 -1.404193E-02
       669   2  8.690841E-01 -1.921236E-01 -5.014140E-02 -1.515161E-01 -7.083810E-03  1.404193E-02
       670   1  4.185292E-01 -1.185750E-01 -4.998791E-02  1.867837E-01  1.639623E-02 -1.157340E-02
       670   2  4.185292E-01 -1.185750E-01 -4.998791E-02  1.867837E-01 -1.639623E-02  1.157340E-02
       671   1  1.057300E+00  2.130541E-01  1.087568E-02 -3.920911E-02  2.689859E-03 -1.776279E-02
       671   2  1.057300E+00  2.130541E-01  1.087568E-02 -3.920911E-02 -2.689859E-03  1.776279E-02
       672   1  7.438518E-01  8.613684E-03  4.202895E-02  1.518443E-01  4.568806E-03 -7.711226E-03
       672   2  7.438518E-01  8.613684E-03  4.202895E-02  1.518443E-01 -4.568806E-03  7.711226E-03
       673   1  1.165627E+00  7.084685E-02 -3.104098E-03 -8.499306E-02  1.439346E-02 -9.188162E-03
       673   2  1.165627E+00  7.084685E-02 -3.104098E-03 -8.499306E-02 -1.439346E-02  9.188162E-03
       674   1  7.681606E-01 -2.282436E-01 -4.040603E-02  1.873230E-01 -2.790226E-03  1.817673E-02
       674   2  7.681606E-01 -2.282436E-01 -4.040603E-02  1.873230E-01  2.790226E-03 -1.817673E-02
       675   1  9.036929E-01 -1.589672E-01 -1.480598E-02 -1.157925E-01 -6.049502E-03  8.263549E-03
       675   2  9.036929E-01 -1.589672E-01 -1.480598E-02 -1.157925E-01  6.049502E-03 -8.263549E-03
       676   1  5.375046E-01 -1.148184E-01 -4.030770E-02  1.482023E-01 -1.295979E-02  1.076198E-02
       676   2  5.375046E-01 -1.148184E-01 -4.030770E-02  1.482023E-01  1.295979E-02 -1.076198E-02
       677   1  1.087390E+00  1.942818E-01  4.115188E-03  6.528761E-02 -9.463423E-03 -1.763505E-02
       677   2  1.087390E+00  1.942818E-01  4.115188E-03  6.528761E-02  9.463423E-03  1.763505E-02
       678   1  3.983513E-01 -9.823198E-02 -4.648963E-02 -1.714891E-01  1.556971E-02  1.285594E-02
       678   2  3.983513E-01 -9.823198E-02 -4.648963E-02 -1.714891E-01 -1.556971E-02 -1.285594E-02
       679   1  9.068538E-01 -1.899118E-02  2.867666E-02  5.710660E-02  5.429436E-04  2.839914E-03
       679   2  9.068538E-01 -1.899118E-02  2.867666E-02  5.710660E-02 -5.429436E-04 -2.839914E-03
       680   1  1.180646E+00 -6.722534E-02  4.480122E-02 -7.135184E-02  2.733473E-02 -1.375066E-02
       680   2  1.180646E+00 -6.722534E-02  4.480122E-02 -7.135184E-02 -2.733473E-02  1.375066E-02
       681   1  5.306885E-01 -1.506980E-02  5.946748E-02  1.309748E-01  1.560937E-02 -9.429608E-03
       681   2  5.306885E-01 -1.506980E-02  5.946748E-02  1.309748E-01 -1.560937E-02  9.429608E-03
       682   1  7.999088E-01 -1.083357E-01  4.108538E-02  1.514617E-01 -3.006199E-03  1.731260E-02
       682   2  7.999088E-01 -1.083357E-01  4.108538E-02  1.514617E-01  3.006199E-03 -1.731260E-02
       683   1  1.232500E+00  9.395826E-02 -4.531005E-03  6.241848E-03 -1.308015E-02 -1.249166E-02
       683   2  1.232500E+00  9.395826E-02 -4.531005E-03  6.241848E-03  1.308015E-02  1.249166E-02
       684   1  1.226522E+00  1.158082E-01 -4.384721E-03  1.731727E-02 -1.345217E-02  1.273424E-02
       684   2  1.226522E+00  1.158082E-01 -4.384721E-03  1.731727E-02  1.345217E-02 -1.273424E-02
       685   1  4.346670E-01 -2.675665E-01  4.647829E-03  1.897807E-01 -5.073074E-03  3.995730E-02
       685   2  4.346670E-01 -2.675665E-01  4.647829E-03  1.897807E-01  5.073074E-03 -3.995730E-02
       686   1  2.981169E-01 -2.482201E-01  1.294979E-02 -1.714536E-01 -2.586534E-02 -2.682099E-02
       686   2  2.981169E-01 -2.482201E-01  1.294979E-02 -1.714536E-01  2.586534E-02  2.682099E-02
       687   1  9.678834E-01 -1.362563E-01  3.582315E-02  1.144277E-01  1.258053E-02  1.739952E-02
       687   2  9.678834E-01 -1.362563E-01  3.582315E-02  1.144277E-01 -1.258053E-02 -1.739952E-02
       688   1  9.309196E-01 -1.885807E-01  1.721282E-02 -2.277339E-01 -6.907672E-03  1.782465E-02
       688   2  9.309196E-01 -1.885807E-01  1.721282E-02 -2.277339E-01  6.907672E-03 -1.782465E-02
       689   1  2.262995E-01 -1.644614E-01 -3.149267E-02  2.253156E-01 -2.597289E-02  2.533554E-02
       689   2  2.262995E-01 -1.644614E-01 -3.149267E-02  2.253156E-01  2.597289E-02 -2.533554E-02
       690   1  2.490409E-01 -2.214426E-01 -5.979007E-02 -2.220574E-01 -2.541384E-02 -2.494280E-02
       690   2  2.490409E-01 -2.214426E-01 -5.979007E-02 -2.220574E-01  2.541384E-02  2.494280E-02
       691   1  5.143428E-01 -9.667934E-02  2.642448E-02  1.594014E-01 -1.108343E-02  1.263216E-02
       691   2  5.143428E-01 -9.667934E-02  2.642448E-02  1.594014E-01  1.108343E-02 -1.263216E-02
       692   1  6.790891E-01  1.864375E-02  2.495826E-02 -1.024656E-01 -4.491147E-03 -2.050849E-03
       692   2  6.790891E-01  1.864375E-02  2.495826E-02 -1.024656E-01  4.491147E-03  2.050849E-03
       693   1  9.933651E-01  2.874047E-02 -1.814909E-02 -4.157724E-02  2.619351E-03 -9.791779E-03
       693   2  9.933651E-01  2.874047E-02 -1.814909E-02 -4.157724E-02 -2.619351E-03  9.791779E-03
