
                        S T E P       1


                                INCREMENT     1


 displacements (vx,vy,vz) for set NALL and time  0.1000000E+01

         1  2.396978E-03  8.485293E-05  0.000000E+00
         2  0.000000E+00  0.000000E+00  0.000000E+00
         3  2.306386E-03  1.240176E-04  0.000000E+00
         4  0.000000E+00  0.000000E+00  0.000000E+00
         5  2.186910E-03  1.604198E-06  0.000000E+00
         6  2.375225E-03  3.737407E-05  0.000000E+00
         7  2.315659E-03 -1.072880E-05  0.000000E+00
         8  2.222807E-03 -5.538698E-05  0.000000E+00
         9  2.112867E-03 -8.925396E-05  0.000000E+00
        10  1.986851E-03 -1.171482E-04  0.000000E+00
        11  1.861655E-03 -1.229190E-04  0.000000E+00
        12  1.735063E-03 -1.183175E-04  0.000000E+00
        13  1.620588E-03 -1.011994E-04  0.000000E+00
        14  1.516731E-03 -6.984716E-05  0.000000E+00
        15  1.440788E-03 -3.396640E-05  0.000000E+00
        16  1.392859E-03  5.625720E-06  0.000000E+00
        17  1.377086E-03  4.913342E-05  0.000000E+00
        18  1.393566E-03  9.624294E-05  0.000000E+00
        19  1.442772E-03  1.425914E-04  0.000000E+00
        20  1.522705E-03  1.893445E-04  0.000000E+00
        21  1.623638E-03  2.279716E-04  0.000000E+00
        22  1.742234E-03  2.586931E-04  0.000000E+00
        23  1.867386E-03  2.795483E-04  0.000000E+00
        24  1.999707E-03  2.682796E-04  0.000000E+00
        25  2.121525E-03  2.528189E-04  0.000000E+00
        26  2.236308E-03  2.181713E-04  0.000000E+00
        27  2.323183E-03  1.776181E-04  0.000000E+00
        28  2.378767E-03  1.307855E-04  0.000000E+00
        29  1.446799E-04  8.211904E-05  0.000000E+00
        30  2.628790E-04  1.192164E-04  0.000000E+00
        31  3.769180E-04  1.398790E-04  0.000000E+00
        32  4.926642E-04  1.496215E-04  0.000000E+00
        33  6.102480E-04  1.530067E-04  0.000000E+00
        34  7.309651E-04  1.529344E-04  0.000000E+00
        35  8.553313E-04  1.506699E-04  0.000000E+00
        36  9.845226E-04  1.480002E-04  0.000000E+00
        37  1.120620E-03  1.480632E-04  0.000000E+00
        38  1.263960E-03  1.553802E-04  0.000000E+00
        39  1.418485E-03  1.771998E-04  0.000000E+00
        40  1.578933E-03  2.261623E-04  0.000000E+00
        41  1.729815E-03  2.962509E-04  0.000000E+00
        42  1.847249E-03  3.521910E-04  0.000000E+00
        43  1.943610E-03  3.444358E-04  0.000000E+00
        44  2.057808E-03  2.842112E-04  0.000000E+00
        45  2.183187E-03  2.029143E-04  0.000000E+00
        46  0.000000E+00  0.000000E+00  0.000000E+00
        47  0.000000E+00  0.000000E+00  0.000000E+00
        48  0.000000E+00  0.000000E+00  0.000000E+00
        49  0.000000E+00  0.000000E+00  0.000000E+00
        50  0.000000E+00  0.000000E+00  0.000000E+00
        51  0.000000E+00  0.000000E+00  0.000000E+00
        52  0.000000E+00  0.000000E+00  0.000000E+00
        53  0.000000E+00  0.000000E+00  0.000000E+00
        54  2.385747E-03  8.854683E-05  0.000000E+00
        55  2.478099E-03  6.339813E-05  0.000000E+00
        56  2.556851E-03  6.305913E-05  0.000000E+00
        57  2.582164E-03  1.012782E-04  0.000000E+00
        58  2.523841E-03  1.303770E-04  0.000000E+00
        59  2.425995E-03  1.195093E-04  0.000000E+00
        60  2.334102E-03  8.050559E-05  0.000000E+00
        61  2.256869E-03  3.852983E-05  0.000000E+00
        62  2.065841E-03 -7.538953E-05  0.000000E+00
        63  1.952218E-03 -1.519499E-04  0.000000E+00
        64  1.848786E-03 -2.097936E-04  0.000000E+00
        65  1.750783E-03 -2.344142E-04  0.000000E+00
        66  1.645673E-03 -2.267645E-04  0.000000E+00
        67  1.524102E-03 -2.010397E-04  0.000000E+00
        68  1.389371E-03 -1.741527E-04  0.000000E+00
        69  1.250225E-03 -1.567915E-04  0.000000E+00
        70  1.113482E-03 -1.502950E-04  0.000000E+00
        71  9.817126E-04 -1.496613E-04  0.000000E+00
        72  8.542669E-04 -1.513975E-04  0.000000E+00
        73  7.305567E-04 -1.534259E-04  0.000000E+00
        74  6.099341E-04 -1.530676E-04  0.000000E+00
        75  4.924961E-04 -1.496463E-04  0.000000E+00
        76  3.767803E-04 -1.399012E-04  0.000000E+00
        77  2.629081E-04 -1.193241E-04  0.000000E+00
        78  1.446092E-04 -8.204427E-05  0.000000E+00
        79  1.372966E-03  3.933929E-05  0.000000E+00
        80  1.030667E-03 -1.175501E-04  0.000000E+00
        81  1.499557E-03 -2.689225E-05  0.000000E+00
        82  9.760338E-05 -5.553041E-07  0.000000E+00
        83  6.719244E-04 -1.230354E-04  0.000000E+00
        84  1.170894E-03  1.061375E-04  0.000000E+00
        85  1.420375E-03  9.047028E-05  0.000000E+00
        86  7.743434E-04  1.211200E-04  0.000000E+00
        87  2.011838E-03 -1.082035E-04  0.000000E+00
        88  1.708496E-03 -1.187370E-04  0.000000E+00
        89  1.441222E-03 -1.517163E-04  0.000000E+00
        90  2.249411E-03  2.667766E-06  0.000000E+00
        91  2.265069E-03  1.653070E-04  0.000000E+00
        92  4.242074E-04  1.144163E-04  0.000000E+00
        93  1.619604E-03  1.988713E-04  0.000000E+00
        94  4.247514E-04 -1.153794E-04  0.000000E+00
        95  2.403433E-03  9.427519E-05  0.000000E+00
        96  2.031008E-03  2.695578E-04  0.000000E+00
        97  2.260460E-03  2.681420E-05  0.000000E+00
        98  1.460274E-03  1.547647E-04  0.000000E+00
        99  1.821622E-03 -2.008815E-04  0.000000E+00
       100  1.807373E-03  2.845671E-04  0.000000E+00
       101  9.708435E-05 -2.112907E-05  0.000000E+00
       102  9.244714E-05  2.099318E-05  0.000000E+00
       103  2.407127E-03  1.081597E-04  0.000000E+00
       104  2.496303E-03  9.373119E-05  0.000000E+00
       105  2.019418E-03  2.948625E-04  0.000000E+00
       106  1.768355E-03  3.008066E-04  0.000000E+00
       107  2.061386E-03 -8.569472E-05  0.000000E+00
       108  1.830150E-04  7.390010E-05  0.000000E+00
       109  1.864546E-04 -7.589886E-05  0.000000E+00
       110  1.444946E-03  4.028296E-07  0.000000E+00
       111  1.466322E-03 -4.009831E-06  0.000000E+00
       112  1.562152E-03 -4.684296E-05  0.000000E+00
       113  1.480295E-03 -2.095614E-05  0.000000E+00
       114  1.578416E-03 -7.249476E-05  0.000000E+00
       115  1.394656E-03  1.634101E-05  0.000000E+00
       116  1.413760E-03 -2.045256E-05  0.000000E+00
       117  1.306581E-03  1.646829E-05  0.000000E+00
       118  1.282675E-03 -1.988620E-05  0.000000E+00
       119  1.204303E-03  8.558573E-06  0.000000E+00
       120  1.164256E-03 -2.404633E-05  0.000000E+00
       121  1.093878E-03  3.567212E-06  0.000000E+00
       122  1.042801E-03 -2.775498E-05  0.000000E+00
       123  9.755148E-04 -3.750008E-07  0.000000E+00
       124  9.186205E-04 -3.115989E-05  0.000000E+00
       125  8.517129E-04 -2.527721E-06  0.000000E+00
       126  9.152302E-04  2.682612E-05  0.000000E+00
       127  7.897778E-04  2.711960E-05  0.000000E+00
       128  7.255473E-04 -3.572722E-06  0.000000E+00
       129  6.622307E-04  2.754230E-05  0.000000E+00
       130  5.970916E-04 -4.060221E-06  0.000000E+00
       131  5.329708E-04  2.706026E-05  0.000000E+00
       132  4.674726E-04 -4.105420E-06  0.000000E+00
       133  4.031980E-04  2.492813E-05  0.000000E+00
       134  1.255597E-03  3.497100E-05  0.000000E+00
       135  5.345771E-04 -3.545264E-05  0.000000E+00
       136  4.048305E-04 -3.297530E-05  0.000000E+00
       137  6.013345E-04  5.935710E-05  0.000000E+00
       138  1.247292E-03 -5.689438E-05  0.000000E+00
       139  8.577815E-04  5.595492E-05  0.000000E+00
       140  9.827930E-04  5.432660E-05  0.000000E+00
       141  1.495911E-03 -8.120656E-05  0.000000E+00
       142  1.619866E-03 -1.276394E-04  0.000000E+00
       143  1.329939E-03  3.977377E-05  0.000000E+00
       144  1.338541E-03  5.687749E-05  0.000000E+00
       145  1.247659E-03  5.778279E-05  0.000000E+00
       146  1.478663E-03  1.151857E-04  0.000000E+00
       147  1.443171E-03  8.629326E-05  0.000000E+00
       148  1.512610E-03  1.205928E-04  0.000000E+00
       149  2.104784E-03  2.340896E-04  0.000000E+00
       150  2.047785E-03  2.563306E-04  0.000000E+00
       151  1.967406E-03  2.915826E-04  0.000000E+00
       152  2.128798E-03  2.140548E-04  0.000000E+00
       153  2.348888E-03  1.258136E-04  0.000000E+00
       154  2.299849E-03  1.348825E-04  0.000000E+00
       155  2.375345E-03  1.074127E-04  0.000000E+00
       156  2.419878E-03  9.344257E-05  0.000000E+00
       157  2.341252E-03  4.445528E-05  0.000000E+00
       158  2.287092E-03  3.507295E-05  0.000000E+00
       159  2.198813E-03 -2.508086E-07  0.000000E+00
       160  2.278362E-03  3.704462E-05  0.000000E+00
       161  2.160793E-03 -1.657660E-05  0.000000E+00
       162  2.355415E-03  6.218612E-05  0.000000E+00
       163  1.711198E-03  2.448671E-04  0.000000E+00
       164  1.680275E-03  2.225984E-04  0.000000E+00
       165  1.759172E-03  2.670197E-04  0.000000E+00
       166  1.839461E-03  3.012813E-04  0.000000E+00
       167  1.374331E-03  6.136004E-05  0.000000E+00
       168  1.936430E-03 -1.290767E-04  0.000000E+00
       169  1.958392E-03 -1.230270E-04  0.000000E+00
       170  1.889697E-03 -1.466912E-04  0.000000E+00
       171  1.934517E-03 -1.348329E-04  0.000000E+00
       172  1.829019E-03 -1.653556E-04  0.000000E+00
       173  1.794288E-03 -1.401235E-04  0.000000E+00
       174  1.747304E-03 -1.350237E-04  0.000000E+00
       175  4.740341E-04 -6.433771E-05  0.000000E+00
       176  3.445412E-04 -5.699600E-05  0.000000E+00
       177  2.765910E-04 -2.648764E-05  0.000000E+00
       178  6.038619E-04 -6.625000E-05  0.000000E+00
       179  9.426958E-04  8.364804E-05  0.000000E+00
       180  9.905859E-04 -6.076232E-05  0.000000E+00
       181  8.620623E-04 -6.264726E-05  0.000000E+00
       182  2.047166E-03 -7.912726E-05  0.000000E+00
       183  1.905472E-03 -1.560441E-04  0.000000E+00
       184  1.689234E-03  2.331798E-04  0.000000E+00
       185  1.159301E-03  3.157221E-05  0.000000E+00
       186  1.133552E-03  6.165300E-05  0.000000E+00
       187  2.427238E-03  1.000195E-04  0.000000E+00
       188  2.395287E-03  7.253905E-05  0.000000E+00
       189  1.384759E-03  6.215463E-05  0.000000E+00
       190  5.451741E-04 -9.966608E-05  0.000000E+00
       191  2.202583E-04 -4.303644E-05  0.000000E+00
       192  2.941745E-04 -7.958295E-05  0.000000E+00
       193  2.271795E-03  3.112605E-05  0.000000E+00
       194  1.118229E-03 -5.647833E-05  0.000000E+00
       195  1.210549E-03 -8.904610E-05  0.000000E+00
       196  1.040666E-03  2.791087E-05  0.000000E+00
       197  7.922211E-04 -3.363870E-05  0.000000E+00
       198  7.331211E-04 -6.490060E-05  0.000000E+00
       199  7.971537E-04 -9.652805E-05  0.000000E+00
       200  7.302020E-04  5.790794E-05  0.000000E+00
       201  6.860300E-04  9.050253E-05  0.000000E+00
       202  5.421274E-04  9.129464E-05  0.000000E+00
       203  4.714132E-04  5.653439E-05  0.000000E+00
       204  3.420499E-04  4.982455E-05  0.000000E+00
       205  2.791419E-04  1.960394E-05  0.000000E+00
       206  2.028662E-04  3.334640E-05  0.000000E+00
       207  2.850772E-04  7.234442E-05  0.000000E+00
       208  6.639999E-04 -3.518670E-05  0.000000E+00
       209  3.391015E-04 -3.725978E-06  0.000000E+00
       210  2.188724E-04 -2.614315E-06  0.000000E+00
       211  2.025018E-03  2.716353E-04  0.000000E+00
       212  1.918990E-03  3.136734E-04  0.000000E+00
       213  2.140490E-03  2.201230E-04  0.000000E+00
       214  2.183143E-03  2.083176E-04  0.000000E+00
       215  2.260296E-03  1.548319E-04  0.000000E+00
       216  1.444729E-03  9.341306E-05  0.000000E+00
       217  1.565162E-03  1.564810E-04  0.000000E+00
       218  1.617772E-03  2.114248E-04  0.000000E+00
       219  1.604047E-04 -1.669248E-05  0.000000E+00
       220  1.702821E-03 -2.080248E-04  0.000000E+00
       221  1.039779E-03  1.131254E-04  0.000000E+00
       222  1.324333E-03  1.234049E-04  0.000000E+00
       223  8.984439E-04 -1.212594E-04  0.000000E+00
       224  1.942427E-03 -1.559637E-04  0.000000E+00
       225  2.067369E-03 -7.996994E-05  0.000000E+00
       226  1.576963E-03 -1.848150E-04  0.000000E+00
       227  1.630251E-03 -8.392222E-05  0.000000E+00
       228  1.664499E-03 -1.002115E-04  0.000000E+00
       229  1.722975E-03 -1.400538E-04  0.000000E+00
       230  2.152690E-03 -3.821918E-05  0.000000E+00
       231  1.897497E-03  2.973176E-04  0.000000E+00
       232  9.334301E-05  9.889783E-06  0.000000E+00
       233  1.359656E-03  4.694449E-05  0.000000E+00
       234  1.374932E-03  9.712856E-05  0.000000E+00
       235  1.302976E-03 -1.297195E-04  0.000000E+00
       236  2.512444E-03  8.974599E-05  0.000000E+00
       237  8.731358E-05 -2.976353E-05  0.000000E+00
       238  8.729575E-05  2.984439E-05  0.000000E+00
       239  2.194868E-03 -3.769219E-06  0.000000E+00
       240  1.819436E-03  3.057942E-04  0.000000E+00
       241  1.377534E-03  3.263158E-05  0.000000E+00
       242  2.334707E-03  1.291340E-04  0.000000E+00
       243  1.344241E-03 -9.934961E-05  0.000000E+00
       244  9.000258E-04  1.164199E-04  0.000000E+00
       245  3.055561E-04  1.069997E-04  0.000000E+00
       246  1.779471E-03 -1.867923E-04  0.000000E+00
       247  1.053490E-03  8.134713E-05  0.000000E+00
       248  6.544934E-04  1.235902E-04  0.000000E+00
       249  5.450172E-04  1.274109E-04  0.000000E+00
       250  8.152676E-04  8.746783E-05  0.000000E+00
       251  4.120749E-04  7.822954E-05  0.000000E+00
       252  2.036785E-03 -8.617100E-05  0.000000E+00
       253  1.500345E-03 -1.276095E-04  0.000000E+00
       254  1.250349E-03  8.553254E-05  0.000000E+00
       255  1.891047E-03  3.372752E-04  0.000000E+00
       256  2.457892E-03  8.856050E-05  0.000000E+00
       257  2.391089E-03  7.231155E-05  0.000000E+00
       258  1.732291E-04  4.796567E-05  0.000000E+00
       259  1.168300E-03 -1.218717E-04  0.000000E+00
       260  2.412673E-03  8.112424E-05  0.000000E+00
       261  1.371187E-03 -6.233826E-05  0.000000E+00
       262  1.066897E-03 -8.493389E-05  0.000000E+00
       263  2.356311E-03  1.190637E-04  0.000000E+00
       264  9.368385E-04 -8.821182E-05  0.000000E+00
       265  2.400063E-03  7.980089E-05  0.000000E+00
       266  7.908812E-04 -1.293099E-04  0.000000E+00
       267  6.703155E-04 -9.052746E-05  0.000000E+00
       268  5.489569E-04 -1.293668E-04  0.000000E+00
       269  4.158943E-04 -8.456727E-05  0.000000E+00
       270  1.768216E-04  1.198188E-05  0.000000E+00
       271  3.075850E-04 -1.092627E-04  0.000000E+00
       272  6.901196E-05 -7.469380E-06  0.000000E+00
       273  2.153656E-03 -2.630428E-05  0.000000E+00
       274  1.818399E-03 -1.523805E-04  0.000000E+00
       275  1.595744E-03  1.703895E-04  0.000000E+00
       276  2.223708E-03  1.712531E-04  0.000000E+00
       277  1.495354E-03  1.395946E-04  0.000000E+00
       278  1.720644E-03 -1.625712E-04  0.000000E+00
       279  1.414528E-03  1.752087E-05  0.000000E+00
       280  1.750929E-04 -5.124850E-05  0.000000E+00
       281  1.358486E-03  5.122218E-05  0.000000E+00
       282  8.335209E-05 -3.911439E-05  0.000000E+00
       283  2.151254E-03 -2.626858E-05  0.000000E+00
       284  8.009975E-05  3.777331E-05  0.000000E+00
       285  2.274377E-03  1.533254E-04  0.000000E+00
       286  1.905883E-03  3.026164E-04  0.000000E+00
       287  1.401649E-03  1.957901E-05  0.000000E+00
       288  1.562902E-03 -5.979279E-05  0.000000E+00
       289  2.188775E-03  2.016606E-04  0.000000E+00
       290  1.538936E-03  1.548540E-04  0.000000E+00
       291  1.961064E-03  2.861744E-04  0.000000E+00
       292  2.087818E-03 -7.632333E-05  0.000000E+00
       293  1.872293E-03 -1.431543E-04  0.000000E+00
       294  1.647447E-03 -1.719272E-04  0.000000E+00
       295  2.272549E-03  1.595663E-04  0.000000E+00
       296  1.393270E-03  6.786085E-05  0.000000E+00

 stresses (elem, integ.pnt.,sxx,syy,szz,sxy,sxz,syz) for set EALL and time  0.1000000E+01

         1   1  3.271539E+00  1.609177E-01  3.440148E-02 -1.385672E-01 -4.118182E-03 -2.542586E-03
         1   2  3.271539E+00  1.609177E-01  3.440148E-02 -1.385672E-01  4.118182E-03  2.542586E-03
         2   1  7.602465E-01 -1.171529E+00  1.641251E-02  4.974678E-02  1.217688E-01  7.342937E-03
         2   2  7.602465E-01 -1.171529E+00  1.641251E-02  4.974678E-02 -1.217688E-01 -7.342937E-03
         3   1  4.083976E+00 -2.161189E-01 -2.554791E-02  2.466421E-01 -1.111257E-02 -9.809821E-05
         3   2  4.083976E+00 -2.161189E-01 -2.554791E-02  2.466421E-01  1.111257E-02  9.809821E-05
         4   1  3.412996E+00  5.549944E-02 -2.262305E-03 -2.587526E-01 -2.802655E-04 -8.124042E-03
         4   2  3.412996E+00  5.549944E-02 -2.262305E-03 -2.587526E-01  2.802655E-04  8.124042E-03
         5   1  3.452303E+00  7.055975E-02  5.087876E-03 -2.399101E-01  3.175691E-03 -8.047916E-03
         5   2  3.452303E+00  7.055975E-02  5.087876E-03 -2.399101E-01 -3.175691E-03  8.047916E-03
         6   1  4.242115E+00 -1.237433E-02  4.534899E-02  1.359273E-01 -3.054399E-03 -4.515326E-03
         6   2  4.242115E+00 -1.237433E-02  4.534899E-02  1.359273E-01  3.054399E-03  4.515326E-03
         7   1  3.718441E+00 -1.013262E+00 -1.570515E-01  7.072697E-01  1.030779E-02  3.628637E-02
         7   2  3.718441E+00 -1.013262E+00 -1.570515E-01  7.072697E-01 -1.030779E-02 -3.628637E-02
         8   1  4.696833E+00 -3.936190E-01 -1.394497E-01  3.764420E-01  7.291218E-02  1.377521E-02
         8   2  4.696833E+00 -3.936190E-01 -1.394497E-01  3.764420E-01 -7.291218E-02 -1.377521E-02
         9   1  4.489640E+00 -4.297931E-01 -1.254593E-01 -9.015904E-01 -6.540103E-02  4.043824E-02
         9   2  4.489640E+00 -4.297931E-01 -1.254593E-01 -9.015904E-01  6.540103E-02 -4.043824E-02
        10   1  3.948801E+00  8.182683E-03 -7.809432E-02  5.272870E-02 -9.265203E-03 -9.699187E-03
        10   2  3.948801E+00  8.182683E-03 -7.809432E-02  5.272870E-02  9.265203E-03  9.699187E-03
        11   1  3.792394E+00 -4.161399E-02  5.234437E-02 -9.027632E-02 -8.408034E-03  1.084215E-03
        11   2  3.792394E+00 -4.161399E-02  5.234437E-02 -9.027632E-02  8.408034E-03 -1.084215E-03
        12   1  2.996105E+00  1.103126E-01 -2.164107E-02 -1.631660E-01 -4.656948E-03 -2.864838E-03
        12   2  2.996105E+00  1.103126E-01 -2.164107E-02 -1.631660E-01  4.656948E-03  2.864838E-03
        13   1  3.446151E+00 -7.955909E-01 -1.320785E-01 -5.309853E-01 -6.687477E-03 -1.432334E-02
        13   2  3.446151E+00 -7.955909E-01 -1.320785E-01 -5.309853E-01  6.687477E-03  1.432334E-02
        14   1  3.362100E+00 -1.566580E-01  1.127834E-01 -4.669670E-01 -5.070655E-03 -1.684656E-02
        14   2  3.362100E+00 -1.566580E-01  1.127834E-01 -4.669670E-01  5.070655E-03  1.684656E-02
        15   1  3.944122E+00  9.240266E-02  4.170507E-02  2.110126E-01 -8.457382E-03 -1.484081E-02
        15   2  3.944122E+00  9.240266E-02  4.170507E-02  2.110126E-01  8.457382E-03  1.484081E-02
        16   1  3.419073E+00  4.499653E-02 -9.756924E-03  3.082376E-02 -3.904742E-03  5.691934E-03
        16   2  3.419073E+00  4.499653E-02 -9.756924E-03  3.082376E-02  3.904742E-03 -5.691934E-03
        17   1  3.387617E+00  2.971918E-01 -2.404587E-02  8.451010E-02  1.710794E-04 -1.984076E-02
        17   2  3.387617E+00  2.971918E-01 -2.404587E-02  8.451010E-02 -1.710794E-04  1.984076E-02
        18   1  3.342573E+00  5.972819E-02 -1.276078E-02  9.373857E-04 -3.465628E-03  6.277209E-03
        18   2  3.342573E+00  5.972819E-02 -1.276078E-02  9.373857E-04  3.465628E-03 -6.277209E-03
        19   1  3.025208E+00  1.862005E-01  4.734679E-02  6.338043E-02 -6.012424E-03  1.339288E-04
        19   2  3.025208E+00  1.862005E-01  4.734679E-02  6.338043E-02  6.012424E-03 -1.339288E-04
        20   1  3.206062E+00  8.820191E-02 -2.991299E-02 -1.876372E-01 -4.228682E-03 -3.090220E-03
        20   2  3.206062E+00  8.820191E-02 -2.991299E-02 -1.876372E-01  4.228682E-03  3.090220E-03
        21   1  3.383807E+00  1.032364E-02 -2.107817E-02 -1.294725E-01  3.340037E-04 -7.313912E-04
        21   2  3.383807E+00  1.032364E-02 -2.107817E-02 -1.294725E-01 -3.340037E-04  7.313912E-04
        22   1  3.791880E+00 -3.409202E-01 -7.165813E-02 -7.517740E-02 -8.989785E-03  1.518611E-04
        22   2  3.791880E+00 -3.409202E-01 -7.165813E-02 -7.517740E-02  8.989785E-03 -1.518611E-04
        23   1  3.464962E+00  4.918932E-02  1.863024E-02 -1.119075E-01  1.344059E-03  7.152335E-06
        23   2  3.464962E+00  4.918932E-02  1.863024E-02 -1.119075E-01 -1.344059E-03 -7.152335E-06
        24   1  4.460449E+00  3.648545E-01 -2.585963E-02  2.954915E-01 -9.178179E-03  3.975233E-02
        24   2  4.460449E+00  3.648545E-01 -2.585963E-02  2.954915E-01  9.178179E-03 -3.975233E-02
        25   1  1.141860E+00 -6.588933E-01 -2.295929E-01  7.357987E-01 -7.606081E-02  4.591237E-02
        25   2  1.141860E+00 -6.588933E-01 -2.295929E-01  7.357987E-01  7.606081E-02 -4.591237E-02
        26   1  3.392313E+00  5.639610E-03 -4.179778E-03 -6.576859E-02 -2.780340E-04  1.438765E-03
        26   2  3.392313E+00  5.639610E-03 -4.179778E-03 -6.576859E-02  2.780340E-04 -1.438765E-03
        27   1  3.360415E+00  2.580483E-02  6.382137E-04 -6.979991E-02  4.566859E-04  2.166759E-03
        27   2  3.360415E+00  2.580483E-02  6.382137E-04 -6.979991E-02 -4.566859E-04 -2.166759E-03
        28   1  3.394726E+00 -1.502171E-01 -4.719966E-02 -8.015776E-02 -4.115558E-03  1.113856E-02
        28   2  3.394726E+00 -1.502171E-01 -4.719966E-02 -8.015776E-02  4.115558E-03 -1.113856E-02
        29   1  3.396250E+00  3.924192E-02  4.096727E-03 -5.135367E-02 -1.116384E-03  5.731986E-03
        29   2  3.396250E+00  3.924192E-02  4.096727E-03 -5.135367E-02  1.116384E-03 -5.731986E-03
        30   1  3.397221E+00  7.175425E-01  7.959475E-02  1.754665E-01 -2.689678E-03  1.501424E-03
        30   2  3.397221E+00  7.175425E-01  7.959475E-02  1.754665E-01  2.689678E-03 -1.501424E-03
        31   1  5.057906E+00 -7.823839E-01 -2.730273E-03 -7.105982E-01 -6.244814E-02  4.458634E-02
        31   2  5.057906E+00 -7.823839E-01 -2.730273E-03 -7.105982E-01  6.244814E-02 -4.458634E-02
        32   1  4.562499E+00  1.026628E-01 -4.684772E-02 -2.240748E-02 -1.548119E-02  3.434583E-02
        32   2  4.562499E+00  1.026628E-01 -4.684772E-02 -2.240748E-02  1.548119E-02 -3.434583E-02
        33   1  3.334713E+00  1.226089E-02 -2.674428E-03 -2.413694E-02  1.714526E-03  2.115118E-03
        33   2  3.334713E+00  1.226089E-02 -2.674428E-03 -2.413694E-02 -1.714526E-03 -2.115118E-03
        34   1  1.643556E+00 -1.198169E+00  1.164034E-01  6.807396E-01  7.418905E-02 -9.967349E-02
        34   2  1.643556E+00 -1.198169E+00  1.164034E-01  6.807396E-01 -7.418905E-02  9.967349E-02
        35   1  1.503493E+00 -1.239042E+00  4.251893E-02 -7.723994E-01  6.548178E-02  1.136403E-01
        35   2  1.503493E+00 -1.239042E+00  4.251893E-02 -7.723994E-01 -6.548178E-02 -1.136403E-01
        36   1  7.208655E+00  8.426239E-01  2.824826E-01 -8.636366E-02  1.141891E-01  5.394415E-02
        36   2  7.208655E+00  8.426239E-01  2.824826E-01 -8.636366E-02 -1.141891E-01 -5.394415E-02
        37   1  5.848211E+00  6.902027E-01  1.650881E-01  1.972163E-01 -1.002856E-01 -5.443653E-02
        37   2  5.848211E+00  6.902027E-01  1.650881E-01  1.972163E-01  1.002856E-01  5.443653E-02
        38   1  4.698736E+00  9.438943E-01 -2.919241E-02  5.560318E-02 -1.284469E-02  7.132373E-02
        38   2  4.698736E+00  9.438943E-01 -2.919241E-02  5.560318E-02  1.284469E-02 -7.132373E-02
        39   1  3.014968E+00  1.178011E-01 -8.144058E-03  4.209701E-02 -4.563659E-03  1.096933E-03
        39   2  3.014968E+00  1.178011E-01 -8.144058E-03  4.209701E-02  4.563659E-03 -1.096933E-03
        40   1  3.540218E+00 -4.896934E-01 -5.310065E-02  1.055635E+00  1.951993E-02 -2.530448E-02
        40   2  3.540218E+00 -4.896934E-01 -5.310065E-02  1.055635E+00 -1.951993E-02  2.530448E-02
        41   1  3.247249E+00  4.208586E-01 -5.522389E-02  1.131821E-01 -2.539540E-03  1.749019E-03
        41   2  3.247249E+00  4.208586E-01 -5.522389E-02  1.131821E-01  2.539540E-03 -1.749019E-03
        42   1  2.468922E+00 -1.380572E-01  1.550609E-01 -7.533136E-01  4.133991E-02  4.508307E-02
        42   2  2.468922E+00 -1.380572E-01  1.550609E-01 -7.533136E-01 -4.133991E-02 -4.508307E-02
        43   1  7.224758E+00  1.292544E+00  2.670631E-01 -6.427151E-03  4.520444E-03  9.730007E-02
        43   2  7.224758E+00  1.292544E+00  2.670631E-01 -6.427151E-03 -4.520444E-03 -9.730007E-02
        44   1  1.122128E+00 -6.127801E-01 -1.117563E-01  9.414293E-01 -6.936846E-03 -1.606152E-01
        44   2  1.122128E+00 -6.127801E-01 -1.117563E-01  9.414293E-01  6.936846E-03  1.606152E-01
        45   1  1.164877E+00 -6.649292E-01 -1.624787E-01 -9.217845E-01 -1.427613E-02  1.591541E-01
        45   2  1.164877E+00 -6.649292E-01 -1.624787E-01 -9.217845E-01  1.427613E-02 -1.591541E-01
        46   1  3.604968E-02 -1.514725E+00 -4.695057E-03 -1.891150E-01 -1.091839E-01 -9.855029E-02
        46   2  3.604968E-02 -1.514725E+00 -4.695057E-03 -1.891150E-01  1.091839E-01  9.855029E-02
        47   1 -1.000386E-01 -1.739491E+00  8.344043E-02 -2.731050E-02 -1.487477E-01 -6.730084E-03
        47   2 -1.000386E-01 -1.739491E+00  8.344043E-02 -2.731050E-02  1.487477E-01  6.730084E-03
        48   1  6.298508E+00 -7.471678E-02 -6.996481E-01  9.891526E-01  1.260515E-01 -1.533196E-01
        48   2  6.298508E+00 -7.471678E-02 -6.996481E-01  9.891526E-01 -1.260515E-01  1.533196E-01
        49   1  4.443526E+00  2.320691E-02 -5.472984E-01 -1.341753E+00  1.848178E-01  2.443301E-02
        49   2  4.443526E+00  2.320691E-02 -5.472984E-01 -1.341753E+00 -1.848178E-01 -2.443301E-02
        50   1 -1.417165E-01 -1.485878E+00  7.607681E-02 -2.067870E-01  1.671559E-01  1.217559E-02
        50   2 -1.417165E-01 -1.485878E+00  7.607681E-02 -2.067870E-01 -1.671559E-01 -1.217559E-02
        51   1  6.084761E+00 -1.168378E-01 -7.202504E-01 -6.786828E-01  1.508469E-01  1.511133E-01
        51   2  6.084761E+00 -1.168378E-01 -7.202504E-01 -6.786828E-01 -1.508469E-01 -1.511133E-01
        52   1  1.592599E-01 -1.273452E+00  6.510922E-03  4.761680E-01  1.235377E-01 -1.182591E-01
        52   2  1.592599E-01 -1.273452E+00  6.510922E-03  4.761680E-01 -1.235377E-01  1.182591E-01
        53   1  2.847858E-01 -1.245480E+00  4.697521E-02 -4.774791E-01  1.129667E-01  1.284563E-01
        53   2  2.847858E-01 -1.245480E+00  4.697521E-02 -4.774791E-01 -1.129667E-01 -1.284563E-01
        54   1  3.908558E+00 -2.526494E-01 -1.052516E-02 -2.609215E-01  1.060808E-02 -1.621811E-02
        54   2  3.908558E+00 -2.526494E-01 -1.052516E-02 -2.609215E-01 -1.060808E-02  1.621811E-02
        55   1  3.463701E+00 -6.210845E-02 -3.296589E-02 -2.843802E-01 -5.290589E-03 -4.168424E-03
        55   2  3.463701E+00 -6.210845E-02 -3.296589E-02 -2.843802E-01  5.290589E-03  4.168424E-03
        56   1  3.404890E+00  1.417904E-02  3.289545E-03  7.986762E-02  3.460180E-04 -1.740390E-03
        56   2  3.404890E+00  1.417904E-02  3.289545E-03  7.986762E-02 -3.460180E-04  1.740390E-03
        57   1  5.479637E+00  7.982753E-02  9.306321E-02 -6.192568E-02 -9.193763E-02  2.134013E-02
        57   2  5.479637E+00  7.982753E-02  9.306321E-02 -6.192568E-02  9.193763E-02 -2.134013E-02
        58   1  3.301791E+00  2.719047E-01  1.611992E-01  7.213539E-01  2.009458E-02 -2.399831E-02
        58   2  3.301791E+00  2.719047E-01  1.611992E-01  7.213539E-01 -2.009458E-02  2.399831E-02
        59   1  4.135054E+00 -3.733891E-02  5.567282E-02  3.849848E-01  6.010659E-03  6.342053E-03
        59   2  4.135054E+00 -3.733891E-02  5.567282E-02  3.849848E-01 -6.010659E-03 -6.342053E-03
        60   1  3.516291E+00 -1.647854E-02 -7.616967E-03  1.175447E-01 -2.898806E-04  4.146421E-03
        60   2  3.516291E+00 -1.647854E-02 -7.616967E-03  1.175447E-01  2.898806E-04 -4.146421E-03
        61   1  4.475832E+00 -2.674651E-02  1.322239E-01  6.052314E-02 -2.011846E-02 -1.952920E-03
        61   2  4.475832E+00 -2.674651E-02  1.322239E-01  6.052314E-02  2.011846E-02  1.952920E-03
        62   1  3.565045E+00 -4.171858E-02  6.777449E-03  1.577649E-01 -4.109775E-03 -1.241417E-02
        62   2  3.565045E+00 -4.171858E-02  6.777449E-03  1.577649E-01  4.109775E-03  1.241417E-02
        63   1  2.640683E+00  2.939461E-02 -6.160460E-02  1.224311E-01 -8.730852E-03  1.324847E-03
        63   2  2.640683E+00  2.939461E-02 -6.160460E-02  1.224311E-01  8.730852E-03 -1.324847E-03
        64   1  3.327023E+00  5.295334E-01 -3.756152E-03 -1.696712E-02 -4.214079E-03  5.419017E-03
        64   2  3.327023E+00  5.295334E-01 -3.756152E-03 -1.696712E-02  4.214079E-03 -5.419017E-03
        65   1  3.382532E+00 -4.539429E-03 -7.818875E-03  6.967680E-02  1.360332E-03 -1.566400E-04
        65   2  3.382532E+00 -4.539429E-03 -7.818875E-03  6.967680E-02 -1.360332E-03  1.566400E-04
        66   1  3.389784E+00  6.719468E-03 -1.083392E-02 -9.311547E-02  4.831656E-04  3.712864E-04
        66   2  3.389784E+00  6.719468E-03 -1.083392E-02 -9.311547E-02 -4.831656E-04 -3.712864E-04
        67   1  3.584958E+00  2.931128E-03  1.188267E-02  1.044147E-01  1.823418E-03  2.537692E-03
        67   2  3.584958E+00  2.931128E-03  1.188267E-02  1.044147E-01 -1.823418E-03 -2.537692E-03
        68   1  4.255228E+00 -8.721047E-01 -2.172006E-01 -9.673932E-02  2.198698E-02 -2.892675E-02
        68   2  4.255228E+00 -8.721047E-01 -2.172006E-01 -9.673932E-02 -2.198698E-02  2.892675E-02
        69   1  4.916514E+00  1.048642E+00  1.072596E-02 -4.921556E-01  2.889273E-02 -7.259829E-02
        69   2  4.916514E+00  1.048642E+00  1.072596E-02 -4.921556E-01 -2.889273E-02  7.259829E-02
        70   1  5.346245E+00  1.552950E+00  4.591915E-01  2.493398E+00 -1.986341E-01 -1.456838E-01
        70   2  5.346245E+00  1.552950E+00  4.591915E-01  2.493398E+00  1.986341E-01  1.456838E-01
        71   1  5.184529E+00  1.368998E+00  4.602215E-01  2.128588E+00  2.077880E-01  1.508457E-01
        71   2  5.184529E+00  1.368998E+00  4.602215E-01  2.128588E+00 -2.077880E-01 -1.508457E-01
        72   1  5.095933E-01 -2.339685E+00 -2.897485E-01  3.126529E-01 -2.764240E-02  1.922032E-01
        72   2  5.095933E-01 -2.339685E+00 -2.897485E-01  3.126529E-01  2.764240E-02 -1.922032E-01
        73   1  1.170541E+01  1.690933E+00  9.777135E-01  1.562214E+00 -7.996042E-02  1.235033E-01
        73   2  1.170541E+01  1.690933E+00  9.777135E-01  1.562214E+00  7.996042E-02 -1.235033E-01
        74   1  5.954744E+00  1.196086E+00  3.022023E-01 -2.024685E+00 -2.692939E-01  6.573610E-02
        74   2  5.954744E+00  1.196086E+00  3.022023E-01 -2.024685E+00  2.692939E-01 -6.573610E-02
        75   1  1.144003E+01  1.489160E+00  8.752987E-01 -4.458964E-01 -6.764329E-02 -1.592823E-01
        75   2  1.144003E+01  1.489160E+00  8.752987E-01 -4.458964E-01  6.764329E-02  1.592823E-01
        76   1  2.108979E+00 -5.790090E-01 -1.477928E-01 -6.943934E-01  1.681770E-01 -1.773415E-01
        76   2  2.108979E+00 -5.790090E-01 -1.477928E-01 -6.943934E-01 -1.681770E-01  1.773415E-01
        77   1  3.456012E+00  1.232812E-01  1.872160E-02  1.453246E-01 -1.608886E-03  6.377739E-03
        77   2  3.456012E+00  1.232812E-01  1.872160E-02  1.453246E-01  1.608886E-03 -6.377739E-03
        78   1  3.175804E+00  1.194661E-01 -1.304125E-04  3.259100E-03 -1.529211E-03  6.683875E-04
        78   2  3.175804E+00  1.194661E-01 -1.304125E-04  3.259100E-03  1.529211E-03 -6.683875E-04
        79   1  4.876745E+00 -2.425799E-01  7.226115E-02 -3.303560E-01  5.110463E-02 -2.057210E-03
        79   2  4.876745E+00 -2.425799E-01  7.226115E-02 -3.303560E-01 -5.110463E-02  2.057210E-03
        80   1  3.400672E+00  2.954322E-02  6.737793E-03 -8.626157E-02  1.223135E-03  9.348608E-04
        80   2  3.400672E+00  2.954322E-02  6.737793E-03 -8.626157E-02 -1.223135E-03 -9.348608E-04
        81   1  4.645715E+00  8.729026E-03 -3.674142E-01  1.023936E+00 -1.990135E-01 -1.032162E-02
        81   2  4.645715E+00  8.729026E-03 -3.674142E-01  1.023936E+00  1.990135E-01  1.032162E-02
        82   1  6.691864E-01 -1.099209E+00 -1.604477E-01  3.248235E-01 -3.843309E-03  1.396917E-01
        82   2  6.691864E-01 -1.099209E+00 -1.604477E-01  3.248235E-01  3.843309E-03 -1.396917E-01
        83   1  4.497216E+00  7.383829E-02 -2.767318E-01  1.025849E+00  2.035273E-01 -5.115587E-03
        83   2  4.497216E+00  7.383829E-02 -2.767318E-01  1.025849E+00 -2.035273E-01  5.115587E-03
        84   1  4.680219E+00  9.967696E-01  1.906850E-01 -1.840478E+00 -1.574822E-01  9.603210E-02
        84   2  4.680219E+00  9.967696E-01  1.906850E-01 -1.840478E+00  1.574822E-01 -9.603210E-02
        85   1  7.505766E+00  1.185863E+00 -9.958688E-02 -1.081247E+00 -6.617603E-02 -1.580324E-01
        85   2  7.505766E+00  1.185863E+00 -9.958688E-02 -1.081247E+00  6.617603E-02  1.580324E-01
        86   1  8.411315E+00  9.709035E-01 -4.865613E-03 -8.624793E-02 -3.472525E-02  1.986670E-01
        86   2  8.411315E+00  9.709035E-01 -4.865613E-03 -8.624793E-02  3.472525E-02 -1.986670E-01
        87   1  2.345052E+00 -3.458075E-01  1.893716E-01 -1.094123E+00  2.654848E-02 -1.689665E-01
        87   2  2.345052E+00 -3.458075E-01  1.893716E-01 -1.094123E+00 -2.654848E-02  1.689665E-01
        88   1  7.895224E-01 -5.630830E-01 -4.521842E-02 -1.528859E-01  1.232740E-01  5.920732E-03
        88   2  7.895224E-01 -5.630830E-01 -4.521842E-02 -1.528859E-01 -1.232740E-01 -5.920732E-03
        89   1  3.395207E+00  2.483744E-01 -3.682901E-03  1.347370E-01 -2.527554E-03  7.423526E-03
        89   2  3.395207E+00  2.483744E-01 -3.682901E-03  1.347370E-01  2.527554E-03 -7.423526E-03
        90   1  3.657886E+00  7.715112E-02  4.668861E-02 -1.720416E-01  3.638386E-03 -3.240241E-03
        90   2  3.657886E+00  7.715112E-02  4.668861E-02 -1.720416E-01 -3.638386E-03  3.240241E-03
        91   1  4.233573E+00 -8.885621E-01  1.171379E-01  9.287894E-01 -3.232189E-02 -5.098538E-02
        91   2  4.233573E+00 -8.885621E-01  1.171379E-01  9.287894E-01  3.232189E-02  5.098538E-02
        92   1  4.357426E+00 -4.109272E-01  1.295566E-01  1.029086E-01  1.581831E-02  1.422916E-02
        92   2  4.357426E+00 -4.109272E-01  1.295566E-01  1.029086E-01 -1.581831E-02 -1.422916E-02
        93   1  1.852356E+00 -1.931260E-01 -1.678420E-01  3.593580E-01 -2.774742E-02  6.585481E-03
        93   2  1.852356E+00 -1.931260E-01 -1.678420E-01  3.593580E-01  2.774742E-02 -6.585481E-03
        94   1  3.609846E+00 -1.613067E-01 -6.833645E-04  1.278772E-01  1.375213E-03  4.014793E-03
        94   2  3.609846E+00 -1.613067E-01 -6.833645E-04  1.278772E-01 -1.375213E-03 -4.014793E-03
        95   1  3.412289E+00  3.405297E-02 -7.178846E-03 -2.827323E-02 -4.418490E-03 -5.550199E-03
        95   2  3.412289E+00  3.405297E-02 -7.178846E-03 -2.827323E-02  4.418490E-03  5.550199E-03
        96   1  3.153383E+00  9.913632E-02 -2.654480E-02 -1.127428E-01 -1.665130E-03 -4.210443E-03
        96   2  3.153383E+00  9.913632E-02 -2.654480E-02 -1.127428E-01  1.665130E-03  4.210443E-03
        97   1  3.147563E+00  1.621559E-01  1.676046E-02  2.121536E-02 -2.567068E-03  3.069909E-05
        97   2  3.147563E+00  1.621559E-01  1.676046E-02  2.121536E-02  2.567068E-03 -3.069909E-05
        98   1  3.963172E+00  4.987475E-01  9.761247E-03 -2.839812E-01 -1.148107E-02  4.014439E-02
        98   2  3.963172E+00  4.987475E-01  9.761247E-03 -2.839812E-01  1.148107E-02 -4.014439E-02
        99   1  4.692127E+00 -1.124542E-01 -7.652325E-02 -1.645938E-01  5.320628E-02 -8.062381E-03
        99   2  4.692127E+00 -1.124542E-01 -7.652325E-02 -1.645938E-01 -5.320628E-02  8.062381E-03
       100   1  4.128043E+00 -5.752380E-01 -6.092638E-02  4.900085E-03  1.413029E-03 -2.713290E-02
       100   2  4.128043E+00 -5.752380E-01 -6.092638E-02  4.900085E-03 -1.413029E-03  2.713290E-02
       101   1  3.753365E+00 -3.839442E-01 -2.300525E-02  7.683781E-03  5.297433E-03  1.507567E-02
       101   2  3.753365E+00 -3.839442E-01 -2.300525E-02  7.683781E-03 -5.297433E-03 -1.507567E-02
       102   1  3.370448E+00 -1.047184E-02 -4.240599E-02 -1.885066E-01  3.688828E-04 -2.423212E-03
       102   2  3.370448E+00 -1.047184E-02 -4.240599E-02 -1.885066E-01 -3.688828E-04  2.423212E-03
       103   1  2.435036E+00  1.055846E-01  9.241744E-02 -2.627433E-01 -2.140769E-02 -1.794333E-02
       103   2  2.435036E+00  1.055846E-01  9.241744E-02 -2.627433E-01  2.140769E-02  1.794333E-02
       104   1  3.382261E+00  2.823370E-02  3.403569E-03  5.129825E-02 -2.836882E-04 -5.549908E-03
       104   2  3.382261E+00  2.823370E-02  3.403569E-03  5.129825E-02  2.836882E-04  5.549908E-03
       105   1  5.491426E+00 -2.463872E-01  1.785393E-01  2.065633E-01  1.108620E-01 -7.484786E-03
       105   2  5.491426E+00 -2.463872E-01  1.785393E-01  2.065633E-01 -1.108620E-01  7.484786E-03
       106   1  5.621186E+00  8.178121E-01  7.163483E-03 -2.876278E-03  3.879272E-02 -5.343614E-02
       106   2  5.621186E+00  8.178121E-01  7.163483E-03 -2.876278E-03 -3.879272E-02  5.343614E-02
       107   1  3.939189E+00  6.749994E-01  2.946166E-02  3.408820E-01  5.233348E-03  5.064912E-02
       107   2  3.939189E+00  6.749994E-01  2.946166E-02  3.408820E-01 -5.233348E-03 -5.064912E-02
       108   1  3.392509E+00  5.243368E-01  2.332959E-02 -1.835606E-01 -3.649006E-03 -6.598527E-03
       108   2  3.392509E+00  5.243368E-01  2.332959E-02 -1.835606E-01  3.649006E-03  6.598527E-03
       109   1  3.169808E+00 -6.166841E-01  8.890342E-02 -1.159052E+00 -1.743542E-03  6.663456E-02
       109   2  3.169808E+00 -6.166841E-01  8.890342E-02 -1.159052E+00  1.743542E-03 -6.663456E-02
       110   1  3.336350E+00  5.514149E-02 -1.023771E-02  1.026522E-02 -3.339548E-03 -7.255103E-03
       110   2  3.336350E+00  5.514149E-02 -1.023771E-02  1.026522E-02  3.339548E-03  7.255103E-03
       111   1  5.202305E+00 -6.404441E-01  7.064538E-02  3.061017E-01  6.559060E-02  2.211263E-02
       111   2  5.202305E+00 -6.404441E-01  7.064538E-02  3.061017E-01 -6.559060E-02 -2.211263E-02
       112   1  3.582822E+00  1.446789E-02  3.688595E-02 -2.087723E-04 -2.155414E-04  1.343357E-02
       112   2  3.582822E+00  1.446789E-02  3.688595E-02 -2.087723E-04  2.155414E-04 -1.343357E-02
       113   1  2.784335E+00 -2.283172E-03  2.413203E-01  4.898018E-01 -1.380257E-02  1.776645E-02
       113   2  2.784335E+00 -2.283172E-03  2.413203E-01  4.898018E-01  1.380257E-02 -1.776645E-02
       114   1  3.402612E+00  7.546961E-02  2.817438E-02  1.645059E-01 -6.312686E-04  2.029947E-03
       114   2  3.402612E+00  7.546961E-02  2.817438E-02  1.645059E-01  6.312686E-04 -2.029947E-03
       115   1  3.194322E+00 -2.876630E-02 -4.452661E-02  2.132937E-01 -2.573841E-03  3.205019E-03
       115   2  3.194322E+00 -2.876630E-02 -4.452661E-02  2.132937E-01  2.573841E-03 -3.205019E-03
       116   1  3.643770E+00 -5.333804E-02  1.490318E-02  5.533423E-02  1.364382E-03  3.359436E-03
       116   2  3.643770E+00 -5.333804E-02  1.490318E-02  5.533423E-02 -1.364382E-03 -3.359436E-03
       117   1  3.544206E+00  6.849949E-02  3.287446E-02 -1.475055E-01  1.691797E-03 -1.372633E-03
       117   2  3.544206E+00  6.849949E-02  3.287446E-02 -1.475055E-01 -1.691797E-03  1.372633E-03
       118   1  3.414097E+00  5.896135E-02  9.050343E-03  6.161422E-02 -4.564391E-04 -3.703412E-04
       118   2  3.414097E+00  5.896135E-02  9.050343E-03  6.161422E-02  4.564391E-04  3.703412E-04
       119   1  3.368510E+00  2.995767E-02 -1.064477E-02  7.482799E-02 -6.715924E-04 -2.384085E-04
       119   2  3.368510E+00  2.995767E-02 -1.064477E-02  7.482799E-02  6.715924E-04  2.384085E-04
       120   1  3.321274E+00  6.001349E-02 -9.660301E-03  4.909367E-02 -8.317054E-04  3.172617E-04
       120   2  3.321274E+00  6.001349E-02 -9.660301E-03  4.909367E-02  8.317054E-04 -3.172617E-04
       121   1  3.388075E+00  7.575142E-02  8.937073E-03  4.286411E-02 -6.713296E-04  2.233747E-04
       121   2  3.388075E+00  7.575142E-02  8.937073E-03  4.286411E-02  6.713296E-04 -2.233747E-04
       122   1  3.346825E+00  1.001554E-01  1.493578E-02  6.712338E-02 -9.327828E-04  2.587104E-04
       122   2  3.346825E+00  1.001554E-01  1.493578E-02  6.712338E-02  9.327828E-04 -2.587104E-04
       123   1  3.421953E+00  7.578073E-02  5.648583E-03  2.125804E-02 -1.160482E-03 -3.626773E-05
       123   2  3.421953E+00  7.578073E-02  5.648583E-03  2.125804E-02  1.160482E-03  3.626773E-05
       124   1  3.405932E+00  3.360509E-02 -8.670429E-03  5.144838E-02 -1.169446E-03 -7.985637E-04
       124   2  3.405932E+00  3.360509E-02 -8.670429E-03  5.144838E-02  1.169446E-03  7.985637E-04
       125   1  3.384496E+00  5.309460E-02 -4.755657E-03  3.292956E-02 -1.139509E-03 -4.857266E-05
       125   2  3.384496E+00  5.309460E-02 -4.755657E-03  3.292956E-02  1.139509E-03  4.857266E-05
       126   1  3.405390E+00  6.987171E-02  8.605541E-03 -5.258358E-02 -4.527351E-04  1.418912E-04
       126   2  3.405390E+00  6.987171E-02  8.605541E-03 -5.258358E-02  4.527351E-04 -1.418912E-04
       127   1  3.387516E+00  2.327357E-02 -8.243387E-03 -7.618494E-02 -4.584389E-04  4.469054E-04
       127   2  3.387516E+00  2.327357E-02 -8.243387E-03 -7.618494E-02  4.584389E-04 -4.469054E-04
       128   1  3.354203E+00  5.277024E-02 -7.920154E-03 -5.980288E-02 -7.684141E-04 -4.414942E-05
       128   2  3.354203E+00  5.277024E-02 -7.920154E-03 -5.980288E-02  7.684141E-04  4.414942E-05
       129   1  3.409529E+00  5.243720E-02  6.810987E-03 -6.424099E-02 -2.573487E-04  5.940918E-04
       129   2  3.409529E+00  5.243720E-02  6.810987E-03 -6.424099E-02  2.573487E-04 -5.940918E-04
       130   1  3.426995E+00  7.922303E-02 -8.961934E-03 -2.210592E-02 -1.672995E-03  1.148145E-03
       130   2  3.426995E+00  7.922303E-02 -8.961934E-03 -2.210592E-02  1.672995E-03 -1.148145E-03
       131   1  3.449592E+00  1.632939E-01  1.848369E-02  2.069806E-02 -1.129393E-03  1.467192E-03
       131   2  3.449592E+00  1.632939E-01  1.848369E-02  2.069806E-02  1.129393E-03 -1.467192E-03
       132   1  3.437307E+00  8.769209E-02  1.004379E-02 -2.236668E-02 -1.127885E-03  8.247239E-04
       132   2  3.437307E+00  8.769209E-02  1.004379E-02 -2.236668E-02  1.127885E-03 -8.247239E-04
       133   1  3.408683E+00  1.879644E-02 -1.168844E-02 -4.910642E-02 -1.122189E-03  1.096262E-03
       133   2  3.408683E+00  1.879644E-02 -1.168844E-02 -4.910642E-02  1.122189E-03 -1.096262E-03
       134   1  3.421548E+00  1.743369E-01 -1.517655E-02  6.473395E-03 -4.569053E-03  3.515038E-03
       134   2  3.421548E+00  1.743369E-01 -1.517655E-02  6.473395E-03  4.569053E-03 -3.515038E-03
       135   1  3.453612E+00  3.121577E-01  1.753737E-02  8.818899E-02 -4.046810E-03  3.792767E-03
       135   2  3.453612E+00  3.121577E-01  1.753737E-02  8.818899E-02  4.046810E-03 -3.792767E-03
       136   1  3.392660E+00  1.687756E-01 -3.070223E-02  6.699873E-02 -4.339993E-03 -1.774876E-04
       136   2  3.392660E+00  1.687756E-01 -3.070223E-02  6.699873E-02  4.339993E-03  1.774876E-04
       137   1  3.448373E+00  2.397930E-01  1.526563E-03  3.760375E-02 -4.682564E-03 -6.304351E-04
       137   2  3.448373E+00  2.397930E-01  1.526563E-03  3.760375E-02  4.682564E-03  6.304351E-04
       138   1  3.389795E+00  1.224894E-01 -3.410036E-02 -7.033711E-02 -2.291838E-03  2.946404E-04
       138   2  3.389795E+00  1.224894E-01 -3.410036E-02 -7.033711E-02  2.291838E-03 -2.946404E-04
       139   1  3.467485E+00  3.092976E-01  3.732228E-02 -9.785859E-02 -2.283873E-03 -2.268531E-03
       139   2  3.467485E+00  3.092976E-01  3.732228E-02 -9.785859E-02  2.283873E-03  2.268531E-03
       140   1  3.410521E+00  1.220730E-02 -9.028191E-03  4.873338E-02 -9.862630E-04 -1.316602E-03
       140   2  3.410521E+00  1.220730E-02 -9.028191E-03  4.873338E-02  9.862630E-04  1.316602E-03
       141   1  3.408058E+00  1.467249E-01 -1.964998E-02 -1.836366E-02 -2.912525E-03 -1.887459E-03
       141   2  3.408058E+00  1.467249E-01 -1.964998E-02 -1.836366E-02  2.912525E-03  1.887459E-03
       142   1  3.450715E+00  1.562732E-01  1.773423E-02 -2.083315E-02 -1.774876E-03 -1.195868E-03
       142   2  3.450715E+00  1.562732E-01  1.773423E-02 -2.083315E-02  1.774876E-03  1.195868E-03
       143   1  3.436902E+00  8.162726E-02  1.097218E-02  2.834592E-02 -9.829040E-04 -9.130224E-04
       143   2  3.436902E+00  8.162726E-02  1.097218E-02  2.834592E-02  9.829040E-04  9.130224E-04
       144   1  3.422134E+00  6.498026E-02 -1.136481E-02  2.411472E-02 -1.614306E-03 -1.293685E-03
       144   2  3.422134E+00  6.498026E-02 -1.136481E-02  2.411472E-02  1.614306E-03  1.293685E-03
       145   1  3.445089E+00  1.233010E-01  7.381742E-03 -2.816263E-03 -1.611734E-03 -1.974872E-04
       145   2  3.445089E+00  1.233010E-01  7.381742E-03 -2.816263E-03  1.611734E-03  1.974872E-04
       146   1  3.423444E+00  7.514983E-02 -3.784910E-03  2.342751E-02 -1.526898E-03 -2.467284E-04
       146   2  3.423444E+00  7.514983E-02 -3.784910E-03  2.342751E-02  1.526898E-03  2.467284E-04
       147   1  3.444294E+00  1.223130E-01  4.932342E-03  1.054401E-02 -1.675848E-03 -3.905322E-05
       147   2  3.444294E+00  1.223130E-01  4.932342E-03  1.054401E-02  1.675848E-03  3.905322E-05
       148   1  3.426567E+00  8.363907E-02 -1.112045E-03 -1.153237E-02 -1.526170E-03  4.690849E-05
       148   2  3.426567E+00  8.363907E-02 -1.112045E-03 -1.153237E-02  1.526170E-03 -4.690849E-05
       149   1  3.403380E+00  4.713477E-02 -6.640665E-03 -4.306173E-02 -1.379217E-03  6.803954E-04
       149   2  3.403380E+00  4.713477E-02 -6.640665E-03 -4.306173E-02  1.379217E-03 -6.803954E-04
       150   1  3.436965E+00  1.574934E-01 -2.248156E-03 -1.213733E-02 -2.643502E-03  5.226683E-04
       150   2  3.436965E+00  1.574934E-01 -2.248156E-03 -1.213733E-02  2.643502E-03 -5.226683E-04
       151   1  3.446051E+00  2.417765E-01  1.077961E-02 -3.943011E-02 -2.920547E-03 -6.381865E-04
       151   2  3.446051E+00  2.417765E-01  1.077961E-02 -3.943011E-02  2.920547E-03  6.381865E-04
       152   1  3.414614E+00  7.458868E-02  2.470266E-03 -4.897792E-03 -1.381134E-03 -3.730518E-05
       152   2  3.414614E+00  7.458868E-02  2.470266E-03 -4.897792E-03  1.381134E-03  3.730518E-05
       153   1  3.432747E+00  1.459379E-01 -5.876582E-03  1.414017E-02 -2.650003E-03 -7.937550E-04
       153   2  3.432747E+00  1.459379E-01 -5.876582E-03  1.414017E-02  2.650003E-03  7.937550E-04
       154   1  3.396574E+00  2.967732E-01 -1.166289E-03 -5.461249E-03 -1.047129E-03  4.624593E-04
       154   2  3.396574E+00  2.967732E-01 -1.166289E-03 -5.461249E-03  1.047129E-03 -4.624593E-04
       155   1  3.390072E+00  6.679014E-02  1.217417E-03 -9.760765E-03 -1.139069E-03  1.017588E-04
       155   2  3.390072E+00  6.679014E-02  1.217417E-03 -9.760765E-03  1.139069E-03 -1.017588E-04
       156   1  3.295538E+00  6.335657E-02 -2.595014E-02 -1.435036E-01  5.740704E-04 -6.058498E-04
       156   2  3.295538E+00  6.335657E-02 -2.595014E-02 -1.435036E-01 -5.740704E-04  6.058498E-04
       157   1  3.402067E+00  3.164049E-01 -1.880228E-03 -1.050638E-02 -1.089560E-03 -2.643741E-03
       157   2  3.402067E+00  3.164049E-01 -1.880228E-03 -1.050638E-02  1.089560E-03  2.643741E-03
       158   1  3.372959E+00  8.960067E-02  1.139942E-02 -7.658032E-02 -2.400487E-04 -3.601833E-04
       158   2  3.372959E+00  8.960067E-02  1.139942E-02 -7.658032E-02  2.400487E-04  3.601833E-04
       159   1  3.381722E+00  1.282307E-02 -1.121259E-02  9.790983E-02  2.222566E-04 -7.338171E-05
       159   2  3.381722E+00  1.282307E-02 -1.121259E-02  9.790983E-02 -2.222566E-04  7.338171E-05
       160   1  3.363757E+00  7.338469E-02  1.757654E-03 -1.288505E-02 -7.686790E-04 -1.134553E-04
       160   2  3.363757E+00  7.338469E-02  1.757654E-03 -1.288505E-02  7.686790E-04  1.134553E-04
       161   1  3.330908E+00  1.301312E-01  1.859740E-02 -1.035023E-01  5.288292E-04 -2.970847E-03
       161   2  3.330908E+00  1.301312E-01  1.859740E-02 -1.035023E-01 -5.288292E-04  2.970847E-03
       162   1  3.278719E+00  7.955789E-02 -8.743848E-03 -7.990708E-02 -2.028107E-03 -1.409727E-03
       162   2  3.278719E+00  7.955789E-02 -8.743848E-03 -7.990708E-02  2.028107E-03  1.409727E-03
       163   1  3.331743E+00  8.561366E-02  1.794872E-03 -6.201621E-03 -8.338120E-04 -1.509391E-04
       163   2  3.331743E+00  8.561366E-02  1.794872E-03 -6.201621E-03  8.338120E-04  1.509391E-04
       164   1  3.406147E+00  6.864172E-02  1.366013E-02  9.191073E-02  2.167935E-04  3.027470E-04
       164   2  3.406147E+00  6.864172E-02  1.366013E-02  9.191073E-02 -2.167935E-04 -3.027470E-04
       165   1  3.288416E+00  9.543242E-02  2.256794E-03 -1.083045E-02 -2.010411E-03  5.330100E-04
       165   2  3.288416E+00  9.543242E-02  2.256794E-03 -1.083045E-02  2.010411E-03 -5.330100E-04
       166   1  3.317865E+00  3.667551E-02 -1.755200E-02  1.054600E-01 -9.340356E-04  9.946976E-04
       166   2  3.317865E+00  3.667551E-02 -1.755200E-02  1.054600E-01  9.340356E-04 -9.946976E-04
       167   1  3.253581E+00  1.222290E-01  9.946657E-03  2.135629E-03 -1.653240E-03  7.409493E-04
       167   2  3.253581E+00  1.222290E-01  9.946657E-03  2.135629E-03  1.653240E-03 -7.409493E-04
       168   1  3.396465E+00  8.170057E-02  1.901999E-02  1.246772E-01 -2.977408E-04  1.377400E-03
       168   2  3.396465E+00  8.170057E-02  1.901999E-02  1.246772E-01  2.977408E-04 -1.377400E-03
       169   1  3.231922E+00  6.898036E-02 -1.815199E-02  7.973770E-02 -1.654098E-03  6.777794E-04
       169   2  3.231922E+00  6.898036E-02 -1.815199E-02  7.973770E-02  1.654098E-03 -6.777794E-04
       170   1  3.260925E+00  2.758217E-02 -2.728154E-02  1.476902E-01 -1.032921E-03  1.799961E-03
       170   2  3.260925E+00  2.758217E-02 -2.728154E-02  1.476902E-01  1.032921E-03 -1.799961E-03
       171   1  3.307124E+00  1.285868E-01  2.813061E-02  1.047886E-01 -1.037883E-03  1.035016E-03
       171   2  3.307124E+00  1.285868E-01  2.813061E-02  1.047886E-01  1.037883E-03 -1.035016E-03
       172   1  3.409156E+00 -8.440255E-02 -2.442260E-02  1.931060E-01 -8.517756E-04  2.871110E-03
       172   2  3.409156E+00 -8.440255E-02 -2.442260E-02  1.931060E-01  8.517756E-04 -2.871110E-03
       173   1  3.108615E+00  5.397483E-02 -3.562327E-02  1.360618E-01 -2.510870E-03  1.865553E-03
       173   2  3.108615E+00  5.397483E-02 -3.562327E-02  1.360618E-01  2.510870E-03 -1.865553E-03
       174   1  3.273034E+00  1.403242E-01  4.941316E-02  1.685530E-01 -2.576160E-03  1.828449E-03
       174   2  3.273034E+00  1.403242E-01  4.941316E-02  1.685530E-01  2.576160E-03 -1.828449E-03
       175   1  3.457126E+00  6.371690E-03  4.262387E-02  2.202954E-01 -8.396001E-04  4.241229E-03
       175   2  3.457126E+00  6.371690E-03  4.262387E-02  2.202954E-01  8.396001E-04 -4.241229E-03
       176   1  3.159079E+00 -1.909437E-01 -7.943002E-02  3.126670E-01 -1.956430E-03  4.914713E-03
       176   2  3.159079E+00 -1.909437E-01 -7.943002E-02  3.126670E-01  1.956430E-03 -4.914713E-03
       177   1  2.917462E+00 -2.962271E-02 -6.809857E-02  2.439039E-01 -6.076158E-03  3.689501E-03
       177   2  2.917462E+00 -2.962271E-02 -6.809857E-02  2.439039E-01  6.076158E-03 -3.689501E-03
       178   1  3.919559E+00 -3.747641E-01  1.276444E-02 -2.491629E-02  1.755436E-02  3.790834E-03
       178   2  3.919559E+00 -3.747641E-01  1.276444E-02 -2.491629E-02 -1.755436E-02 -3.790834E-03
       179   1  3.971546E+00 -1.450103E-02  8.810160E-02 -1.184203E-01 -5.157380E-03  1.166931E-02
       179   2  3.971546E+00 -1.450103E-02  8.810160E-02 -1.184203E-01  5.157380E-03 -1.166931E-02
       180   1  3.060727E+00  1.452132E-01  3.967259E-02 -1.655816E-01 -6.268991E-03 -2.244354E-03
       180   2  3.060727E+00  1.452132E-01  3.967259E-02 -1.655816E-01  6.268991E-03  2.244354E-03
       181   1  3.365741E+00  3.268490E-01 -3.107203E-02 -7.057435E-02 -6.845233E-03 -4.870032E-03
       181   2  3.365741E+00  3.268490E-01 -3.107203E-02 -7.057435E-02  6.845233E-03  4.870032E-03
       182   1  3.327498E+00  5.761774E-03 -4.190434E-03  1.995413E-02  1.648563E-03 -2.199123E-03
       182   2  3.327498E+00  5.761774E-03 -4.190434E-03  1.995413E-02 -1.648563E-03  2.199123E-03
       183   1  3.444051E+00 -6.271655E-03 -1.552410E-02  1.218611E-01  5.064718E-04  1.990381E-03
       183   2  3.444051E+00 -6.271655E-03 -1.552410E-02  1.218611E-01 -5.064718E-04 -1.990381E-03
       184   1  3.403858E+00  4.164656E-01  3.273756E-03 -8.273502E-02 -7.115368E-03  3.711919E-03
       184   2  3.403858E+00  4.164656E-01  3.273756E-03 -8.273502E-02  7.115368E-03 -3.711919E-03
       185   1  2.888719E+00  2.318613E-01  1.352417E-01  1.949509E-01 -1.178947E-02 -7.748077E-04
       185   2  2.888719E+00  2.318613E-01  1.352417E-01  1.949509E-01  1.178947E-02  7.748077E-04
       186   1  3.299257E+00  1.058411E-01  9.403474E-02  2.891207E-01 -1.940654E-03  6.040744E-03
       186   2  3.299257E+00  1.058411E-01  9.403474E-02  2.891207E-01  1.940654E-03 -6.040744E-03
       187   1  1.611428E+00 -1.455731E-01 -2.166860E-01 -7.559191E-01  7.563550E-02  2.133629E-02
       187   2  1.611428E+00 -1.455731E-01 -2.166860E-01 -7.559191E-01 -7.563550E-02 -2.133629E-02
       188   1  9.204722E+00  1.600087E+00  6.816315E-01  2.329308E+00 -2.167861E-01  1.790494E-02
       188   2  9.204722E+00  1.600087E+00  6.816315E-01  2.329308E+00  2.167861E-01 -1.790494E-02
       189   1  1.253427E-01 -3.917155E+00 -4.707219E-01 -1.662313E-02  1.095214E-01 -8.298616E-02
       189   2  1.253427E-01 -3.917155E+00 -4.707219E-01 -1.662313E-02 -1.095214E-01  8.298616E-02
       190   1  8.907717E+00  1.583595E+00  7.048863E-01  1.899106E+00  2.239723E-01 -3.875452E-02
       190   2  8.907717E+00  1.583595E+00  7.048863E-01  1.899106E+00 -2.239723E-01  3.875452E-02
       191   1  5.313125E+00  9.602450E-01  3.571154E-01 -1.645681E+00  2.590696E-01 -1.070387E-01
       191   2  5.313125E+00  9.602450E-01  3.571154E-01 -1.645681E+00 -2.590696E-01  1.070387E-01
       192   1  1.142805E+01  1.585790E+00  9.771234E-01  1.045949E+00  9.049153E-02 -1.431286E-01
       192   2  1.142805E+01  1.585790E+00  9.771234E-01  1.045949E+00 -9.049153E-02  1.431286E-01
       193   1  5.828215E-01 -2.508335E+00 -2.947240E-01  7.251262E-02  2.899788E-03 -1.845551E-01
       193   2  5.828215E-01 -2.508335E+00 -2.947240E-01  7.251262E-02 -2.899788E-03  1.845551E-01
       194   1 -1.814581E-02 -4.027304E+00 -5.434992E-01  1.548732E-01  1.005681E-01  8.665252E-02
       194   2 -1.814581E-02 -4.027304E+00 -5.434992E-01  1.548732E-01 -1.005681E-01 -8.665252E-02
       195   1  2.277231E-02 -4.006138E+00 -4.799627E-01  2.086339E-01 -9.661028E-02 -6.927541E-02
       195   2  2.277231E-02 -4.006138E+00 -4.799627E-01  2.086339E-01  9.661028E-02  6.927541E-02
       196   1  9.427835E+00  1.717954E+00  7.844271E-01 -2.097654E+00 -2.136189E-01 -3.779897E-02
       196   2  9.427835E+00  1.717954E+00  7.844271E-01 -2.097654E+00  2.136189E-01  3.779897E-02
       197   1 -1.010617E-01 -3.819183E+00 -4.902971E-01  2.991424E-02 -8.988198E-02  9.012096E-02
       197   2 -1.010617E-01 -3.819183E+00 -4.902971E-01  2.991424E-02  8.988198E-02 -9.012096E-02
       198   1  8.894614E+00  1.612130E+00  7.654875E-01 -1.802383E+00  2.370162E-01  2.922825E-02
       198   2  8.894614E+00  1.612130E+00  7.654875E-01 -1.802383E+00 -2.370162E-01 -2.922825E-02
       199   1  2.534881E+00 -2.015069E-01  1.726124E-02  1.145654E+00 -1.500123E-01 -2.329570E-01
       199   2  2.534881E+00 -2.015069E-01  1.726124E-02  1.145654E+00  1.500123E-01  2.329570E-01
       200   1  2.885304E+00 -1.618652E-01  9.418277E-02 -1.123282E+00 -1.468669E-01  2.224545E-01
       200   2  2.885304E+00 -1.618652E-01  9.418277E-02 -1.123282E+00  1.468669E-01 -2.224545E-01
       201   1  1.123379E+01  1.702090E+00  9.497609E-01 -7.706297E-01  1.100902E-01  1.426448E-01
       201   2  1.123379E+01  1.702090E+00  9.497609E-01 -7.706297E-01 -1.100902E-01 -1.426448E-01
       202   1  8.572042E-01 -2.442095E+00 -3.238429E-01 -1.126635E-01 -7.411004E-03  2.167722E-01
       202   2  8.572042E-01 -2.442095E+00 -3.238429E-01 -1.126635E-01  7.411004E-03 -2.167722E-01
       203   1  2.127062E+00 -3.512059E-01 -6.845941E-02  1.043129E+00  1.439699E-01  2.123622E-01
       203   2  2.127062E+00 -3.512059E-01 -6.845941E-02  1.043129E+00 -1.439699E-01 -2.123622E-01
       204   1  7.888241E-01 -2.519122E+00 -3.367659E-01  1.352205E-01 -3.022551E-05 -2.130762E-01
       204   2  7.888241E-01 -2.519122E+00 -3.367659E-01  1.352205E-01  3.022551E-05  2.130762E-01
       205   1  2.769464E+00  1.113735E-01  1.181085E-03 -2.145411E-01 -8.232346E-03 -3.778271E-03
       205   2  2.769464E+00  1.113735E-01  1.181085E-03 -2.145411E-01  8.232346E-03  3.778271E-03
       206   1  2.577128E+00  2.629115E-01 -1.615924E-01  7.794945E-01  4.203990E-02 -1.108892E-02
       206   2  2.577128E+00  2.629115E-01 -1.615924E-01  7.794945E-01 -4.203990E-02  1.108892E-02
       207   1  1.510691E+00 -3.741860E-01  3.110085E-02  1.056451E+00 -3.641561E-04  1.505573E-01
       207   2  1.510691E+00 -3.741860E-01  3.110085E-02  1.056451E+00  3.641561E-04 -1.505573E-01
       208   1  6.963254E+00  7.608779E-01 -4.297634E-01  1.876590E-01  2.803433E-02  2.185507E-01
       208   2  6.963254E+00  7.608779E-01 -4.297634E-01  1.876590E-01 -2.803433E-02 -2.185507E-01
       209   1  7.631657E-01 -1.249149E+00 -2.369774E-01 -4.946818E-01  7.646025E-03 -1.485039E-01
       209   2  7.631657E-01 -1.249149E+00 -2.369774E-01 -4.946818E-01 -7.646025E-03  1.485039E-01
       210   1  2.723700E+00 -2.733926E-01 -3.718791E-01 -1.178431E+00 -1.350913E-01  8.441286E-02
       210   2  2.723700E+00 -2.733926E-01 -3.718791E-01 -1.178431E+00  1.350913E-01 -8.441286E-02
       211   1  5.978543E+00  6.972322E-01 -1.053504E-01  1.485261E+00 -1.741209E-01  1.280620E-02
       211   2  5.978543E+00  6.972322E-01 -1.053504E-01  1.485261E+00  1.741209E-01 -1.280620E-02
       212   1  5.336161E+00  5.828106E-01 -1.916476E-01  1.373910E+00  1.786874E-01 -3.066675E-02
       212   2  5.336161E+00  5.828106E-01 -1.916476E-01  1.373910E+00 -1.786874E-01  3.066675E-02
       213   1  6.261382E+00  6.857917E-01 -4.940426E-01 -9.793567E-01 -1.206272E-01 -1.560307E-01
       213   2  6.261382E+00  6.857917E-01 -4.940426E-01 -9.793567E-01  1.206272E-01  1.560307E-01
       214   1  1.558141E+00 -1.725729E-01 -9.474480E-02 -2.315575E-01 -5.566683E-02 -7.758305E-03
       214   2  1.558141E+00 -1.725729E-01 -9.474480E-02 -2.315575E-01  5.566683E-02  7.758305E-03
       215   1  4.439309E+00 -9.271541E-01 -4.301446E-02  1.094973E+00 -3.928410E-02 -6.310927E-02
       215   2  4.439309E+00 -9.271541E-01 -4.301446E-02  1.094973E+00  3.928410E-02  6.310927E-02
       216   1  3.748905E+00  1.999316E-01 -2.097301E-02 -1.171981E-01 -4.198788E-03 -2.123266E-02
       216   2  3.748905E+00  1.999316E-01 -2.097301E-02 -1.171981E-01  4.198788E-03  2.123266E-02
       217   1  3.385182E+00  3.828698E-03 -4.486040E-03  5.343043E-02 -1.467748E-04 -1.755581E-03
       217   2  3.385182E+00  3.828698E-03 -4.486040E-03  5.343043E-02  1.467748E-04  1.755581E-03
       218   1  3.111506E+00 -3.699521E-02 -2.494582E-02  1.167821E-01  5.827778E-03 -2.804190E-03
       218   2  3.111506E+00 -3.699521E-02 -2.494582E-02  1.167821E-01 -5.827778E-03  2.804190E-03
       219   1  2.733350E+00  1.367160E-01 -2.482560E-02 -1.478285E-02 -1.183671E-04 -1.955667E-02
       219   2  2.733350E+00  1.367160E-01 -2.482560E-02 -1.478285E-02  1.183671E-04  1.955667E-02
       220   1  2.913588E+00  8.597718E-02 -2.590354E-02 -1.443343E-01 -8.387489E-03 -1.705913E-02
       220   2  2.913588E+00  8.597718E-02 -2.590354E-02 -1.443343E-01  8.387489E-03  1.705913E-02
       221   1  3.678990E+00 -9.067140E-02 -1.794843E-02 -9.850850E-02 -5.425159E-03  2.933435E-03
       221   2  3.678990E+00 -9.067140E-02 -1.794843E-02 -9.850850E-02  5.425159E-03 -2.933435E-03
       222   1  3.634793E+00  6.866837E-03  9.169922E-03  4.736566E-02  3.049580E-03  2.662451E-03
       222   2  3.634793E+00  6.866837E-03  9.169922E-03  4.736566E-02 -3.049580E-03 -2.662451E-03
       223   1  3.324102E+00  5.826958E-03 -1.864583E-03  3.109254E-02  3.315536E-03 -9.990255E-04
       223   2  3.324102E+00  5.826958E-03 -1.864583E-03  3.109254E-02 -3.315536E-03  9.990255E-04
       224   1  3.192200E+00  2.084242E-02 -5.969790E-03  1.770662E-02  1.151183E-03 -2.176212E-03
       224   2  3.192200E+00  2.084242E-02 -5.969790E-03  1.770662E-02 -1.151183E-03  2.176212E-03
       225   1  3.192482E+00  1.989037E-02 -6.871930E-03 -1.859118E-02  1.076440E-03  2.065832E-03
       225   2  3.192482E+00  1.989037E-02 -6.871930E-03 -1.859118E-02 -1.076440E-03 -2.065832E-03
       226   1  3.962239E+00  2.874754E-02  1.630447E-02 -1.214069E-01  9.770168E-03 -7.681256E-03
       226   2  3.962239E+00  2.874754E-02  1.630447E-02 -1.214069E-01 -9.770168E-03  7.681256E-03
       227   1  4.360030E+00 -1.879928E-01 -1.201949E-02  4.853950E-02 -2.586304E-03 -4.245072E-03
       227   2  4.360030E+00 -1.879928E-01 -1.201949E-02  4.853950E-02  2.586304E-03  4.245072E-03
       228   1  3.772400E+00  4.599098E-02  3.128208E-02 -1.027080E-01  2.622397E-03 -5.866085E-03
       228   2  3.772400E+00  4.599098E-02  3.128208E-02 -1.027080E-01 -2.622397E-03  5.866085E-03
       229   1  3.129881E+00  7.203117E-03 -6.065625E-02 -1.844471E-01  1.429696E-02  2.617672E-02
       229   2  3.129881E+00  7.203117E-03 -6.065625E-02 -1.844471E-01 -1.429696E-02 -2.617672E-02
       230   1  3.292967E+00  1.249309E-01 -2.214185E-03  1.095846E-01 -1.000825E-02  3.386151E-03
       230   2  3.292967E+00  1.249309E-01 -2.214185E-03  1.095846E-01  1.000825E-02 -3.386151E-03
       231   1  3.295764E+00  1.232926E-01 -4.123900E-04 -1.086263E-01 -9.296784E-03 -2.267219E-03
       231   2  3.295764E+00  1.232926E-01 -4.123900E-04 -1.086263E-01  9.296784E-03  2.267219E-03
       232   1  3.517457E+00  1.355158E-02  8.383331E-03  4.446351E-02  3.130850E-03  3.686104E-04
       232   2  3.517457E+00  1.355158E-02  8.383331E-03  4.446351E-02 -3.130850E-03 -3.686104E-04
       233   1  4.251775E+00 -5.288352E-02  3.593987E-02 -1.081789E-01  1.233732E-03 -1.638699E-02
       233   2  4.251775E+00 -5.288352E-02  3.593987E-02 -1.081789E-01 -1.233732E-03  1.638699E-02
       234   1  3.432567E+00  1.781803E-02  3.939311E-03 -5.110913E-02  2.490173E-03 -1.033407E-04
       234   2  3.432567E+00  1.781803E-02  3.939311E-03 -5.110913E-02 -2.490173E-03  1.033407E-04
       235   1  2.850711E+00  4.943790E-02 -4.485741E-02  9.994793E-02  6.845048E-03 -1.587093E-02
       235   2  2.850711E+00  4.943790E-02 -4.485741E-02  9.994793E-02 -6.845048E-03  1.587093E-02
       236   1  3.329182E+00 -3.739442E-02 -2.886647E-02 -1.671747E-01 -1.145036E-02 -6.194492E-03
       236   2  3.329182E+00 -3.739442E-02 -2.886647E-02 -1.671747E-01  1.145036E-02  6.194492E-03
       237   1  3.270134E+00  1.536031E-01 -3.674564E-02  3.094023E-01 -2.102393E-02  2.335998E-02
       237   2  3.270134E+00  1.536031E-01 -3.674564E-02  3.094023E-01  2.102393E-02 -2.335998E-02
       238   1  3.519205E+00  2.911664E-02  1.686631E-02  1.027560E-01  1.329706E-03  1.300429E-03
       238   2  3.519205E+00  2.911664E-02  1.686631E-02  1.027560E-01 -1.329706E-03 -1.300429E-03
       239   1  3.322878E+00 -4.360862E-01 -5.467164E-02  3.810867E-01 -2.254285E-03 -8.931501E-04
       239   2  3.322878E+00 -4.360862E-01 -5.467164E-02  3.810867E-01  2.254285E-03  8.931501E-04
       240   1  3.293461E+00  6.931863E-01  2.238020E-02 -1.029890E-01  4.589732E-03  1.604112E-04
       240   2  3.293461E+00  6.931863E-01  2.238020E-02 -1.029890E-01 -4.589732E-03 -1.604112E-04
       241   1  2.597148E+00 -2.804857E-01 -1.524260E-01  4.673602E-01 -1.273606E-02  1.175697E-02
       241   2  2.597148E+00 -2.804857E-01 -1.524260E-01  4.673602E-01  1.273606E-02 -1.175697E-02
       242   1  3.350498E+00 -5.922172E-02 -6.358439E-02  1.308907E-01 -4.255328E-03 -1.234964E-02
       242   2  3.350498E+00 -5.922172E-02 -6.358439E-02  1.308907E-01  4.255328E-03  1.234964E-02
       243   1  5.890837E+00  1.034205E-01  3.425934E-01  1.069081E+00 -1.253261E-01 -5.777528E-02
       243   2  5.890837E+00  1.034205E-01  3.425934E-01  1.069081E+00  1.253261E-01  5.777528E-02
       244   1  7.267874E+00  1.295855E+00  2.154071E-01 -3.659977E-02 -7.296612E-02 -1.073426E-01
       244   2  7.267874E+00  1.295855E+00  2.154071E-01 -3.659977E-02  7.296612E-02  1.073426E-01
       245   1  3.580964E+00 -1.799562E-01 -2.846020E-02 -8.511472E-01 -2.980476E-04  2.611118E-02
       245   2  3.580964E+00 -1.799562E-01 -2.846020E-02 -8.511472E-01  2.980476E-04 -2.611118E-02
       246   1  3.335925E+00 -1.272689E+00 -4.167266E-02 -7.075204E-01  6.289788E-02 -1.188937E-01
       246   2  3.335925E+00 -1.272689E+00 -4.167266E-02 -7.075204E-01 -6.289788E-02  1.188937E-01
       247   1  3.411307E+00  5.743933E-02  9.899122E-03 -9.591873E-02  4.877035E-04  1.819319E-05
       247   2  3.411307E+00  5.743933E-02  9.899122E-03 -9.591873E-02 -4.877035E-04 -1.819319E-05
       248   1  3.418886E+00  8.759611E-02  1.860851E-02 -1.289770E-01  3.342456E-04 -7.787020E-04
       248   2  3.418886E+00  8.759611E-02  1.860851E-02 -1.289770E-01 -3.342456E-04  7.787020E-04
       249   1  3.432216E+00  8.909385E-02  7.981285E-03 -1.062312E-02 -2.171972E-03  5.061542E-04
       249   2  3.432216E+00  8.909385E-02  7.981285E-03 -1.062312E-02  2.171972E-03 -5.061542E-04
       250   1  3.456707E+00  2.068315E-01  2.307214E-02  5.744440E-02 -2.455387E-03 -1.203106E-03
       250   2  3.456707E+00  2.068315E-01  2.307214E-02  5.744440E-02  2.455387E-03  1.203106E-03
       251   1  1.611639E+00 -4.275396E-01  1.596558E-01  5.117506E-01 -5.600069E-02  3.819468E-03
       251   2  1.611639E+00 -4.275396E-01  1.596558E-01  5.117506E-01  5.600069E-02 -3.819468E-03
       252   1  3.438112E+00  1.369059E-01  3.344445E-02 -1.730202E-01  4.033538E-04 -5.222746E-04
       252   2  3.438112E+00  1.369059E-01  3.344445E-02 -1.730202E-01 -4.033538E-04  5.222746E-04
       253   1  3.987024E+00 -6.358469E-01 -1.361286E-01 -1.358118E-02  5.685425E-03  1.735737E-03
       253   2  3.987024E+00 -6.358469E-01 -1.361286E-01 -1.358118E-02 -5.685425E-03 -1.735737E-03
       254   1  5.437158E+00  8.825030E-01 -1.985030E-01  4.017703E-01  6.613231E-02  1.093504E-01
       254   2  5.437158E+00  8.825030E-01 -1.985030E-01  4.017703E-01 -6.613231E-02 -1.093504E-01
       255   1  6.522636E+00  3.522411E-01  3.321201E-01 -3.923786E-01  1.525806E-01 -2.833144E-02
       255   2  6.522636E+00  3.522411E-01  3.321201E-01 -3.923786E-01 -1.525806E-01  2.833144E-02
       256   1  7.382594E+00  1.106070E+00  2.934053E-01  2.345076E-01  1.044484E-01 -6.176826E-02
       256   2  7.382594E+00  1.106070E+00  2.934053E-01  2.345076E-01 -1.044484E-01  6.176826E-02
       257   1  8.844446E-01 -7.413220E-01 -9.715893E-02  9.727934E-01  1.188666E-01 -7.303272E-02
       257   2  8.844446E-01 -7.413220E-01 -9.715893E-02  9.727934E-01 -1.188666E-01  7.303272E-02
       258   1  3.077389E+00 -1.138034E+00  1.169160E-01  1.199527E+00 -1.340393E-02 -1.566490E-01
       258   2  3.077389E+00 -1.138034E+00  1.169160E-01  1.199527E+00  1.340393E-02  1.566490E-01
       259   1  3.166650E+00 -1.020089E+00  1.652313E-01 -1.221010E+00 -1.677347E-02  1.577655E-01
       259   2  3.166650E+00 -1.020089E+00  1.652313E-01 -1.221010E+00  1.677347E-02 -1.577655E-01
       260   1  2.936187E+00  4.799735E-01 -4.770849E-02 -8.002801E-01  3.300064E-02 -1.035860E-02
       260   2  2.936187E+00  4.799735E-01 -4.770849E-02 -8.002801E-01 -3.300064E-02  1.035860E-02
       261   1  1.177456E+00 -1.434164E+00  1.047881E-01 -5.998863E-01 -7.407706E-02 -9.066238E-02
       261   2  1.177456E+00 -1.434164E+00  1.047881E-01 -5.998863E-01  7.407706E-02  9.066238E-02
       262   1  3.835870E+00 -7.466763E-01 -5.074464E-02  2.907348E-01  1.809419E-02  1.344046E-02
       262   2  3.835870E+00 -7.466763E-01 -5.074464E-02  2.907348E-01 -1.809419E-02 -1.344046E-02
       263   1  2.885443E+00 -2.778804E-01 -8.872272E-02 -5.385328E-01 -4.765791E-03 -1.693219E-02
       263   2  2.885443E+00 -2.778804E-01 -8.872272E-02 -5.385328E-01  4.765791E-03  1.693219E-02
       264   1  7.095396E-01 -1.487205E+00  7.043348E-02  1.025258E-01 -1.187000E-01 -5.420085E-03
       264   2  7.095396E-01 -1.487205E+00  7.043348E-02  1.025258E-01  1.187000E-01  5.420085E-03
       265   1  3.412648E+00  1.025970E+00  3.984617E-02  3.988714E-01  2.143936E-02  2.961209E-02
       265   2  3.412648E+00  1.025970E+00  3.984617E-02  3.988714E-01 -2.143936E-02 -2.961209E-02
       266   1  2.992013E+00  1.738524E+00  5.232268E-03 -3.268386E-01  3.142142E-02 -1.756903E-02
       266   2  2.992013E+00  1.738524E+00  5.232268E-03 -3.268386E-01 -3.142142E-02  1.756903E-02
       267   1  3.300009E+00  1.003860E+00  4.619072E-02  1.216396E-01 -9.364516E-03 -7.028618E-04
       267   2  3.300009E+00  1.003860E+00  4.619072E-02  1.216396E-01  9.364516E-03  7.028618E-04
       268   1  3.618984E+00 -3.124303E-02  2.706300E-02 -1.757757E-01  2.498484E-03 -1.575920E-02
       268   2  3.618984E+00 -3.124303E-02  2.706300E-02 -1.757757E-01 -2.498484E-03  1.575920E-02
       269   1  3.274863E+00  9.939533E-01  3.831460E-02 -6.488497E-03 -9.732503E-03  7.892241E-04
       269   2  3.274863E+00  9.939533E-01  3.831460E-02 -6.488497E-03  9.732503E-03 -7.892241E-04
       270   1  3.331111E+00  1.014520E+00  5.062141E-02  2.630293E-01 -1.328665E-02 -2.731721E-03
       270   2  3.331111E+00  1.014520E+00  5.062141E-02  2.630293E-01  1.328665E-02  2.731721E-03
       271   1  3.316033E+00  1.007992E+00  4.393994E-02 -2.511567E-01 -1.321938E-02 -1.705847E-04
       271   2  3.316033E+00  1.007992E+00  4.393994E-02 -2.511567E-01  1.321938E-02  1.705847E-04
       272   1  3.320327E+00  8.129281E-03  3.912396E-02  6.323082E-02  1.701193E-04 -1.972470E-02
       272   2  3.320327E+00  8.129281E-03  3.912396E-02  6.323082E-02 -1.701193E-04  1.972470E-02
       273   1  3.711417E+00  8.026157E-03  4.861331E-02 -1.377250E-01 -1.220087E-03  3.539124E-04
       273   2  3.711417E+00  8.026157E-03  4.861331E-02 -1.377250E-01  1.220087E-03 -3.539124E-04
       274   1  4.011450E+00 -1.550459E-02 -8.823547E-03 -4.628476E-02  1.084916E-02 -1.200204E-02
       274   2  4.011450E+00 -1.550459E-02 -8.823547E-03 -4.628476E-02 -1.084916E-02  1.200204E-02
       275   1  3.785523E+00 -3.695654E-03 -2.674264E-02 -1.220970E-01 -2.999199E-03 -1.370916E-02
       275   2  3.785523E+00 -3.695654E-03 -2.674264E-02 -1.220970E-01  2.999199E-03  1.370916E-02
       276   1  3.406138E+00  9.809624E-03  5.809177E-02  1.388065E-01 -4.473368E-03 -9.336243E-03
       276   2  3.406138E+00  9.809624E-03  5.809177E-02  1.388065E-01  4.473368E-03  9.336243E-03
       277   1  3.479319E+00 -6.110791E-03  3.440102E-02 -1.777728E-01 -1.384858E-03 -1.267513E-02
       277   2  3.479319E+00 -6.110791E-03  3.440102E-02 -1.777728E-01  1.384858E-03  1.267513E-02
       278   1  3.493732E+00 -6.610895E-03 -1.417016E-02  5.084936E-02  1.351100E-03  1.827865E-03
       278   2  3.493732E+00 -6.610895E-03 -1.417016E-02  5.084936E-02 -1.351100E-03 -1.827865E-03
       279   1  3.582093E+00 -2.086490E-02 -4.222907E-02 -1.293669E-01  3.987907E-03 -5.040197E-03
       279   2  3.582093E+00 -2.086490E-02 -4.222907E-02 -1.293669E-01 -3.987907E-03  5.040197E-03
       280   1  3.271532E+00 -2.147955E-03  1.769803E-02 -1.069398E-01 -2.394761E-03 -2.083420E-02
       280   2  3.271532E+00 -2.147955E-03  1.769803E-02 -1.069398E-01  2.394761E-03  2.083420E-02
       281   1  3.536387E+00  3.053198E-02  8.801990E-02 -3.190795E-01 -4.093469E-03 -1.625222E-02
       281   2  3.536387E+00  3.053198E-02  8.801990E-02 -3.190795E-01  4.093469E-03  1.625222E-02
       282   1  4.625479E+00  5.402042E-01  1.083216E-01  3.389401E-01 -3.196443E-02 -3.351813E-02
       282   2  4.625479E+00  5.402042E-01  1.083216E-01  3.389401E-01  3.196443E-02  3.351813E-02
       283   1  3.360715E+00  2.069922E-02  2.590733E-03  6.779985E-02  1.502526E-04 -2.234691E-03
       283   2  3.360715E+00  2.069922E-02  2.590733E-03  6.779985E-02 -1.502526E-04  2.234691E-03
       284   1  3.516984E+00 -1.915066E-02  1.547935E-02  1.601050E-01 -2.023963E-04  2.372991E-03
       284   2  3.516984E+00 -1.915066E-02  1.547935E-02  1.601050E-01  2.023963E-04 -2.372991E-03
       285   1  4.887380E+00  4.147226E-03  1.513196E-01  1.170803E+00  7.246757E-02  7.117391E-02
       285   2  4.887380E+00  4.147226E-03  1.513196E-01  1.170803E+00 -7.246757E-02 -7.117391E-02
       286   1  5.308658E+00 -6.141455E-02 -6.410710E-02 -6.878916E-01 -1.853188E-01  4.721716E-03
       286   2  5.308658E+00 -6.141455E-02 -6.410710E-02 -6.878916E-01  1.853188E-01 -4.721716E-03
       287   1  6.887805E+00  1.228287E+00  4.949247E-02  6.241656E-01 -4.740795E-03  1.554378E-01
       287   2  6.887805E+00  1.228287E+00  4.949247E-02  6.241656E-01  4.740795E-03 -1.554378E-01
       288   1  3.721783E+00 -2.481658E-02  1.777350E-02 -3.105009E-01 -1.409915E-03 -2.756872E-03
       288   2  3.721783E+00 -2.481658E-02  1.777350E-02 -3.105009E-01  1.409915E-03  2.756872E-03
       289   1  3.874044E+00 -1.557734E-01  2.923110E-02  6.815507E-01  1.828327E-02 -1.982749E-02
       289   2  3.874044E+00 -1.557734E-01  2.923110E-02  6.815507E-01 -1.828327E-02  1.982749E-02
       290   1  4.796181E-02 -9.401735E-01 -1.412899E-01 -3.673847E-01 -1.290412E-01 -2.720721E-02
       290   2  4.796181E-02 -9.401735E-01 -1.412899E-01 -3.673847E-01  1.290412E-01  2.720721E-02
       291   1  2.641708E+00  4.998407E-02  1.975177E-03 -1.741305E-01 -9.423928E-03 -3.363285E-03
       291   2  2.641708E+00  4.998407E-02  1.975177E-03 -1.741305E-01  9.423928E-03  3.363285E-03
       292   1  3.436766E+00  4.499271E-02  1.233336E-02  1.125499E-01  5.148396E-04  1.156609E-04
       292   2  3.436766E+00  4.499271E-02  1.233336E-02  1.125499E-01 -5.148396E-04 -1.156609E-04
       293   1  3.409315E+00  3.963868E-02  5.833313E-03  8.511122E-02 -3.896816E-05  6.278907E-05
       293   2  3.409315E+00  3.963868E-02  5.833313E-03  8.511122E-02  3.896816E-05 -6.278907E-05
       294   1  3.404983E+00  4.309643E-02  4.764118E-03  6.429959E-02  1.251989E-04 -6.976448E-04
       294   2  3.404983E+00  4.309643E-02  4.764118E-03  6.429959E-02 -1.251989E-04  6.976448E-04
       295   1  3.422459E+00  7.824980E-02  9.915704E-03  1.269612E-02 -1.425259E-03 -1.070539E-03
       295   2  3.422459E+00  7.824980E-02  9.915704E-03  1.269612E-02  1.425259E-03  1.070539E-03
       296   1  3.444909E+00  1.780399E-01  1.718877E-02 -4.812848E-02 -3.218332E-03 -1.827460E-04
       296   2  3.444909E+00  1.780399E-01  1.718877E-02 -4.812848E-02  3.218332E-03  1.827460E-04
       297   1  3.384829E+00  4.361214E-01  3.272875E-03  4.666243E-02 -1.695698E-03  1.934373E-03
       297   2  3.384829E+00  4.361214E-01  3.272875E-03  4.666243E-02  1.695698E-03 -1.934373E-03
       298   1  3.411473E+00 -1.226926E-03 -1.355074E-02  9.907100E-02  6.188616E-04  1.009164E-03
       298   2  3.411473E+00 -1.226926E-03 -1.355074E-02  9.907100E-02 -6.188616E-04 -1.009164E-03
       299   1  3.809316E+00 -7.774129E-02 -1.817349E-03 -1.466934E-02  2.402568E-04  4.945490E-03
       299   2  3.809316E+00 -7.774129E-02 -1.817349E-03 -1.466934E-02 -2.402568E-04 -4.945490E-03
       300   1  6.218533E+00  1.422494E-01  1.441674E-01  4.099867E-01  1.608648E-01  2.339651E-02
       300   2  6.218533E+00  1.422494E-01  1.441674E-01  4.099867E-01 -1.608648E-01 -2.339651E-02
       301   1  3.753687E+00  1.397039E-02  2.997326E-02 -4.808848E-02 -8.414913E-04  5.665348E-03
       301   2  3.753687E+00  1.397039E-02  2.997326E-02 -4.808848E-02  8.414913E-04 -5.665348E-03
       302   1  4.801154E+00 -5.256479E-01  2.462277E-01 -1.318259E+00 -8.118331E-02  1.193285E-01
       302   2  4.801154E+00 -5.256479E-01  2.462277E-01 -1.318259E+00  8.118331E-02 -1.193285E-01
       303   1  3.444101E+00  9.725044E-02  1.713334E-02 -1.328595E-01 -9.342728E-04 -7.265275E-03
       303   2  3.444101E+00  9.725044E-02  1.713334E-02 -1.328595E-01  9.342728E-04  7.265275E-03
       304   1  3.502752E+00 -7.638802E-03 -2.946449E-02 -8.712342E-02  1.689527E-03 -5.367847E-03
       304   2  3.502752E+00 -7.638802E-03 -2.946449E-02 -8.712342E-02 -1.689527E-03  5.367847E-03
       305   1  3.432887E+00 -9.149233E-03 -1.345596E-02 -5.833281E-02  1.378042E-03 -9.400510E-04
       305   2  3.432887E+00 -9.149233E-03 -1.345596E-02 -5.833281E-02 -1.378042E-03  9.400510E-04
       306   1  3.330646E+00 -8.985935E-03  1.066954E-02  3.235271E-03 -3.090582E-03  4.388003E-03
       306   2  3.330646E+00 -8.985935E-03  1.066954E-02  3.235271E-03  3.090582E-03 -4.388003E-03
       307   1  3.349841E+00 -9.038838E-03 -3.624442E-03  2.205590E-02 -1.270769E-03  8.085770E-03
       307   2  3.349841E+00 -9.038838E-03 -3.624442E-03  2.205590E-02  1.270769E-03 -8.085770E-03
       308   1  3.304148E+00  4.736369E-01 -1.357242E-02  2.369688E-03 -3.657169E-03 -2.894373E-03
       308   2  3.304148E+00  4.736369E-01 -1.357242E-02  2.369688E-03  3.657169E-03  2.894373E-03
       309   1  3.383495E+00 -6.331148E-03 -5.606596E-03 -3.878734E-02  1.234002E-03  4.425521E-04
       309   2  3.383495E+00 -6.331148E-03 -5.606596E-03 -3.878734E-02 -1.234002E-03 -4.425521E-04
       310   1  3.330799E+00  1.980531E-04  1.308322E-02 -3.446792E-02  1.789843E-03  2.467899E-03
       310   2  3.330799E+00  1.980531E-04  1.308322E-02 -3.446792E-02 -1.789843E-03 -2.467899E-03
       311   1  3.504402E+00 -1.570767E-01  7.962771E-03  1.771025E-03 -5.199680E-03  3.166386E-03
       311   2  3.504402E+00 -1.570767E-01  7.962771E-03  1.771025E-03  5.199680E-03 -3.166386E-03
       312   1  3.414967E+00  1.045833E+00  7.114378E-02 -4.037961E-01 -5.779092E-03 -2.665374E-03
       312   2  3.414967E+00  1.045833E+00  7.114378E-02 -4.037961E-01  5.779092E-03  2.665374E-03
       313   1  3.411966E+00  1.043316E+00  6.575511E-02  4.048931E-01 -5.485463E-03  4.598826E-03
       313   2  3.411966E+00  1.043316E+00  6.575511E-02  4.048931E-01  5.485463E-03 -4.598826E-03
       314   1  3.349584E+00  3.878590E-02 -1.406309E-02 -1.058737E-01 -2.410309E-04 -5.116532E-04
       314   2  3.349584E+00  3.878590E-02 -1.406309E-02 -1.058737E-01  2.410309E-04  5.116532E-04
       315   1  3.407412E+00  6.193661E-02 -1.968521E-02 -2.218996E-03 -1.138689E-03 -2.394697E-04
       315   2  3.407412E+00  6.193661E-02 -1.968521E-02 -2.218996E-03  1.138689E-03  2.394697E-04
       316   1  7.880861E-01 -1.450037E+00  7.875594E-03  6.860714E-01 -6.868938E-02  8.466001E-02
       316   2  7.880861E-01 -1.450037E+00  7.875594E-03  6.860714E-01  6.868938E-02 -8.466001E-02
       317   1  3.312691E+00  3.261858E-01 -4.466774E-02 -1.798033E-01 -3.622263E-03  3.705706E-03
       317   2  3.312691E+00  3.261858E-01 -4.466774E-02 -1.798033E-01  3.622263E-03 -3.705706E-03
       318   1  3.276365E+00  3.233374E-01 -6.317697E-02  1.852855E-01 -2.042294E-03 -1.165004E-04
       318   2  3.276365E+00  3.233374E-01 -6.317697E-02  1.852855E-01  2.042294E-03  1.165004E-04
       319   1  3.151862E+00  6.536078E-01 -6.422941E-02  5.107799E-02 -9.093548E-03 -2.610642E-04
       319   2  3.151862E+00  6.536078E-01 -6.422941E-02  5.107799E-02  9.093548E-03  2.610642E-04
       320   1  3.150604E+00  5.951676E-01 -8.197444E-02  1.745865E-01 -1.051995E-02  1.629852E-03
       320   2  3.150604E+00  5.951676E-01 -8.197444E-02  1.745865E-01  1.051995E-02 -1.629852E-03
       321   1  3.571349E+00  3.170384E-02  9.575084E-03 -7.095420E-02  5.463739E-03 -2.676083E-03
       321   2  3.571349E+00  3.170384E-02  9.575084E-03 -7.095420E-02 -5.463739E-03  2.676083E-03
       322   1  3.153505E+00  5.215172E-02 -1.229082E-02  1.356082E-02  3.657888E-04  6.923343E-03
       322   2  3.153505E+00  5.215172E-02 -1.229082E-02  1.356082E-02 -3.657888E-04 -6.923343E-03
       323   1  3.329782E+00  1.315089E-02  1.069666E-03 -3.893155E-02  3.102359E-03  1.828427E-03
       323   2  3.329782E+00  1.315089E-02  1.069666E-03 -3.893155E-02 -3.102359E-03 -1.828427E-03
       324   1  3.237572E+00  4.819330E-03 -1.024740E-02 -3.214141E-02  5.484623E-04  3.346308E-03
       324   2  3.237572E+00  4.819330E-03 -1.024740E-02 -3.214141E-02 -5.484623E-04 -3.346308E-03
       325   1  3.635558E+00  3.938202E-01  9.521418E-02  2.907883E-01  1.536329E-02  5.418907E-03
       325   2  3.635558E+00  3.938202E-01  9.521418E-02  2.907883E-01 -1.536329E-02 -5.418907E-03
       326   1  4.936263E+00 -8.667323E-02  8.175241E-02 -2.466870E-02 -5.253949E-02 -8.751833E-03
       326   2  4.936263E+00 -8.667323E-02  8.175241E-02 -2.466870E-02  5.253949E-02  8.751833E-03
       327   1  4.706771E+00  4.650535E-02  6.920702E-03  5.270308E-01  3.504482E-02  2.911526E-02
       327   2  4.706771E+00  4.650535E-02  6.920702E-03  5.270308E-01 -3.504482E-02 -2.911526E-02
       328   1  8.782488E-01 -7.759507E-01 -9.573268E-02 -1.054459E+00  1.209256E-01  8.065333E-02
       328   2  8.782488E-01 -7.759507E-01 -9.573268E-02 -1.054459E+00 -1.209256E-01 -8.065333E-02
       329   1  3.587746E+00  2.914905E-03 -1.107959E-02  4.989972E-02  1.750163E-03  3.607090E-03
       329   2  3.587746E+00  2.914905E-03 -1.107959E-02  4.989972E-02 -1.750163E-03 -3.607090E-03
       330   1  3.860635E+00 -6.120305E-02  5.325295E-02 -1.328768E-01  4.727444E-03 -2.090384E-03
       330   2  3.860635E+00 -6.120305E-02  5.325295E-02 -1.328768E-01 -4.727444E-03  2.090384E-03
       331   1  3.656714E+00 -2.319827E-01 -4.570563E-02 -5.647554E-02 -9.463504E-04  2.217552E-03
       331   2  3.656714E+00 -2.319827E-01 -4.570563E-02 -5.647554E-02  9.463504E-04 -2.217552E-03
       332   1  3.460712E+00  2.825129E-02  1.361841E-02  8.348377E-02  1.682915E-03 -1.252690E-04
       332   2  3.460712E+00  2.825129E-02  1.361841E-02  8.348377E-02 -1.682915E-03  1.252690E-04
       333   1  3.407847E+00  7.123790E-04  4.935519E-03  3.597237E-02  1.300308E-03  1.116681E-04
       333   2  3.407847E+00  7.123790E-04  4.935519E-03  3.597237E-02 -1.300308E-03 -1.116681E-04
       334   1  3.423193E+00 -8.128031E-03 -1.016940E-02  3.985006E-02  1.648536E-03 -3.199886E-04
       334   2  3.423193E+00 -8.128031E-03 -1.016940E-02  3.985006E-02 -1.648536E-03  3.199886E-04
       335   1  3.320848E+00 -4.264967E-03  9.466452E-03  3.401648E-02  1.718327E-03 -2.503653E-03
       335   2  3.320848E+00 -4.264967E-03  9.466452E-03  3.401648E-02 -1.718327E-03  2.503653E-03
       336   1  3.330821E+00 -5.358231E-03  2.454686E-03  2.452241E-02 -3.219893E-05 -3.137812E-03
       336   2  3.330821E+00 -5.358231E-03  2.454686E-03  2.452241E-02  3.219893E-05  3.137812E-03
       337   1  3.315043E+00 -1.543791E-02  7.160813E-03 -4.816558E-03 -2.677993E-03 -4.386988E-03
       337   2  3.315043E+00 -1.543791E-02  7.160813E-03 -4.816558E-03  2.677993E-03  4.386988E-03
       338   1  3.339984E+00 -1.877412E-02 -5.700091E-03 -1.674001E-02 -1.060666E-03 -6.688914E-03
       338   2  3.339984E+00 -1.877412E-02 -5.700091E-03 -1.674001E-02  1.060666E-03  6.688914E-03
       339   1  3.184784E+00  5.853745E-01 -9.654920E-02 -2.973273E-01 -1.041289E-02  4.913145E-03
       339   2  3.184784E+00  5.853745E-01 -9.654920E-02 -2.973273E-01  1.041289E-02 -4.913145E-03
       340   1  3.189184E+00  5.928735E-01 -1.017460E-01  3.029731E-01 -1.180176E-02 -5.731403E-03
       340   2  3.189184E+00  5.928735E-01 -1.017460E-01  3.029731E-01  1.180176E-02  5.731403E-03
       341   1  3.386800E+00 -2.033489E-01 -5.332612E-02 -5.016750E-02 -6.645395E-03  8.019348E-04
       341   2  3.386800E+00 -2.033489E-01 -5.332612E-02 -5.016750E-02  6.645395E-03 -8.019348E-04
       342   1  4.162904E+00  5.330741E-01  6.428644E-02 -5.931471E-01 -5.103018E-02  7.288798E-03
       342   2  4.162904E+00  5.330741E-01  6.428644E-02 -5.931471E-01  5.103018E-02 -7.288798E-03
       343   1  3.319427E+00 -4.916971E-02 -3.467479E-03  5.838690E-02  1.650909E-04 -2.791635E-03
       343   2  3.319427E+00 -4.916971E-02 -3.467479E-03  5.838690E-02 -1.650909E-04  2.791635E-03
       344   1  4.169582E+00  5.471164E-01  6.601605E-02  5.960735E-01 -5.119334E-02 -8.661765E-03
       344   2  4.169582E+00  5.471164E-01  6.601605E-02  5.960735E-01  5.119334E-02  8.661765E-03
       345   1  3.387479E+00 -2.213919E-02  7.803789E-04  1.784595E-04  4.592481E-03  1.132835E-02
       345   2  3.387479E+00 -2.213919E-02  7.803789E-04  1.784595E-04 -4.592481E-03 -1.132835E-02
       346   1  4.915839E+00 -7.361752E-01  2.455797E-01 -2.402358E-01  5.315537E-02 -6.451491E-02
       346   2  4.915839E+00 -7.361752E-01  2.455797E-01 -2.402358E-01 -5.315537E-02  6.451491E-02
       347   1  5.636115E+00  1.020108E+00  9.368453E-02 -3.184058E-02 -1.274592E-02 -6.421969E-02
       347   2  5.636115E+00  1.020108E+00  9.368453E-02 -3.184058E-02  1.274592E-02  6.421969E-02
       348   1  4.148810E+00 -1.244182E-01 -6.417093E-02  4.801922E-01  1.001259E-02  2.024487E-02
       348   2  4.148810E+00 -1.244182E-01 -6.417093E-02  4.801922E-01 -1.001259E-02 -2.024487E-02
       349   1  3.689661E+00 -1.708645E-02  2.770360E-02 -2.322300E-02 -1.038782E-02  3.499500E-02
       349   2  3.689661E+00 -1.708645E-02  2.770360E-02 -2.322300E-02  1.038782E-02 -3.499500E-02
       350   1  3.677304E+00 -4.783630E-02 -8.605479E-03  1.997465E-01  3.805716E-03  3.812887E-02
       350   2  3.677304E+00 -4.783630E-02 -8.605479E-03  1.997465E-01 -3.805716E-03 -3.812887E-02
       351   1  3.415132E+00  2.406477E-01  2.293769E-03 -1.287841E-01 -3.147027E-03 -1.046497E-02
       351   2  3.415132E+00  2.406477E-01  2.293769E-03 -1.287841E-01  3.147027E-03  1.046497E-02
       352   1  3.330759E+00 -4.060434E-02 -1.206036E-01  4.252012E-01  1.199113E-02  1.083971E-02
       352   2  3.330759E+00 -4.060434E-02 -1.206036E-01  4.252012E-01 -1.199113E-02 -1.083971E-02
       353   1  3.601930E+00  1.079541E+00 -3.459420E-03 -5.918370E-01 -2.084260E-02  3.804979E-02
       353   2  3.601930E+00  1.079541E+00 -3.459420E-03 -5.918370E-01  2.084260E-02 -3.804979E-02
       354   1  3.367200E+00 -5.446751E-02  1.626799E-03  4.762573E-02 -9.228601E-04 -1.683019E-03
       354   2  3.367200E+00 -5.446751E-02  1.626799E-03  4.762573E-02  9.228601E-04  1.683019E-03
       355   1  3.605487E+00  1.080663E+00 -3.277476E-03  5.953262E-01 -2.122794E-02 -3.901288E-02
       355   2  3.605487E+00  1.080663E+00 -3.277476E-03  5.953262E-01  2.122794E-02  3.901288E-02
       356   1  3.513738E+00  2.902371E-02 -6.490897E-03  5.034219E-02  3.162787E-03  9.871394E-03
       356   2  3.513738E+00  2.902371E-02 -6.490897E-03  5.034219E-02 -3.162787E-03 -9.871394E-03
       357   1  3.334660E+00 -4.188319E-03  2.097897E-03 -2.528837E-02  3.043806E-04  3.161035E-03
       357   2  3.334660E+00 -4.188319E-03  2.097897E-03 -2.528837E-02 -3.043806E-04 -3.161035E-03
       358   1  4.759933E+00  6.329566E-03 -1.201218E-01 -1.609654E-01 -3.624527E-02 -1.668090E-02
       358   2  4.759933E+00  6.329566E-03 -1.201218E-01 -1.609654E-01  3.624527E-02  1.668090E-02
       359   1  4.279486E+00 -3.106060E-01  5.540377E-02 -1.903035E-01  5.478135E-03  2.334815E-03
       359   2  4.279486E+00 -3.106060E-01  5.540377E-02 -1.903035E-01 -5.478135E-03 -2.334815E-03
       360   1  5.431869E+00  9.051166E-01  5.861231E-02  3.791346E-01 -7.185264E-03  7.950379E-02
       360   2  5.431869E+00  9.051166E-01  5.861231E-02  3.791346E-01  7.185264E-03 -7.950379E-02
       361   1  4.623348E+00 -6.085943E-01 -1.678602E-01  2.959042E-01 -4.413732E-02 -7.493320E-03
       361   2  4.623348E+00 -6.085943E-01 -1.678602E-01  2.959042E-01  4.413732E-02  7.493320E-03
       362   1  4.996138E+00 -3.471126E-01  1.481333E-01  3.452770E-01  3.324085E-02 -3.674424E-03
       362   2  4.996138E+00 -3.471126E-01  1.481333E-01  3.452770E-01 -3.324085E-02  3.674424E-03
       363   1  3.853748E+00 -1.784442E-01 -4.170123E-02 -3.434079E-01  1.241045E-03 -3.551856E-03
       363   2  3.853748E+00 -1.784442E-01 -4.170123E-02 -3.434079E-01 -1.241045E-03  3.551856E-03
       364   1  3.676685E+00  1.032585E-02  1.719049E-03  3.140443E-02  8.233444E-05  4.852120E-03
       364   2  3.676685E+00  1.032585E-02  1.719049E-03  3.140443E-02 -8.233444E-05 -4.852120E-03
       365   1  3.481371E+00 -1.366544E-01  1.463526E-01  5.190818E-01 -1.794051E-03  1.861725E-02
       365   2  3.481371E+00 -1.366544E-01  1.463526E-01  5.190818E-01  1.794051E-03 -1.861725E-02
       366   1  3.120338E+00 -3.700369E-02 -5.063592E-02 -3.887594E-01 -2.990243E-03 -1.661766E-02
       366   2  3.120338E+00 -3.700369E-02 -5.063592E-02 -3.887594E-01  2.990243E-03  1.661766E-02
       367   1  5.498563E+00  1.163842E+00 -1.218602E-01  2.386210E-01 -1.121772E-02  1.099754E-01
       367   2  5.498563E+00  1.163842E+00 -1.218602E-01  2.386210E-01  1.121772E-02 -1.099754E-01
       368   1  4.813404E+00  5.502888E-02  1.461813E-01 -2.494760E-01 -4.168612E-02  2.703601E-02
       368   2  4.813404E+00  5.502888E-02  1.461813E-01 -2.494760E-01  4.168612E-02 -2.703601E-02
       369   1  3.535409E+00  1.199484E+00  8.900399E-02 -8.177061E-02  4.670078E-02  6.936782E-03
       369   2  3.535409E+00  1.199484E+00  8.900399E-02 -8.177061E-02 -4.670078E-02 -6.936782E-03
       370   1  3.457032E+00  8.821409E-01  2.778343E-02  3.473102E-01  3.931711E-02 -1.020184E-02
       370   2  3.457032E+00  8.821409E-01  2.778343E-02  3.473102E-01 -3.931711E-02  1.020184E-02
       371   1  2.521413E+00 -2.821721E-01  1.776607E-01 -5.525650E-01 -3.906556E-02 -2.955269E-02
       371   2  2.521413E+00 -2.821721E-01  1.776607E-01 -5.525650E-01  3.906556E-02  2.955269E-02
       372   1  3.283776E+00  6.641731E-01  1.579519E-02 -1.135030E-01  4.643024E-03 -1.350925E-03
       372   2  3.283776E+00  6.641731E-01  1.579519E-02 -1.135030E-01 -4.643024E-03  1.350925E-03
       373   1  2.786494E+00 -6.628845E-01 -1.078943E-01 -1.395020E+00  3.705367E-02  5.925998E-02
       373   2  2.786494E+00 -6.628845E-01 -1.078943E-01 -1.395020E+00 -3.705367E-02 -5.925998E-02
       374   1  3.786550E+00 -3.967329E-01 -1.430719E-01 -1.562306E-02 -5.127167E-03  3.410585E-03
       374   2  3.786550E+00 -3.967329E-01 -1.430719E-01 -1.562306E-02  5.127167E-03 -3.410585E-03
       375   1  4.785379E+00 -4.259941E-01  1.413087E-01  3.215107E-01 -4.326066E-02 -6.846269E-03
       375   2  4.785379E+00 -4.259941E-01  1.413087E-01  3.215107E-01  4.326066E-02  6.846269E-03
       376   1  2.399176E+00  4.679876E-02  2.421790E-01  2.858556E-02  6.892381E-02 -2.356711E-03
       376   2  2.399176E+00  4.679876E-02  2.421790E-01  2.858556E-02 -6.892381E-02  2.356711E-03
       377   1  3.489369E+00  6.929796E-01  9.805088E-03 -3.510033E-01  2.582294E-02 -1.054362E-02
       377   2  3.489369E+00  6.929796E-01  9.805088E-03 -3.510033E-01 -2.582294E-02  1.054362E-02
       378   1  3.428893E+00  8.920273E-02 -4.151511E-02 -3.112547E-01  8.276323E-03 -3.285416E-03
       378   2  3.428893E+00  8.920273E-02 -4.151511E-02 -3.112547E-01 -8.276323E-03  3.285416E-03
       379   1  3.466692E+00  3.986764E-01  3.617080E-02  1.820516E-01 -3.480042E-03  3.459277E-04
       379   2  3.466692E+00  3.986764E-01  3.617080E-02  1.820516E-01  3.480042E-03 -3.459277E-04
       380   1  3.152945E+00  6.796857E-01 -5.170431E-02 -4.992688E-02 -1.222796E-02 -4.820373E-03
       380   2  3.152945E+00  6.796857E-01 -5.170431E-02 -4.992688E-02  1.222796E-02  4.820373E-03
       381   1  3.169594E+00  6.674745E-01 -5.205450E-02 -1.861952E-01 -1.541825E-02  4.062998E-03
       381   2  3.169594E+00  6.674745E-01 -5.205450E-02 -1.861952E-01  1.541825E-02 -4.062998E-03
       382   1  3.364888E+00  7.543121E-01  6.833212E-02  7.600009E-02 -1.336632E-03 -5.866851E-04
       382   2  3.364888E+00  7.543121E-01  6.833212E-02  7.600009E-02  1.336632E-03  5.866851E-04
       383   1  3.653200E+00 -7.883090E-02 -2.092955E-04  6.179163E-02  5.737169E-05  4.313964E-03
       383   2  3.653200E+00 -7.883090E-02 -2.092955E-04  6.179163E-02 -5.737169E-05 -4.313964E-03
       384   1  3.364435E+00 -2.954349E-03 -2.105985E-02  1.643824E-01 -6.282792E-04  2.088201E-03
       384   2  3.364435E+00 -2.954349E-03 -2.105985E-02  1.643824E-01  6.282792E-04 -2.088201E-03
       385   1  3.597454E+00 -2.086511E-01  6.319363E-02  2.694592E-01 -7.226558E-03  1.931898E-03
       385   2  3.597454E+00 -2.086511E-01  6.319363E-02  2.694592E-01  7.226558E-03 -1.931898E-03
       386   1  3.646333E+00 -1.472085E-01  6.512074E-02 -9.877011E-01  1.371952E-02  2.669902E-02
       386   2  3.646333E+00 -1.472085E-01  6.512074E-02 -9.877011E-01 -1.371952E-02 -2.669902E-02
       387   1  3.609345E+00 -2.395605E-01 -7.561585E-02 -2.107982E-01 -9.403682E-04 -5.509580E-03
       387   2  3.609345E+00 -2.395605E-01 -7.561585E-02 -2.107982E-01  9.403682E-04  5.509580E-03
       388   1  3.482819E+00  3.488074E-01  3.395930E-02 -1.831616E-01 -5.799235E-03  2.443986E-03
       388   2  3.482819E+00  3.488074E-01  3.395930E-02 -1.831616E-01  5.799235E-03 -2.443986E-03
       389   1  2.620487E+00 -9.318094E-01  4.337204E-02  1.237531E+00 -2.345226E-02  6.915892E-02
       389   2  2.620487E+00 -9.318094E-01  4.337204E-02  1.237531E+00  2.345226E-02 -6.915892E-02
       390   1  7.781780E+00  1.530377E+00  3.494655E-01 -1.018098E-02  4.144611E-02 -1.068078E-01
       390   2  7.781780E+00  1.530377E+00  3.494655E-01 -1.018098E-02 -4.144611E-02  1.068078E-01
       391   1  4.992663E+00 -5.478531E-01  1.867897E-01 -7.470567E-01  1.349513E-01 -9.706080E-02
       391   2  4.992663E+00 -5.478531E-01  1.867897E-01 -7.470567E-01 -1.349513E-01  9.706080E-02
       392   1  2.843952E+00  1.955783E+00  5.723624E-04  1.696937E-01  4.891461E-02  3.655346E-03
       392   2  2.843952E+00  1.955783E+00  5.723624E-04  1.696937E-01 -4.891461E-02 -3.655346E-03
       393   1  4.173332E+00 -5.193185E-01  8.586438E-02  8.305112E-01  1.190842E-01  1.269149E-01
       393   2  4.173332E+00 -5.193185E-01  8.586438E-02  8.305112E-01 -1.190842E-01 -1.269149E-01
       394   1  3.468918E+00  3.997880E-02  1.710067E-02  1.400119E-01  4.862356E-04  1.209633E-03
       394   2  3.468918E+00  3.997880E-02  1.710067E-02  1.400119E-01 -4.862356E-04 -1.209633E-03
       395   1  3.229340E+00 -6.303686E-01 -6.012022E-02  1.140651E+00  1.648910E-02 -2.418132E-02
       395   2  3.229340E+00 -6.303686E-01 -6.012022E-02  1.140651E+00 -1.648910E-02  2.418132E-02
       396   1  6.780454E+00  5.631568E-01  2.431269E-01 -9.562748E-01 -1.435317E-01 -1.156375E-02
       396   2  6.780454E+00  5.631568E-01  2.431269E-01 -9.562748E-01  1.435317E-01  1.156375E-02
       397   1  7.594641E+00  1.155946E+00  2.734655E-01  4.498238E-01 -1.344574E-01  9.538642E-02
       397   2  7.594641E+00  1.155946E+00  2.734655E-01  4.498238E-01  1.344574E-01 -9.538642E-02
       398   1  3.488743E+00  7.232780E-01  8.528543E-02 -3.146872E-01 -5.550655E-03  5.466667E-03
       398   2  3.488743E+00  7.232780E-01  8.528543E-02 -3.146872E-01  5.550655E-03 -5.466667E-03
       399   1  3.365455E+00  1.553758E-02 -1.761229E-02  1.271253E-01 -2.726692E-04  6.921218E-04
       399   2  3.365455E+00  1.553758E-02 -1.761229E-02  1.271253E-01  2.726692E-04 -6.921218E-04
       400   1  3.372863E+00  3.884872E-01  1.558494E-02 -1.703165E-01 -2.514843E-03 -2.235802E-02
       400   2  3.372863E+00  3.884872E-01  1.558494E-02 -1.703165E-01  2.514843E-03  2.235802E-02
       401   1  3.762459E+00 -2.357678E-02  8.445968E-03  3.778735E-02  1.774957E-03  3.622191E-03
       401   2  3.762459E+00 -2.357678E-02  8.445968E-03  3.778735E-02 -1.774957E-03 -3.622191E-03
       402   1  5.626728E+00  1.150677E+00 -2.316465E-01 -2.166263E-01 -4.914216E-03 -1.369743E-01
       402   2  5.626728E+00  1.150677E+00 -2.316465E-01 -2.166263E-01  4.914216E-03  1.369743E-01
       403   1  3.421383E+00 -1.003766E+00 -1.781712E-01 -7.954909E-01  4.613163E-02 -7.368076E-02
       403   2  3.421383E+00 -1.003766E+00 -1.781712E-01 -7.954909E-01 -4.613163E-02  7.368076E-02
       404   1  3.395366E+00  1.257517E-02 -8.352924E-03  7.555738E-02 -4.552795E-04 -2.657554E-04
       404   2  3.395366E+00  1.257517E-02 -8.352924E-03  7.555738E-02  4.552795E-04  2.657554E-04
       405   1  3.404002E+00  4.146154E-02 -2.226086E-02  2.407353E-03 -1.774246E-03 -1.335516E-03
       405   2  3.404002E+00  4.146154E-02 -2.226086E-02  2.407353E-03  1.774246E-03  1.335516E-03
       406   1  3.383634E+00  4.218929E-01  4.398783E-03  5.288711E-02 -2.498363E-03 -3.436065E-03
       406   2  3.383634E+00  4.218929E-01  4.398783E-03  5.288711E-02  2.498363E-03  3.436065E-03
       407   1  3.816283E+00  2.113856E-02  4.925575E-02 -5.997305E-01 -8.409118E-03 -7.460625E-03
       407   2  3.816283E+00  2.113856E-02  4.925575E-02 -5.997305E-01  8.409118E-03  7.460625E-03
       408   1  4.150844E+00 -6.180004E-01 -1.459089E-01  8.222195E-01 -8.220362E-02 -4.228472E-02
       408   2  4.150844E+00 -6.180004E-01 -1.459089E-01  8.222195E-01  8.220362E-02  4.228472E-02
       409   1  4.207178E+00 -6.358863E-01 -1.304321E-01 -3.129475E-01 -2.002905E-02  1.020765E-02
       409   2  4.207178E+00 -6.358863E-01 -1.304321E-01 -3.129475E-01  2.002905E-02 -1.020765E-02
       410   1  3.818795E+00  3.502412E-01  7.447361E-03 -3.277077E-01  7.823953E-03 -1.766822E-02
       410   2  3.818795E+00  3.502412E-01  7.447361E-03 -3.277077E-01 -7.823953E-03  1.766822E-02
       411   1  4.025985E+00  7.362766E-01  3.707434E-02  4.257404E-02 -8.259568E-03 -3.018305E-02
       411   2  4.025985E+00  7.362766E-01  3.707434E-02  4.257404E-02  8.259568E-03  3.018305E-02
       412   1  3.408843E+00  4.691729E-03 -1.778021E-03  3.928864E-02  1.205677E-03  3.663617E-05
       412   2  3.408843E+00  4.691729E-03 -1.778021E-03  3.928864E-02 -1.205677E-03 -3.663617E-05
       413   1  3.487253E+00  7.404402E-01  9.105300E-02  2.958998E-01 -6.639868E-03 -6.103926E-03
       413   2  3.487253E+00  7.404402E-01  9.105300E-02  2.958998E-01  6.639868E-03  6.103926E-03
       414   1  3.235875E+00  1.031466E-02 -8.013294E-03  2.925524E-02  4.659331E-04 -3.519736E-03
       414   2  3.235875E+00  1.031466E-02 -8.013294E-03  2.925524E-02 -4.659331E-04  3.519736E-03
       415   1  2.325406E+00 -6.729036E-01 -1.627692E-01 -8.464000E-01 -3.834771E-02 -5.326173E-02
       415   2  2.325406E+00 -6.729036E-01 -1.627692E-01 -8.464000E-01  3.834771E-02  5.326173E-02
       416   1  3.151944E+00  6.018988E-02 -1.021971E-02 -1.358723E-02 -4.067617E-04 -6.174325E-03
       416   2  3.151944E+00  6.018988E-02 -1.021971E-02 -1.358723E-02  4.067617E-04  6.174325E-03
       417   1  3.431105E+00  7.250879E-01  3.077926E-02 -3.887445E-01  2.061004E-02 -1.925831E-02
       417   2  3.431105E+00  7.250879E-01  3.077926E-02 -3.887445E-01 -2.061004E-02  1.925831E-02
       418   1  2.033438E+00 -5.935141E-01  1.243273E-01  6.798145E-01 -2.036485E-02  7.635080E-02
       418   2  2.033438E+00 -5.935141E-01  1.243273E-01  6.798145E-01  2.036485E-02 -7.635080E-02
       419   1  3.897995E+00 -4.612965E-02  4.833020E-02 -3.002848E-01  1.859088E-03 -7.081081E-03
       419   2  3.897995E+00 -4.612965E-02  4.833020E-02 -3.002848E-01 -1.859088E-03  7.081081E-03
       420   1  3.396545E+00  2.359216E-01 -5.212162E-02  3.030843E-01 -1.352219E-02  7.381386E-03
       420   2  3.396545E+00  2.359216E-01 -5.212162E-02  3.030843E-01  1.352219E-02 -7.381386E-03
       421   1  4.255353E+00  3.479627E-01  1.108174E-03 -4.660476E-01  2.630266E-02 -3.344534E-02
       421   2  4.255353E+00  3.479627E-01  1.108174E-03 -4.660476E-01 -2.630266E-02  3.344534E-02
       422   1  2.758645E+00  3.697407E-01 -2.284043E-02 -2.733870E-02 -2.243442E-03  4.165505E-02
       422   2  2.758645E+00  3.697407E-01 -2.284043E-02 -2.733870E-02  2.243442E-03 -4.165505E-02
       423   1  3.269473E+00  9.898877E-01  3.015271E-02 -1.233633E-01 -1.717534E-02  1.627283E-03
       423   2  3.269473E+00  9.898877E-01  3.015271E-02 -1.233633E-01  1.717534E-02 -1.627283E-03
       424   1  3.724963E+00  4.976192E-02 -1.455346E-02 -3.316637E-01  8.054833E-03 -1.583319E-02
       424   2  3.724963E+00  4.976192E-02 -1.455346E-02 -3.316637E-01 -8.054833E-03  1.583319E-02
       425   1  4.017946E+00 -3.482896E-01 -1.149314E-02 -4.559334E-01 -7.236962E-03 -8.264147E-03
       425   2  4.017946E+00 -3.482896E-01 -1.149314E-02 -4.559334E-01  7.236962E-03  8.264147E-03
       426   1  7.379541E+00  1.415780E+00  3.973505E-01 -5.436144E-01 -6.663347E-02 -6.569582E-02
       426   2  7.379541E+00  1.415780E+00  3.973505E-01 -5.436144E-01  6.663347E-02  6.569582E-02
       427   1  2.518419E+00 -1.098460E+00  1.700932E-01 -1.084951E+00 -2.892224E-02 -1.578819E-01
       427   2  2.518419E+00 -1.098460E+00  1.700932E-01 -1.084951E+00  2.892224E-02  1.578819E-01
       428   1  6.776661E+00  5.541285E-01  2.543609E-01  4.129023E-01 -1.748173E-01  1.557214E-02
       428   2  6.776661E+00  5.541285E-01  2.543609E-01  4.129023E-01  1.748173E-01 -1.557214E-02
       429   1  2.999998E+00 -1.125915E+00  9.408210E-02  1.058496E+00  3.797385E-02  1.181352E-01
       429   2  2.999998E+00 -1.125915E+00  9.408210E-02  1.058496E+00 -3.797385E-02 -1.181352E-01
       430   1  4.452150E+00 -1.457670E-02  1.693581E-01  1.846841E-01 -3.982850E-04  7.810490E-03
       430   2  4.452150E+00 -1.457670E-02  1.693581E-01  1.846841E-01  3.982850E-04 -7.810490E-03
       431   1  3.559927E+00 -2.190632E-01  8.860678E-03  1.616348E-01 -6.706289E-03  1.002032E-02
       431   2  3.559927E+00 -2.190632E-01  8.860678E-03  1.616348E-01  6.706289E-03 -1.002032E-02
       432   1  1.920207E+00 -9.639411E-01 -9.976998E-02 -1.488960E+00  6.340100E-02  1.237067E-01
       432   2  1.920207E+00 -9.639411E-01 -9.976998E-02 -1.488960E+00 -6.340100E-02 -1.237067E-01
       433   1  1.636676E+00 -1.020082E+00 -1.910095E-01  1.321479E+00  7.406303E-02 -1.062304E-01
       433   2  1.636676E+00 -1.020082E+00 -1.910095E-01  1.321479E+00 -7.406303E-02  1.062304E-01
       434   1  5.466327E+00  5.434072E-01 -1.227234E-01  1.082616E-01  1.060971E-01 -6.210885E-02
       434   2  5.466327E+00  5.434072E-01 -1.227234E-01  1.082616E-01 -1.060971E-01  6.210885E-02
       435   1  5.350342E+00  1.692125E-01 -1.959674E-01  9.137325E-02  9.943621E-02  5.318901E-02
       435   2  5.350342E+00  1.692125E-01 -1.959674E-01  9.137325E-02 -9.943621E-02 -5.318901E-02
       436   1  1.017114E-01 -9.721389E-01 -1.393652E-01  4.253871E-01 -1.234882E-01  3.213576E-03
       436   2  1.017114E-01 -9.721389E-01 -1.393652E-01  4.253871E-01  1.234882E-01 -3.213576E-03
       437   1  3.095403E+00 -9.195077E-01 -1.658073E-01 -1.183019E+00 -1.525612E-02  8.348988E-02
       437   2  3.095403E+00 -9.195077E-01 -1.658073E-01 -1.183019E+00  1.525612E-02 -8.348988E-02
       438   1  3.993163E+00 -8.884888E-01 -1.790634E-01  5.293595E-01  4.148089E-03 -3.285873E-02
       438   2  3.993163E+00 -8.884888E-01 -1.790634E-01  5.293595E-01 -4.148089E-03  3.285873E-02
       439   1  3.466240E+00 -9.915723E-02 -1.005132E-01 -1.867945E-01 -1.727790E-02 -7.433883E-03
       439   2  3.466240E+00 -9.915723E-02 -1.005132E-01 -1.867945E-01  1.727790E-02  7.433883E-03
       440   1  3.507076E+00 -9.729134E-02 -9.542292E-02  2.067515E-01 -1.763302E-02  7.909030E-03
       440   2  3.507076E+00 -9.729134E-02 -9.542292E-02  2.067515E-01  1.763302E-02 -7.909030E-03
       441   1  3.383661E+00  1.271778E-02  3.797557E-02  9.057752E-02  3.491029E-03 -1.340867E-03
       441   2  3.383661E+00  1.271778E-02  3.797557E-02  9.057752E-02 -3.491029E-03  1.340867E-03
       442   1  8.402081E-01 -8.120957E-01 -3.560949E-02  9.078127E-01 -7.485788E-02  1.184973E-01
       442   2  8.402081E-01 -8.120957E-01 -3.560949E-02  9.078127E-01  7.485788E-02 -1.184973E-01
       443   1  2.232363E+00 -9.276676E-02 -3.472550E-01  1.422677E+00  1.320402E-01  1.105889E-01
       443   2  2.232363E+00 -9.276676E-02 -3.472550E-01  1.422677E+00 -1.320402E-01 -1.105889E-01
       444   1  6.419950E+00 -4.789690E-01 -9.167282E-01  1.242042E+00 -1.390802E-01  1.222400E-01
       444   2  6.419950E+00 -4.789690E-01 -9.167282E-01  1.242042E+00  1.390802E-01 -1.222400E-01
       445   1  1.285515E-01 -1.205952E+00  1.156876E-01  3.116934E-02 -8.936142E-02  8.918724E-02
       445   2  1.285515E-01 -1.205952E+00  1.156876E-01  3.116934E-02  8.936142E-02 -8.918724E-02
       446   1  2.949066E+00  1.027444E-01 -1.846790E-01 -1.194254E+00  1.246354E-01 -1.086399E-01
       446   2  2.949066E+00  1.027444E-01 -1.846790E-01 -1.194254E+00 -1.246354E-01  1.086399E-01
       447   1  6.934787E+00 -3.006284E-01 -8.391607E-01 -2.611486E-01  4.769366E-02 -1.862099E-01
       447   2  6.934787E+00 -3.006284E-01 -8.391607E-01 -2.611486E-01 -4.769366E-02  1.862099E-01
       448   1  4.881741E+00  1.548322E-01 -6.720826E-01 -1.677708E+00 -1.557960E-01 -2.933930E-02
       448   2  4.881741E+00  1.548322E-01 -6.720826E-01 -1.677708E+00  1.557960E-01  2.933930E-02
       449   1  2.444387E+00 -1.772624E-01 -3.877913E-01  1.587063E+00 -1.474555E-01 -1.097847E-01
       449   2  2.444387E+00 -1.772624E-01 -3.877913E-01  1.587063E+00  1.474555E-01  1.097847E-01
       450   1  3.049054E+00 -8.081588E-01 -1.084457E-01  1.116228E+00  3.777890E-02  1.168691E-01
       450   2  3.049054E+00 -8.081588E-01 -1.084457E-01  1.116228E+00 -3.777890E-02 -1.168691E-01
       451   1  5.355387E+00  8.189534E-01 -1.469605E-01 -2.737492E-01 -1.061989E-01 -7.260194E-02
       451   2  5.355387E+00  8.189534E-01 -1.469605E-01 -2.737492E-01  1.061989E-01  7.260194E-02
       452   1  5.612304E+00  7.205427E-01 -1.494383E-01  2.377760E-01 -1.035483E-01  8.680193E-02
       452   2  5.612304E+00  7.205427E-01 -1.494383E-01  2.377760E-01  1.035483E-01 -8.680193E-02
       453   1  9.521011E-01 -9.905649E-01 -1.504280E-01 -7.845130E-01 -8.064882E-02 -1.072752E-01
       453   2  9.521011E-01 -9.905649E-01 -1.504280E-01 -7.845130E-01  8.064882E-02  1.072752E-01
       454   1  2.413891E+00 -6.418458E-01 -2.066409E-01  7.672392E-01 -1.437159E-02  2.673354E-02
       454   2  2.413891E+00 -6.418458E-01 -2.066409E-01  7.672392E-01  1.437159E-02 -2.673354E-02
       455   1  2.200267E+00  7.256176E-01 -1.795610E-01 -1.641742E-01  4.892894E-02  6.871396E-03
       455   2  2.200267E+00  7.256176E-01 -1.795610E-01 -1.641742E-01 -4.892894E-02 -6.871396E-03
       456   1  5.874439E+00  1.076223E+00 -6.006199E-02 -8.197068E-02 -2.883783E-02  1.058025E-01
       456   2  5.874439E+00  1.076223E+00 -6.006199E-02 -8.197068E-02  2.883783E-02 -1.058025E-01
       457   1  4.156162E+00 -2.046198E-02  2.829822E-02 -4.415756E-01  2.059330E-02 -7.994147E-03
       457   2  4.156162E+00 -2.046198E-02  2.829822E-02 -4.415756E-01 -2.059330E-02  7.994147E-03
       458   1  3.731497E+00  5.631159E-02  7.326642E-02  1.778578E-01 -5.516206E-03 -6.321752E-03
       458   2  3.731497E+00  5.631159E-02  7.326642E-02  1.778578E-01  5.516206E-03  6.321752E-03
       459   1  1.429242E+00 -4.701222E-01  1.479289E-01 -3.393935E-01 -5.641889E-02 -1.277394E-02
       459   2  1.429242E+00 -4.701222E-01  1.479289E-01 -3.393935E-01  5.641889E-02  1.277394E-02
       460   1  3.968293E+00 -1.442319E-01  8.070242E-02 -1.449280E-01 -8.457428E-03 -2.020855E-02
       460   2  3.968293E+00 -1.442319E-01  8.070242E-02 -1.449280E-01  8.457428E-03  2.020855E-02
       461   1  2.706812E+00 -1.076601E+00 -1.670659E-01  9.353237E-01 -2.180054E-02  6.221176E-02
       461   2  2.706812E+00 -1.076601E+00 -1.670659E-01  9.353237E-01  2.180054E-02 -6.221176E-02
       462   1  3.467699E+00  3.656538E-02 -2.777705E-02 -3.053260E-01 -1.329451E-03 -9.478967E-03
       462   2  3.467699E+00  3.656538E-02 -2.777705E-02 -3.053260E-01  1.329451E-03  9.478967E-03
       463   1  4.493419E+00  4.219997E-01 -4.592697E-02 -2.270030E-01  1.057238E-02 -3.387301E-02
       463   2  4.493419E+00  4.219997E-01 -4.592697E-02 -2.270030E-01 -1.057238E-02  3.387301E-02
       464   1  1.059963E+00 -2.864123E-01 -4.771956E-02 -3.320039E-01 -5.921341E-02 -9.953238E-03
       464   2  1.059963E+00 -2.864123E-01 -4.771956E-02 -3.320039E-01  5.921341E-02  9.953238E-03
       465   1  4.589858E+00 -7.622433E-01  1.770973E-01  1.269864E+00 -1.131504E-01 -1.447844E-01
       465   2  4.589858E+00 -7.622433E-01  1.770973E-01  1.269864E+00  1.131504E-01  1.447844E-01
       466   1  5.636794E+00  6.637685E-01  8.381548E-02  5.376391E-01  4.427028E-02  5.029365E-02
       466   2  5.636794E+00  6.637685E-01  8.381548E-02  5.376391E-01 -4.427028E-02 -5.029365E-02
       467   1  5.644389E+00  6.840740E-01  3.137645E-02  1.027329E-01 -1.647309E-02  7.635497E-02
       467   2  5.644389E+00  6.840740E-01  3.137645E-02  1.027329E-01  1.647309E-02 -7.635497E-02
       468   1  4.962057E+00 -2.238355E-01 -2.045215E-01  7.101213E-01 -8.810068E-02 -1.386981E-03
       468   2  4.962057E+00 -2.238355E-01 -2.045215E-01  7.101213E-01  8.810068E-02  1.386981E-03
       469   1  5.736493E+00  7.998331E-01 -1.875510E-01 -9.201610E-02 -3.568333E-02 -9.534551E-02
       469   2  5.736493E+00  7.998331E-01 -1.875510E-01 -9.201610E-02  3.568333E-02  9.534551E-02
       470   1  2.457964E+00 -1.115946E+00 -1.406258E-01 -8.341025E-01 -2.383519E-02 -7.132420E-02
       470   2  2.457964E+00 -1.115946E+00 -1.406258E-01 -8.341025E-01  2.383519E-02  7.132420E-02
       471   1  2.298434E+00 -7.320573E-01  1.492426E-01 -9.922041E-01 -1.095578E-02 -8.824822E-02
       471   2  2.298434E+00 -7.320573E-01  1.492426E-01 -9.922041E-01  1.095578E-02  8.824822E-02
       472   1  3.988855E+00  2.526347E-01  1.672705E-01  4.849314E-01 -1.940309E-02  3.321871E-03
       472   2  3.988855E+00  2.526347E-01  1.672705E-01  4.849314E-01  1.940309E-02 -3.321871E-03
       473   1  3.231147E+00  5.868504E-01  2.405529E-01  2.323916E-01  4.042751E-02 -5.838811E-03
       473   2  3.231147E+00  5.868504E-01  2.405529E-01  2.323916E-01 -4.042751E-02  5.838811E-03
       474   1  4.261688E+00 -5.808046E-01  4.477231E-02  4.820043E-01  4.998626E-02  1.568646E-02
       474   2  4.261688E+00 -5.808046E-01  4.477231E-02  4.820043E-01 -4.998626E-02 -1.568646E-02
       475   1  4.946263E+00  8.551212E-01  9.222473E-03 -2.524852E-01 -3.541351E-02  8.262490E-02
       475   2  4.946263E+00  8.551212E-01  9.222473E-03 -2.524852E-01  3.541351E-02 -8.262490E-02
       476   1  1.470665E+00 -1.301468E-01 -2.479840E-01  4.205901E-01  7.437166E-02 -1.113413E-02
       476   2  1.470665E+00 -1.301468E-01 -2.479840E-01  4.205901E-01 -7.437166E-02  1.113413E-02
       477   1  3.324413E+00 -5.742422E-01  1.741689E-01  1.206890E+00  1.400911E-02 -7.852186E-02
       477   2  3.324413E+00 -5.742422E-01  1.741689E-01  1.206890E+00 -1.400911E-02  7.852186E-02
       478   1  3.313470E+00  4.716846E-01 -1.015639E-01 -4.423778E-01 -5.465288E-03 -2.152150E-03
       478   2  3.313470E+00  4.716846E-01 -1.015639E-01 -4.423778E-01  5.465288E-03  2.152150E-03
       479   1  3.377313E+00 -5.437763E-02 -1.324645E-02  6.247812E-02 -1.427651E-03 -3.002727E-03
       479   2  3.377313E+00 -5.437763E-02 -1.324645E-02  6.247812E-02  1.427651E-03  3.002727E-03
       480   1  3.316672E+00  4.920717E-01 -9.671344E-02  4.416011E-01 -3.638887E-03  1.578769E-03
       480   2  3.316672E+00  4.920717E-01 -9.671344E-02  4.416011E-01  3.638887E-03 -1.578769E-03
       481   1  4.414778E+00  4.969106E-01 -5.788966E-02 -9.365603E-02 -4.249254E-03 -3.522379E-02
       481   2  4.414778E+00  4.969106E-01 -5.788966E-02 -9.365603E-02  4.249254E-03  3.522379E-02
       482   1  4.204239E+00 -6.559332E-01  2.497545E-02 -8.509466E-01 -2.261113E-02  2.573356E-02
       482   2  4.204239E+00 -6.559332E-01  2.497545E-02 -8.509466E-01  2.261113E-02 -2.573356E-02
       483   1  3.369024E+00  2.126254E-01 -6.626303E-02 -2.874121E-01 -1.114850E-02 -1.034133E-02
       483   2  3.369024E+00  2.126254E-01 -6.626303E-02 -2.874121E-01  1.114850E-02  1.034133E-02
       484   1  3.346683E+00 -1.141173E-01 -1.005076E-01  1.559548E-01  8.877544E-03 -5.007048E-03
       484   2  3.346683E+00 -1.141173E-01 -1.005076E-01  1.559548E-01 -8.877544E-03  5.007048E-03
       485   1  3.462224E+00 -1.027938E+00 -1.718147E-01 -6.090163E-01  6.866845E-04 -5.302277E-02
       485   2  3.462224E+00 -1.027938E+00 -1.718147E-01 -6.090163E-01 -6.866845E-04  5.302277E-02
       486   1  4.730762E+00  1.058964E+00 -2.443820E-02  1.028060E-01 -1.850465E-02 -6.686037E-02
       486   2  4.730762E+00  1.058964E+00 -2.443820E-02  1.028060E-01  1.850465E-02  6.686037E-02
       487   1  3.623576E+00  6.375258E-01  1.182822E-01 -4.099346E-01 -1.651912E-02 -3.349403E-03
       487   2  3.623576E+00  6.375258E-01  1.182822E-01 -4.099346E-01  1.651912E-02  3.349403E-03
       488   1  3.611627E+00  6.499079E-01  1.089833E-01  4.107071E-01 -1.646482E-02  3.392212E-03
       488   2  3.611627E+00  6.499079E-01  1.089833E-01  4.107071E-01  1.646482E-02 -3.392212E-03
       489   1  3.344719E+00 -7.145275E-02 -1.760480E-02  8.483669E-02  3.788021E-03 -3.567642E-03
       489   2  3.344719E+00 -7.145275E-02 -1.760480E-02  8.483669E-02 -3.788021E-03  3.567642E-03
       490   1  4.149352E+00 -7.765296E-01 -6.464818E-02 -9.187445E-01  2.639434E-03  3.658204E-02
       490   2  4.149352E+00 -7.765296E-01 -6.464818E-02 -9.187445E-01 -2.639434E-03 -3.658204E-02
       491   1  4.408133E+00 -4.596602E-01 -2.298094E-01 -4.875112E-01  9.935354E-02 -3.205078E-02
       491   2  4.408133E+00 -4.596602E-01 -2.298094E-01 -4.875112E-01 -9.935354E-02  3.205078E-02
       492   1  5.810855E+00  9.991383E-01 -1.852137E-01 -2.199191E-01  6.153915E-02 -1.115465E-01
       492   2  5.810855E+00  9.991383E-01 -1.852137E-01 -2.199191E-01 -6.153915E-02  1.115465E-01
       493   1  2.400577E+00 -7.488010E-02  1.804406E-01  6.057185E-01  5.298755E-02 -3.344731E-02
       493   2  2.400577E+00 -7.488010E-02  1.804406E-01  6.057185E-01 -5.298755E-02  3.344731E-02
       494   1  4.162256E+00  4.678241E-01 -6.068566E-03 -4.468928E-01  1.556138E-02 -2.485066E-02
       494   2  4.162256E+00  4.678241E-01 -6.068566E-03 -4.468928E-01 -1.556138E-02  2.485066E-02
       495   1  3.076715E+00 -9.496325E-01 -1.482146E-01  1.266574E+00 -1.070039E-03 -8.642038E-02
       495   2  3.076715E+00 -9.496325E-01 -1.482146E-01  1.266574E+00  1.070039E-03  8.642038E-02
       496   1  4.125221E+00 -1.035482E+00  7.119670E-02  9.636509E-01  4.940969E-02  1.058422E-01
       496   2  4.125221E+00 -1.035482E+00  7.119670E-02  9.636509E-01 -4.940969E-02 -1.058422E-01
       497   1  3.279088E+00  5.308840E-01  1.755431E-01 -5.328884E-01  4.230505E-02  1.595936E-02
       497   2  3.279088E+00  5.308840E-01  1.755431E-01 -5.328884E-01 -4.230505E-02 -1.595936E-02
       498   1  5.794706E+00  2.426322E-01  9.566552E-03  1.324737E-01 -7.308020E-02  2.530197E-02
       498   2  5.794706E+00  2.426322E-01  9.566552E-03  1.324737E-01  7.308020E-02 -2.530197E-02
       499   1  3.822753E+00 -5.029167E-01  2.154467E-01  6.403165E-01  1.133244E-02  3.848831E-02
       499   2  3.822753E+00 -5.029167E-01  2.154467E-01  6.403165E-01 -1.133244E-02 -3.848831E-02
       500   1  5.553236E+00 -1.472688E-01 -7.280461E-03  6.312303E-02  6.443385E-02  1.126994E-02
       500   2  5.553236E+00 -1.472688E-01 -7.280461E-03  6.312303E-02 -6.443385E-02 -1.126994E-02
       501   1  5.762734E+00  3.375889E-01  8.559438E-02 -3.730710E-01  9.763965E-02 -2.403948E-02
       501   2  5.762734E+00  3.375889E-01  8.559438E-02 -3.730710E-01 -9.763965E-02  2.403948E-02
       502   1  3.985660E+00 -9.095497E-01  4.313851E-02 -1.378205E+00 -1.632552E-02  8.307610E-02
       502   2  3.985660E+00 -9.095497E-01  4.313851E-02 -1.378205E+00  1.632552E-02 -8.307610E-02
       503   1  3.973955E+00 -6.859413E-01 -1.134704E-01 -5.441896E-02  2.505652E-02 -3.322022E-03
       503   2  3.973955E+00 -6.859413E-01 -1.134704E-01 -5.441896E-02 -2.505652E-02  3.322022E-03
       504   1  3.736408E+00 -9.705107E-01  1.499444E-01 -9.169993E-01  2.002238E-03 -5.978285E-02
       504   2  3.736408E+00 -9.705107E-01  1.499444E-01 -9.169993E-01 -2.002238E-03  5.978285E-02
       505   1  5.689385E+00  7.251527E-01  6.583146E-03 -1.775795E-01 -2.007937E-02 -6.497575E-02
       505   2  5.689385E+00  7.251527E-01  6.583146E-03 -1.775795E-01  2.007937E-02  6.497575E-02
       506   1  4.348546E+00 -3.020741E-01  6.288121E-02 -4.535198E-01  2.020428E-03 -3.483510E-03
       506   2  4.348546E+00 -3.020741E-01  6.288121E-02 -4.535198E-01 -2.020428E-03  3.483510E-03
       507   1  4.827746E+00  5.916019E-01  3.714392E-03  5.743757E-01  4.414552E-02  5.023798E-02
       507   2  4.827746E+00  5.916019E-01  3.714392E-03  5.743757E-01 -4.414552E-02 -5.023798E-02
       508   1  2.119320E+00 -5.004735E-01 -1.836263E-01  1.121071E+00  5.343452E-02 -4.687082E-02
       508   2  2.119320E+00 -5.004735E-01 -1.836263E-01  1.121071E+00 -5.343452E-02  4.687082E-02
       509   1  3.517924E+00 -4.120495E-01 -1.721622E-01  2.638933E-01 -1.654759E-02  9.924419E-03
       509   2  3.517924E+00 -4.120495E-01 -1.721622E-01  2.638933E-01  1.654759E-02 -9.924419E-03
       510   1  2.461911E+00 -6.074596E-01 -1.793432E-02 -7.109800E-01 -2.619845E-03 -5.516431E-02
       510   2  2.461911E+00 -6.074596E-01 -1.793432E-02 -7.109800E-01  2.619845E-03  5.516431E-02
       511   1  1.862720E+00 -1.190994E+00  9.920174E-02  1.096914E+00 -4.589139E-02  1.494549E-01
       511   2  1.862720E+00 -1.190994E+00  9.920174E-02  1.096914E+00  4.589139E-02 -1.494549E-01
       512   1  1.911832E+00 -1.016447E+00 -8.164070E-02  9.973459E-01 -2.614084E-02  6.974097E-02
       512   2  1.911832E+00 -1.016447E+00 -8.164070E-02  9.973459E-01  2.614084E-02 -6.974097E-02
       513   1  1.010974E+00 -8.585659E-01 -2.204390E-01 -6.612100E-01 -6.159873E-02 -3.445213E-02
       513   2  1.010974E+00 -8.585659E-01 -2.204390E-01 -6.612100E-01  6.159873E-02  3.445213E-02
       514   1  4.472252E+00 -5.141087E-01  2.082244E-01 -3.017324E-01  3.437012E-02 -2.143527E-02
       514   2  4.472252E+00 -5.141087E-01  2.082244E-01 -3.017324E-01 -3.437012E-02  2.143527E-02
