case_id,width,height,hole_radius,hole_center_x,hole_center_y,thickness,edge_load,mesh_size_far,mesh_size_hole,refine_distance,young,poisson,max_displacement,max_von_mises
plate_000,153.2451062181176,94.47114414806137,8.291337399506867,112.85897693745457,66.76139661321608,7.540847434061397,582.4690703008825,8.0,2.5,12.0,210000.0,0.3,0.0006452718834107702,2.377480543621057
plate_001,164.64378975968316,86.92386186542865,14.377124577631614,87.89718319339576,53.73912122594353,6.334279803034997,1331.3922327152259,8.0,2.5,12.0,210000.0,0.3,0.002400153292828733,8.564150448089762
plate_002,137.21499144498438,65.5228847867422,9.309741795017976,108.5123828813729,28.08027476693672,5.303721160137397,1176.7105630791057,8.0,2.5,12.0,210000.0,0.3,0.0025841494145446083,11.287353603765897
plate_003,143.88717892047808,76.81503228632292,13.097690534393351,46.75324554619567,25.406712143860204,10.036656805639211,990.8965047091075,8.0,2.5,12.0,210000.0,0.3,0.0012715602642281805,5.011699191565607
plate_004,179.70771554469954,88.10185252325803,9.757995502434644,101.20101845807513,23.511805589148192,11.950544816316773,506.8758080743975,8.0,2.5,12.0,210000.0,0.3,0.00047520721614950975,1.5769456510689255
plate_005,148.69539519102133,76.0050493736563,10.122691942036257,64.02812259316177,50.83716437101128,8.733752492668948,598.5987665830296,8.0,2.5,12.0,210000.0,0.3,0.0007702317207199987,2.9853373060092143
plate_006,120.40254311617558,62.971693859535414,9.34535295181225,95.85008598754055,31.18049419386832,4.491823744062649,1295.522043145963,8.0,2.5,12.0,210000.0,0.3,0.0032060909963104282,15.496661888644182
plate_007,167.36089836807528,95.05455543642213,12.589926269880877,70.56610934046095,34.441572218931775,11.968039646893711,670.4968128077313,8.0,2.5,12.0,210000.0,0.3,0.0005625067213427854,1.9547354274976014
plate_008,152.36990089887786,97.20811480406836,8.397712366322233,51.70622794643596,71.01729481617701,7.747208999541145,1308.115385343333,8.0,2.5,12.0,210000.0,0.3,0.0014101990599418367,5.25638960679138
plate_009,146.83362197816757,72.98546611101033,9.357916518427444,84.19851326608463,45.00367948473801,9.260104048763637,931.9870450462917,8.0,2.5,12.0,210000.0,0.3,0.0010860138004928344,4.3019659608734315
plate_010,171.09834335662612,80.96761500306695,8.175938235376137,70.11178523251125,52.591043116729324,10.159791113299262,1180.3630462162193,8.0,2.5,12.0,210000.0,0.3,0.0012742439516042444,4.227800112053355
plate_011,138.55586430001378,81.91231233510364,11.997835000188847,82.45493159623658,41.24028502220503,9.95761956683938,1060.3490742632534,8.0,2.5,12.0,210000.0,0.3,0.000989069285841308,4.1999926154278375
plate_012,155.29571055745757,70.72803165165199,10.148443030718912,57.13287376989706,49.52214954037245,6.254730653732377,493.2658352585353,8.0,2.5,12.0,210000.0,0.3,0.0010500545914616678,4.081379081725972
plate_013,147.38303053936932,70.11741122053013,11.028766879728774,100.38711059869208,23.55397914427692,11.963199696349157,1125.014380238632,8.0,2.5,12.0,210000.0,0.3,0.001148376184862713,4.760802979929392
plate_014,165.90983989545077,98.18721111629509,11.810942050317568,46.42178508291506,52.471476938461635,5.0764492087325,592.2687338266261,8.0,2.5,12.0,210000.0,0.3,0.0010297446611200517,3.571124702298666
plate_015,160.00520823338502,77.25892584744926,10.081654659575292,87.03734984015688,29.538897346631835,10.403916240696898,1110.8042761498073,8.0,2.5,12.0,210000.0,0.3,0.0011948840592443434,4.242127561178723
plate_016,163.55497110949926,72.01034902427666,10.51945705250322,133.09879323418204,24.285212839036713,6.514213265121857,1240.648811328283,8.0,2.5,12.0,210000.0,0.3,0.0024537193862834926,9.435643336829663
plate_017,138.68939898309355,67.26580664724939,9.024854799109066,87.55540865133844,27.70409114363137,11.241666147283473,651.2035495117354,8.0,2.5,12.0,210000.0,0.3,0.0006290329087674292,2.676171208034131
plate_018,154.29045248155728,65.98617387396166,11.42709250567398,62.657727273587284,23.55878715228643,6.80344285239406,919.2394387787593,8.0,2.5,12.0,210000.0,0.3,0.001974949564047753,7.635984468532697
plate_019,156.85119250863892,66.8562426772559,9.079208888179245,88.83746421316559,31.30277683448339,6.268698166141798,674.9640615191727,8.0,2.5,12.0,210000.0,0.3,0.0013003930640917345,4.8011241785971865
plate_020,152.78143250108366,87.21900285376418,15.128956716350341,53.60363981837667,55.10340886068092,11.326851818369795,731.3045152129317,8.0,2.5,12.0,210000.0,0.3,0.0007512073009592558,2.7448367287289477
plate_021,178.45209736533621,67.06771942890504,8.066293591690279,146.36338834880024,28.699071025716684,8.135055402108769,1073.978183879,8.0,2.5,12.0,210000.0,0.3,0.0018050577457713825,6.080068082684492
plate_022,136.91863246782236,78.6197660640504,8.394005554258694,106.9439800794784,39.81234397016572,4.947171267635406,1128.5704421709877,8.0,2.5,12.0,210000.0,0.3,0.0021027354326700843,8.94046005809078
plate_023,177.12314417810254,81.66074728800179,13.493397755651014,62.412999358337785,42.75977699086461,5.833501288768455,1169.7497016976104,8.0,2.5,12.0,210000.0,0.3,0.002380258099185078,8.059135629634833
plate_024,168.57750196082975,76.22366308521336,10.375255198677106,124.94647426709196,51.043610118794284,11.553145032000991,563.5372551789187,8.0,2.5,12.0,210000.0,0.3,0.000584717132146744,2.1937827150989744
plate_025,132.02896464739518,72.67120500721252,10.754360989746829,37.551585804923555,43.3996176797815,4.015609957626188,1349.2086146075978,8.0,2.5,12.0,210000.0,0.3,0.0035203526765159483,14.804117490812212
plate_026,150.7459946837021,76.14938424324009,8.27725115157766,79.60355343508604,26.51145176897129,4.5524923134495845,626.3309755151636,8.0,2.5,12.0,210000.0,0.3,0.0014355705840226073,5.402896330643357
plate_027,170.8763752449301,76.96406667695588,11.80045187189206,89.69328957325206,25.649235611033156,9.123151352681921,1116.2388968718574,8.0,2.5,12.0,210000.0,0.3,0.001616227177757199,5.774340763627399
plate_028,121.44272544877606,82.4333802887887,10.912737050226422,94.09818988746068,55.94731443102468,6.4384009831381555,1393.8642205196306,8.0,2.5,12.0,210000.0,0.3,0.00196090610696632,9.681125409226317
plate_029,146.93726407599394,81.32214185850899,11.788099827335559,52.23667515675136,35.79575963979292,5.3174494527294645,850.6286958852597,8.0,2.5,12.0,210000.0,0.3,0.0015989378189331471,6.321364253565161
plate_030,161.11142272225504,91.76935577864714,14.90458006263587,80.13879700017048,59.418301801831106,7.817902662098776,502.1754180238215,8.0,2.5,12.0,210000.0,0.3,0.0007120869081991186,2.6229701077569474
plate_031,165.70088354046405,76.67502732525406,11.784952392705211,45.324205626190036,50.50358390504179,7.5170411695395,1210.8659964303397,8.0,2.5,12.0,210000.0,0.3,0.0021371635529947165,7.463359363079938
plate_032,165.05069941007017,82.7081377746202,12.297361640471852,126.51447926427748,37.800966240814205,5.432887387362204,1288.9025978366867,8.0,2.5,12.0,210000.0,0.3,0.0026840735267981393,9.824704727382766
plate_033,166.8003248728411,94.22326921046906,13.240723511786168,128.41570486844117,30.493083710810648,8.019388354615462,1126.3458546155339,8.0,2.5,12.0,210000.0,0.3,0.001471386843306766,5.557824294730591
plate_034,120.4985147390481,69.17664729885469,9.274570057979513,39.1282011537085,39.30544195914646,7.7642564939619465,898.899064482247,8.0,2.5,12.0,210000.0,0.3,0.0010979616510247525,5.084364736292757
plate_035,128.03352293442697,62.234945052042704,8.113039858408031,36.334967438445254,20.080279291810196,5.091482056427151,1362.3263563141281,8.0,2.5,12.0,210000.0,0.3,0.0031534602556307274,13.799764863183
plate_036,139.6544956649558,74.4321011971349,8.604683974474002,30.187171333912744,44.74103788356366,8.448192829808255,813.2519791133982,8.0,2.5,12.0,210000.0,0.3,0.0009583940007106263,3.7676105048105466
plate_037,124.80521700744154,77.52559453051815,12.014021427238909,29.817734352875092,41.51490063204128,7.597385808656523,1172.3407830183173,8.0,2.5,12.0,210000.0,0.3,0.001384559247687451,6.215344977860545
plate_038,126.52599837873329,75.86414118933575,12.889410548513723,40.79356141521404,28.384938104025913,5.864579206609782,845.9976592746673,8.0,2.5,12.0,210000.0,0.3,0.001574769310301001,6.87098457197284
plate_039,147.88742815845106,85.38841319095951,15.237029031001107,84.61897132448556,42.714689506823916,5.218620020868133,822.4559355444464,8.0,2.5,12.0,210000.0,0.3,0.0016016972410457522,6.425695052304726
plate_040,120.09287472582672,83.2412106701477,12.405735793892635,39.42903370208654,26.614879108270177,9.54706955298057,1266.0099699305888,8.0,2.5,12.0,210000.0,0.3,0.0012711843709899049,5.783549005559521
plate_041,166.11061495872693,78.10144680838565,13.383391943148691,42.80576364638237,44.17148845573716,8.578266223487567,1096.4048105590075,8.0,2.5,12.0,210000.0,0.3,0.0015785968536700433,5.633389575674086
plate_042,123.87437354722584,61.2359489201715,8.791292781823106,80.33110217437095,42.22169757296542,5.456783419357173,621.2382381728539,8.0,2.5,12.0,210000.0,0.3,0.0013294777259939333,6.220347063839284
plate_043,125.7714114897876,76.41749633809212,9.212058295559835,48.21141921911415,27.976681194779324,11.505442751623832,719.7696981190127,8.0,2.5,12.0,210000.0,0.3,0.0005694855954485592,2.507367555504743
plate_044,165.22653140108565,91.50699067826443,15.397350232959681,42.85400371668358,36.765927278571496,8.259261770037273,972.3053802676828,8.0,2.5,12.0,210000.0,0.3,0.0013139474691554606,4.623364600988374
plate_045,123.18226300324638,62.44648932873767,9.854241651254016,53.07225837467112,40.5212659245396,5.193613446527121,1054.0790472373806,8.0,2.5,12.0,210000.0,0.3,0.0024428065679511016,11.180419801797537
plate_046,160.45801554680992,80.42641610364782,12.185185561821248,31.57624259295652,29.589498497215992,11.093303589178547,645.4834328210395,8.0,2.5,12.0,210000.0,0.3,0.0006918757203807776,2.4755608808386316
plate_047,156.66381886269335,96.04788227912346,16.2126913799814,37.97271207235132,32.30848352872153,6.680066857670253,1088.974230839833,8.0,2.5,12.0,210000.0,0.3,0.0018692288189153543,6.643493727429744
plate_048,168.44149744421267,60.924562572187305,8.759136262587603,59.27748380928847,25.084358848204765,5.330840105318991,771.1253448211497,8.0,2.5,12.0,210000.0,0.3,0.002136282153370205,7.29768548674026
plate_049,155.1619476547611,73.3915585214351,8.808207737978506,115.3862464753733,32.70991463800097,5.2907232520856216,1184.4505946775648,8.0,2.5,12.0,210000.0,0.3,0.002455751740832581,9.366671253367063
plate_050,149.38506468534328,72.79846569164265,8.52670014876358,52.6710618092405,20.034283521075942,7.471296746552362,1104.8925000423226,8.0,2.5,12.0,210000.0,0.3,0.0017170752608264583,6.81743548312465
plate_051,137.801083491996,72.560600562624,8.29585720599925,111.6922622467039,21.083634693686367,5.02677004554276,628.2520526834933,8.0,2.5,12.0,210000.0,0.3,0.0012970811281335683,5.576496533899618
plate_052,171.13194115714384,64.3783748566942,8.905614947678135,42.686634255556754,36.97963117123498,9.934613092749316,941.3117457219657,8.0,2.5,12.0,210000.0,0.3,0.0013306446673724583,4.596290700209038
plate_053,179.9532029410134,84.54451189830367,12.391469109095432,109.80212875101783,52.1650132454437,7.708959051783118,571.5228651263681,8.0,2.5,12.0,210000.0,0.3,0.0008751215673739735,2.913685295512992
plate_054,177.4554630241309,79.83561186301367,8.461684802376444,132.89600041199952,56.292492294288564,4.871669913025992,1019.0050240986703,8.0,2.5,12.0,210000.0,0.3,0.0024055702923611354,8.220001025740835
plate_055,165.2638059555938,62.848248572587096,8.9834701785069,95.58060715761886,21.3686779040354,5.049158610399338,994.5269508563787,8.0,2.5,12.0,210000.0,0.3,0.0028726598979389277,10.478707273929071
plate_056,156.81202506817286,78.82315437660064,9.604623085847356,110.62803751929181,25.105339262143485,11.488537759506979,1153.6458717543862,8.0,2.5,12.0,210000.0,0.3,0.0010689872646606974,4.138957511638243
plate_057,137.36714161540607,77.95954516268277,11.417434672267284,88.79258401230273,42.287272041757795,7.650240886475032,405.5161754801708,8.0,2.5,12.0,210000.0,0.3,0.0005157667975617027,2.194718299032592
plate_058,124.30412867445312,74.13436216073671,9.165131343165031,55.73554134686125,29.910906109125712,9.413230373630032,420.58718751553334,8.0,2.5,12.0,210000.0,0.3,0.0004042532922087227,1.8495317461214555
plate_059,121.22575016073834,66.13127109076689,11.307093253693436,37.52161078280868,25.64731789248697,11.29750558890618,938.8925646771609,8.0,2.5,12.0,210000.0,0.3,0.0009582559037544199,4.453531952946838
plate_060,163.07284216950458,69.93635178936651,9.506362872216961,64.17328886578181,27.18207548685387,7.317566412412106,942.3107942385145,8.0,2.5,12.0,210000.0,0.3,0.0016322764109424114,5.762824394566977
plate_061,152.55300372487562,98.42769715642888,9.129238470719937,29.303120154371257,55.0678591937719,8.507729991592953,1059.796240161002,8.0,2.5,12.0,210000.0,0.3,0.000978308779655079,3.5459400487737476
plate_062,166.620381423207,89.06717736433296,13.789019304397216,51.57221331420132,27.15564481074214,8.811365747072365,487.2791265424742,8.0,2.5,12.0,210000.0,0.3,0.0006909811826204025,2.4216942587109553
plate_063,165.7284137318453,71.87265253345848,10.94957548160402,36.385513779034284,48.22091023775977,6.341861367816905,532.2968779798401,8.0,2.5,12.0,210000.0,0.3,0.0011902748306456832,4.202234337135688
plate_064,148.06341773013793,87.14920377975078,8.229200246153958,83.81870554925317,25.471481635791548,5.73040726418492,729.0676800265479,8.0,2.5,12.0,210000.0,0.3,0.0011400007151158458,4.376930288052905
plate_065,123.27149526191074,96.21525176584841,17.275976750937254,41.274486890018686,45.40309392710172,9.699387857644417,936.816646045266,8.0,2.5,12.0,210000.0,0.3,0.0007535177053329287,3.4280083302559206
plate_066,154.92267225847556,95.20911258038552,16.36866651755625,60.484128898249224,58.73684364288039,4.610794263534974,910.6153309327581,8.0,2.5,12.0,210000.0,0.3,0.0020945550005698485,7.6977901516685785
plate_067,145.3124003630238,88.71496501799038,8.849692884323856,109.45030235738619,43.98714149197569,9.142061887301567,548.2393451117298,8.0,2.5,12.0,210000.0,0.3,0.0005130748563499454,2.073186033986119
plate_068,149.68757234824378,94.66031128703379,15.178719530014085,63.12607991910751,30.581188097908274,7.247548861098347,668.8997185998883,8.0,2.5,12.0,210000.0,0.3,0.0009904676501643504,3.848887070534478
plate_069,172.97443370141457,64.80289301683958,11.471155995217565,52.138894555888626,22.707358095700915,4.239506822037564,488.73278489965253,8.0,2.5,12.0,210000.0,0.3,0.001953638791944215,6.663610305446968
plate_070,142.41066474509682,91.68391003014807,10.10145594897922,78.99869936012887,47.04044042158135,9.857599229692394,1317.581297613201,8.0,2.5,12.0,210000.0,0.3,0.0010718314956025437,4.4364183549013125
plate_071,171.9677348918946,73.29344006788622,8.761065933897497,141.50905685073135,46.738006892341346,10.344224771136622,727.6027788676854,8.0,2.5,12.0,210000.0,0.3,0.0008677814382535861,3.138516511113983
plate_072,161.94473253103973,80.67574710739314,8.089115002185048,40.361499350772306,45.84528654531553,5.647285590851006,695.2941435962866,8.0,2.5,12.0,210000.0,0.3,0.0012542125101886682,4.412736164154751
plate_073,121.95671479489808,99.89969068445835,14.249871991971075,39.32647922328275,49.804483884360934,4.570430896409279,614.4565057509269,8.0,2.5,12.0,210000.0,0.3,0.000911335345775565,4.165185582516632
plate_074,178.31123164350717,91.03775954741614,13.051583314137122,48.294264912941365,30.413393439795406,6.949131448747106,1024.2303721066285,8.0,2.5,12.0,210000.0,0.3,0.001752684600746934,5.5996278767694
plate_075,144.57358438126468,75.40857691443952,10.116595228386258,113.86178437407732,32.41455334258444,5.80830454636508,418.87343477846474,8.0,2.5,12.0,210000.0,0.3,0.0007710273772185618,3.25156737601122
plate_076,152.19229566008673,65.6518358785761,10.193335729190322,61.654119205004676,38.62384205977624,4.972823708973751,985.9752948955129,8.0,2.5,12.0,210000.0,0.3,0.002568104192130841,9.903164654576267
plate_077,147.26037599685273,81.46566800592538,13.346592929019756,62.87951905791546,36.76253974162927,8.445190648682935,649.4386250673816,8.0,2.5,12.0,210000.0,0.3,0.0007911176658501376,3.1730131229437277
plate_078,158.3939821655899,67.76537333350782,9.58460221089132,101.04837847294456,44.60198457587454,6.01809773908842,1277.631527223191,8.0,2.5,12.0,210000.0,0.3,0.002755746715457371,10.41739301056373
plate_079,160.92538563869715,75.35025179397245,11.281589440357081,96.32570253430072,30.490746104271878,11.908611188819208,864.9588341496118,8.0,2.5,12.0,210000.0,0.3,0.0008523676587527826,3.2135526578542746
plate_080,150.45293006454833,75.74471756820054,11.38952222422811,100.02108979787516,30.438746753958355,7.167339320415551,888.6026407153252,8.0,2.5,12.0,210000.0,0.3,0.0013569131724839876,5.4991045443157756
plate_081,136.349375580186,64.53488770920843,11.245805716300595,99.39344003114776,23.903675226948543,4.100613249662884,1371.6688455043022,8.0,2.5,12.0,210000.0,0.3,0.004198669069954513,19.064812937153153
plate_082,124.51133203965077,87.61893615956212,12.285331985112599,83.41946663571787,45.60916110105982,4.189024326154657,434.98798163848903,8.0,2.5,12.0,210000.0,0.3,0.0008636455985686338,3.975805125707022
plate_083,124.75093725793332,83.36338768911989,8.054545817587538,63.91179063927182,24.44129868531321,4.0869944307019574,1361.3880900263723,8.0,2.5,12.0,210000.0,0.3,0.0026816015349156257,11.96790296825462
plate_084,168.24339507667656,65.39232275125926,9.74231698586254,54.4319496612534,41.58669455164466,7.918136477382779,805.4096766460864,8.0,2.5,12.0,210000.0,0.3,0.0014852679451991954,5.103584561165659
plate_085,140.64318933179968,83.7913470167928,14.28582121685853,97.26455479661043,48.30634729835268,4.93840200024894,556.3618533044618,8.0,2.5,12.0,210000.0,0.3,0.0011700465964054638,4.928603973636717
plate_086,159.71940113007886,72.3467289013567,9.06985562571667,130.74651579974164,24.421943709623488,10.584794774388204,682.423909222161,8.0,2.5,12.0,210000.0,0.3,0.000769937941969597,2.9304234667217957
plate_087,138.08014189906174,78.97295532561998,10.55461508220382,53.34845456874896,44.078492419201595,8.853424123849646,788.923454394369,8.0,2.5,12.0,210000.0,0.3,0.0008405022228516947,3.569759630568131
plate_088,125.43929946772951,78.69138019348544,11.21203095037694,82.73334333184977,53.295141383518,6.006546239641997,1215.879089681559,8.0,2.5,12.0,210000.0,0.3,0.0018895962569723433,8.796026097234959
plate_089,138.27845893940136,83.86790885216371,10.425135608031479,62.126694099202155,36.85094612048695,4.302801921894028,1343.9988178507754,8.0,2.5,12.0,210000.0,0.3,0.002730751891914086,11.306464416476837
plate_090,143.5685992873795,71.14572263931859,12.556425936831761,31.503945021441943,38.208930572035094,8.410304150423197,1328.0746205848059,8.0,2.5,12.0,210000.0,0.3,0.0018111024996711946,7.330987758806386
plate_091,123.68331149227714,85.57988115735145,11.4918466118106,78.10413130404572,33.60228752116236,10.97418492661866,921.031374877044,8.0,2.5,12.0,210000.0,0.3,0.0006894764665220616,3.189816233441398
plate_092,161.7308819319288,90.94498375571763,11.65183026423312,130.24068883757852,33.500309681925,7.859947600855672,1062.1605546408082,8.0,2.5,12.0,210000.0,0.3,0.0013774696525976748,5.238423378781134
plate_093,153.6737684093026,72.93221493878954,8.779535419132966,83.50904484127273,45.567674747479614,4.042106630385953,413.3649910079499,8.0,2.5,12.0,210000.0,0.3,0.0011428575951997737,4.19870228681528
plate_094,131.11462773280502,73.20422456811201,10.163323594596921,98.29890863957779,36.67440294616626,4.694161431937606,1069.4474905803836,8.0,2.5,12.0,210000.0,0.3,0.0022945830081280002,10.301857859365974
plate_095,170.61580209753117,97.65763673222847,14.092588602645685,110.96856445732313,65.62308282209722,7.883549381315738,564.997633917063,8.0,2.5,12.0,210000.0,0.3,0.0007267479024341936,2.6588453235993215
plate_096,143.6914831345629,96.53599377361101,15.770924744158421,92.71883468079822,32.46488160487657,4.734661568312611,1224.2930936530202,8.0,2.5,12.0,210000.0,0.3,0.002488229606513356,10.676900572815688
plate_097,158.8784054294938,97.11353279191466,14.887533385671933,115.13554785034468,34.681597177253366,10.79888950833403,1001.4271732198148,8.0,2.5,12.0,210000.0,0.3,0.0009314064402215413,3.5705786521246043
plate_098,167.0832678132931,63.48288544287581,8.80597420537685,117.22379596301788,20.62361765967171,5.773653911349478,575.4675069948759,8.0,2.5,12.0,210000.0,0.3,0.001429123606619193,5.0082688706542395
plate_099,134.07278246298011,82.93206356717742,13.600714618923739,44.75883747535353,52.065002270638516,10.054722605672394,881.0057498739607,8.0,2.5,12.0,210000.0,0.3,0.000912307716406652,3.8473991234676794
plate_100,150.70104841821268,66.72198585054389,11.173282593134534,107.8445656044275,32.42732529475151,10.272526976235174,1028.6465317687303,8.0,2.5,12.0,210000.0,0.3,0.0012523658865993155,5.035892650947758
plate_101,134.361314491632,98.35963930730149,14.880757193061502,91.36989181524271,61.255793294121275,9.08637400614303,959.2276565116181,8.0,2.5,12.0,210000.0,0.3,0.0009198314168591262,3.9221378263570745
plate_102,145.9952189979341,78.06344039831677,8.520174804611532,114.68552236914773,22.99859568794526,5.582351948780368,1369.4808907095562,8.0,2.5,12.0,210000.0,0.3,0.00245482675838785,9.790224949491916
plate_103,168.88517633212876,95.0078223472504,15.986151099689877,116.05280573457782,30.93201467803333,6.626456408352874,783.1287853607184,8.0,2.5,12.0,210000.0,0.3,0.0013254645194379364,5.100276295111441
plate_104,153.00551558992083,96.64500568926769,16.672291392641235,55.45345056340601,65.45937944620485,6.483843620418384,962.7379771066007,8.0,2.5,12.0,210000.0,0.3,0.0017294850394716486,6.433697285883657
plate_105,150.52152765874857,94.50609301136029,14.624193886324262,75.05287844899924,37.746058697798176,8.066456504741392,1232.0689419856656,8.0,2.5,12.0,210000.0,0.3,0.001429843216244928,5.576705837120165
plate_106,169.75476858042745,66.41949339632446,11.562757312136185,45.864833475003046,33.768815205017155,9.800155754558023,1338.866747832919,8.0,2.5,12.0,210000.0,0.3,0.0018734583066721314,6.863245060936781
plate_107,178.95868065273697,84.8205897850444,14.61269709385787,112.22889125775896,53.58042639144678,5.783271318884779,886.8247498285945,8.0,2.5,12.0,210000.0,0.3,0.0019490330186592555,6.834074716215343
plate_108,157.1310123158391,71.39503916823364,10.966684226806587,96.11470244839637,29.917686302464794,7.971691940884275,852.592599260907,8.0,2.5,12.0,210000.0,0.3,0.001283326030141429,4.870971827125924
plate_109,123.49726770030615,75.53307133601196,12.477448381707717,89.32690316923939,30.725774072761116,4.682279732415929,701.8206538203706,8.0,2.5,12.0,210000.0,0.3,0.0015469242548997542,7.025476150984467
plate_110,137.6883768244943,96.864949612255,16.197345555828534,86.50641947210354,31.03344964259352,5.896856653441434,848.2173142065245,8.0,2.5,12.0,210000.0,0.3,0.0013810788348288631,6.088604633151756
plate_111,160.59159807387078,66.64839837727169,8.020419877854224,79.45943431842451,41.2219407490273,9.61744652925555,619.2402985732566,8.0,2.5,12.0,210000.0,0.3,0.0008121082998196239,2.8538979766800896
plate_112,173.8611669889159,80.78637999281,9.203703780932052,81.98680178250747,38.81136666605863,6.30274963920248,1155.7632344424858,8.0,2.5,12.0,210000.0,0.3,0.001988713552400184,6.594925999222129
plate_113,179.58627993002887,61.19695181316396,10.015348663855141,64.63942461013423,26.989143759411,5.4417485166578325,1101.2123928577757,8.0,2.5,12.0,210000.0,0.3,0.0032033648555670332,10.67954256454675
plate_114,171.43861366697098,85.17303395612295,14.899767202711008,92.34035538350167,47.957221223962364,6.822763744548353,447.6165029441286,8.0,2.5,12.0,210000.0,0.3,0.0007625599738940539,2.752156378881841
plate_115,160.7101023469986,90.30389998622094,12.078662797376932,57.39816488632056,40.882736647540185,10.669670284655895,656.0903462339788,8.0,2.5,12.0,210000.0,0.3,0.0005870371084785415,2.1739517835785147
plate_116,153.86097688634797,82.96378980053836,11.142341470298744,101.84498236630681,56.34542593152267,5.153853707589365,1390.8942511004875,8.0,2.5,12.0,210000.0,0.3,0.002812502004193604,11.024215089724033
plate_117,133.81724623937467,87.5945555495384,12.87953209828686,73.17912838146295,34.07926517973309,6.872416968430176,525.7022621995238,8.0,2.5,12.0,210000.0,0.3,0.0006704757443066276,2.9285887889267808
plate_118,129.61009384014682,65.70885258675602,11.579525315029212,45.39302403617138,26.921064956748758,8.573483711500902,596.4701942337613,8.0,2.5,12.0,210000.0,0.3,0.0008398418602059437,3.677226201569044
plate_119,134.40149638535294,67.0042483041929,9.584832188565228,33.455052745726846,44.95903218142932,10.623592014280677,688.6854272855098,8.0,2.5,12.0,210000.0,0.3,0.000783796524310857,3.305669539465161
plate_120,170.518395110103,93.84806092168972,11.181583591670387,74.92858513415862,40.69309344868627,9.228227365593282,834.3503611357121,8.0,2.5,12.0,210000.0,0.3,0.0008624859717701905,2.9705526877475834
plate_121,129.0437903233294,67.73607048080966,9.40647897902253,50.6394142808944,29.942698666034367,10.918047818771157,652.3257430011091,8.0,2.5,12.0,210000.0,0.3,0.0006137403818373613,2.7207882780252843
plate_122,148.88937251133802,99.64957716809717,10.914698430406432,54.25513367931795,71.59279955606613,9.650288118421223,680.6827741347635,8.0,2.5,12.0,210000.0,0.3,0.0006076737986688582,2.3483787731424246
plate_123,178.72831356380442,91.11926979824017,14.347477277383067,103.80989825428489,35.735178031055206,11.615106330346567,1228.7582501221832,8.0,2.5,12.0,210000.0,0.3,0.00119059491850755,4.020225668033324
plate_124,125.14122899419174,99.79537188459716,9.051598748746938,68.25122397046712,31.461659467088165,9.426140582809502,745.5158206374657,8.0,2.5,12.0,210000.0,0.3,0.0005222173226314214,2.410074027602774
plate_125,130.2333626527921,71.45032240457456,12.733484337153955,64.47838780913457,39.6701702114944,10.85750553579122,1226.408026293108,8.0,2.5,12.0,210000.0,0.3,0.0012046153383754043,5.405322601226609
plate_126,146.3646033835829,77.70510774176893,13.216313373759089,109.32848367664208,52.34023653710066,6.184282584340604,623.2068489086666,8.0,2.5,12.0,210000.0,0.3,0.0012070078551178075,5.2604190743405095
plate_127,140.45384754086416,82.82280979203321,12.884303694874898,42.0810229828176,54.832321243974164,7.889500925184123,1040.5237927491294,8.0,2.5,12.0,210000.0,0.3,0.001454354831011937,5.851146533665346
plate_128,150.23668154975203,65.30410741060118,10.561271873126806,65.72604507565974,29.553899099302356,9.158865581943509,1265.5798119634712,8.0,2.5,12.0,210000.0,0.3,0.0017386534085492716,6.949713551854663
plate_129,172.60916412918587,97.31816662929978,10.715068008948673,131.01305789697898,30.895056116203577,5.5016535147383046,605.0254641286002,8.0,2.5,12.0,210000.0,0.3,0.0010474584353127336,3.7703187321812015
plate_130,146.61021368510768,60.967203828862054,8.878665832332077,34.6878559615197,42.069021036038954,6.456712774432662,703.2509563138278,8.0,2.5,12.0,210000.0,0.3,0.0015821422002538995,6.165405137742135
plate_131,140.05113072929095,99.93033090653586,13.233440159440462,87.99963261921833,48.61438768905016,6.93426387167249,747.1281902740944,8.0,2.5,12.0,210000.0,0.3,0.0008538909279173627,3.567652940115651
plate_132,142.77439796549925,83.32810982102491,13.502391820659732,71.51952072170822,42.146053578105715,7.193079169816789,543.0072658503661,8.0,2.5,12.0,210000.0,0.3,0.0007205868549260229,3.024104086787483
plate_133,154.5935563594923,92.59041884671194,8.682792100491326,118.93230907130089,32.349481197521094,8.481200276917624,519.8212764542618,8.0,2.5,12.0,210000.0,0.3,0.0005325738487208538,2.0313195584865618
plate_134,157.4188694833261,70.50435732211808,10.519394765976001,112.46076669537534,36.992926379293834,8.389754660698667,1150.9931297942944,8.0,2.5,12.0,210000.0,0.3,0.0016423126772693263,6.300278490478394
plate_135,120.85677029803311,95.18952734964148,13.714635277255706,77.20976573248446,52.32676520531359,7.181399611900604,1250.5564343034428,8.0,2.5,12.0,210000.0,0.3,0.0013551435725774595,6.3579382624572744
plate_136,122.65302908893625,62.105274324146464,10.438779859912298,92.0393548237961,25.114860318484254,7.483330520861482,857.3554172289089,8.0,2.5,12.0,210000.0,0.3,0.0013484097257527152,6.579337791105411
plate_137,178.06395309280992,95.79414364973314,9.306073226806694,75.25136145974943,38.404346483606545,8.236097490363406,992.6028012734404,8.0,2.5,12.0,210000.0,0.3,0.001146771236180765,3.6887922487464633
plate_138,121.0150698930646,70.39674658781085,8.841200000618874,25.096070004139538,35.16877561202486,4.987169932543658,951.2208082183486,8.0,2.5,12.0,210000.0,0.3,0.0016803482654687985,7.75557355193971
plate_139,131.81044581258064,72.12336632279606,8.10814777848053,27.88071529676256,47.55408942409495,9.521981498911094,647.5961948716367,8.0,2.5,12.0,210000.0,0.3,0.0006780439732850739,2.8299721197815693
plate_140,130.02376932492055,64.01370330432742,11.377033230664853,84.07178120968169,26.645965695029805,9.73471624587358,579.6041195739715,8.0,2.5,12.0,210000.0,0.3,0.0006986820224955548,3.222695829402303
plate_141,154.8026197669975,93.15360668522422,8.403967903690363,61.58250320453218,59.11863390739749,5.9900343148856905,1050.3762084562427,8.0,2.5,12.0,210000.0,0.3,0.0015022813109418786,5.5371354510219195
plate_142,142.99131272331618,97.53525817258583,16.886854811912652,63.7128469656448,44.79433298133348,6.986703162543865,1379.6432262740227,8.0,2.5,12.0,210000.0,0.3,0.0017271479383420662,7.105586273643976
plate_143,164.97876811398822,80.953734798739,11.436899248702803,34.248087297832264,41.89767590248528,5.211002640786658,924.0642981756057,8.0,2.5,12.0,210000.0,0.3,0.0018940713644543176,6.613604126225838
plate_144,142.89298894840576,75.46275177076588,12.352076138407735,74.46428454831178,34.27244220880025,11.33922033291375,584.8027111151068,8.0,2.5,12.0,210000.0,0.3,0.0005426476588896854,2.249753571745917
plate_145,177.51947323805717,89.50871729997547,12.41987803945702,117.24593076596217,45.37623847149995,8.652525129050378,693.4770214253733,8.0,2.5,12.0,210000.0,0.3,0.0008450645516275243,2.8358147519291563
plate_146,144.4179526067366,86.23776561417047,8.618399134802273,44.82182557542113,41.68800044334045,9.637417463091374,1280.4105197009303,8.0,2.5,12.0,210000.0,0.3,0.0011184532172620768,4.583934662968541
plate_147,122.58248068829658,89.75540036953868,14.47183055977043,48.792346599028335,53.36533389973809,10.427096086789696,906.8947855035842,8.0,2.5,12.0,210000.0,0.3,0.0007330736889587634,3.378098433076675
plate_148,122.45839899970058,84.23421347219633,11.96370615028026,61.4134135929854,41.62383617906747,11.57979936712307,528.1834420116484,8.0,2.5,12.0,210000.0,0.3,0.00036634922377758096,1.73369197144892
plate_149,162.1321432040104,89.99217197347272,11.445167821529143,93.46380543839157,53.466784388118924,11.727268292428171,780.3752185855301,8.0,2.5,12.0,210000.0,0.3,0.0006376229691208999,2.368961060707014
plate_150,140.01877527808995,61.075692502045925,8.108389586759449,58.09010851988821,31.942939527530896,10.455443399545018,1359.3339243271269,8.0,2.5,12.0,210000.0,0.3,0.001530891924580491,6.329567548931424
plate_151,122.19958334547994,60.374643916259394,10.239783102196643,67.83670681476052,25.975518602705485,4.32427161060947,1235.1795799677116,8.0,2.5,12.0,210000.0,0.3,0.003281744400895847,15.816464375625923
plate_152,158.96681176420526,70.47013686378116,11.564006995032715,117.63411359855448,23.689701050544993,7.073894385330859,879.0549152601451,8.0,2.5,12.0,210000.0,0.3,0.0016224455524755247,6.747856888925124
plate_153,161.61183854687263,97.43677449753393,17.087761064075522,116.65373874511205,47.28321615936656,6.992616671989175,1261.8962953690298,8.0,2.5,12.0,210000.0,0.3,0.0019385160268655822,7.207219962878976
plate_154,142.24543113450716,70.85681961610688,12.6034071456498,80.70097944624104,31.199721767067754,9.006873583552114,756.2306528762219,8.0,2.5,12.0,210000.0,0.3,0.0009660178253945679,4.074033756453718
plate_155,173.4758935481629,60.31765584195159,8.73249911504368,141.92790554874873,37.10435920341085,10.536404530617162,1149.142426382704,8.0,2.5,12.0,210000.0,0.3,0.0016603405851640868,5.736060896798213
plate_156,174.95181535434637,87.95851003178093,11.02811627036047,131.19513167110898,36.46544120804391,10.563468706331705,870.5482687873772,8.0,2.5,12.0,210000.0,0.3,0.0008738596312912105,3.011276801071038
plate_157,176.72624276058053,92.83661881493201,8.082659368734266,89.85059193750499,61.24730806276361,9.669412888393648,759.9933544230382,8.0,2.5,12.0,210000.0,0.3,0.0007622595626046383,2.424808770243328
plate_158,137.1508539979312,78.55952622179619,8.817673220680835,92.88109631664112,48.18296949567913,9.59332765219305,846.0316111108802,8.0,2.5,12.0,210000.0,0.3,0.0008042502794309155,3.3811576760422675
plate_159,166.51713645172003,91.33653567370506,14.038101644658127,67.99194154071296,61.481317120038504,6.1430646217078095,1020.8268164887797,8.0,2.5,12.0,210000.0,0.3,0.0019299735456438257,6.7872012100413
plate_160,136.0045503164506,66.93765567573747,8.389366878651442,107.93453230230743,44.24327987823261,5.801611742701803,1300.1404667417733,8.0,2.5,12.0,210000.0,0.3,0.002480030865246842,11.020846732682378
plate_161,169.0925100259536,77.82105243918559,11.48866122184792,95.81266543508042,34.840373445930304,4.900725744405506,498.1900983951288,8.0,2.5,12.0,210000.0,0.3,0.0011781034071523986,4.179295379573484
plate_162,160.34816441868622,79.26564047550869,13.807756702276343,73.28035867570583,41.24662593253999,4.506605827404218,840.4818542328287,8.0,2.5,12.0,210000.0,0.3,0.002102013870049684,7.881612144647711
plate_163,156.2416949680172,74.76543473843428,10.021190619627346,125.27051780773641,35.73912181675039,5.934234502746806,1252.3206762498858,8.0,2.5,12.0,210000.0,0.3,0.002416409773843297,9.281041223546795
plate_164,127.18764400786759,73.1914424815629,9.815987911504566,41.60041800338726,26.425227243486447,7.24943605176402,1290.6647542700723,8.0,2.5,12.0,210000.0,0.3,0.0017867790679525575,7.780453398317463
plate_165,160.90171997615977,85.09768324437334,9.213395057419502,54.612676623169456,51.73487064086673,10.39487176349213,1167.342807048346,8.0,2.5,12.0,210000.0,0.3,0.0011144506579284523,3.9455501410538902
plate_166,131.0055909835574,73.10656960602256,9.903344376503673,66.08318607895691,44.34685133658496,10.594029739967388,798.7944666029457,8.0,2.5,12.0,210000.0,0.3,0.0007452617087070824,3.296045495687892
plate_167,136.5035694799419,82.14484157725278,14.691542740022776,46.256488674985654,54.21408626813209,4.754113645396824,603.8051079384385,8.0,2.5,12.0,210000.0,0.3,0.0015354536884804471,6.316796968736853
plate_168,164.5688227007269,96.93184751442251,8.28857610750991,34.828837268666604,26.338920199452772,11.903001044140368,537.176612496818,8.0,2.5,12.0,210000.0,0.3,0.00040502619150972063,1.4087362260985423
plate_169,172.39781378047053,63.05228907161536,10.33411901874089,106.03441733925293,33.50437478538486,9.18002431296447,872.7983906053156,8.0,2.5,12.0,210000.0,0.3,0.001372786422702512,4.921887847234639
plate_170,151.91985943331457,63.7228347831864,9.83381918179362,80.9607796482841,32.49830497050171,6.420081710896438,1345.86677671369,8.0,2.5,12.0,210000.0,0.3,0.0026067877987436205,10.280985817208837
plate_171,175.34338052237777,86.40629946319063,11.276469241080182,102.87272886488259,40.90814325276862,6.723076810864562,785.5895011168352,8.0,2.5,12.0,210000.0,0.3,0.001226621212716282,4.0962072773333915
plate_172,146.06372003787055,71.26546462949631,12.77420629778797,56.273650657762715,46.878384129212606,4.13553753929829,1238.0223735061736,8.0,2.5,12.0,210000.0,0.3,0.004180472796824422,16.858765366611635
plate_173,128.21134838564177,66.07667433447207,8.011295029533615,61.81092396450796,37.61220299064317,10.369202230526914,955.8513733374734,8.0,2.5,12.0,210000.0,0.3,0.000931445969225537,4.104520159510696
plate_174,155.64372835200837,65.27840217436433,10.460110159874116,85.05439311435084,36.92466739354157,10.7666243210125,827.2621308857438,8.0,2.5,12.0,210000.0,0.3,0.0010013451368895041,3.8398276920682766
plate_175,151.4660299347367,88.84506529933583,11.664802143509224,93.64682707759769,35.51065955719104,11.163541902040222,551.410812730968,8.0,2.5,12.0,210000.0,0.3,0.00045533590650477854,1.8061482888781624
plate_176,169.27457500878023,87.4392995702512,10.11957786018616,135.7397919845386,62.59087809029319,11.033740924947288,1066.7391432127135,8.0,2.5,12.0,210000.0,0.3,0.0010233557212077976,3.7862053255840005
plate_177,157.5031752108762,75.04212259497649,13.046151194322931,105.88337542268738,49.40233765321585,5.702901232322343,422.3339458398154,8.0,2.5,12.0,210000.0,0.3,0.0009536567252282449,3.819482737344587
plate_178,172.766827122491,96.36057873420486,17.008676937332794,97.4601857233203,42.68037917298807,8.366288839756052,429.5575018079316,8.0,2.5,12.0,210000.0,0.3,0.0005381480419236161,1.903114084412561
plate_179,170.1250634494129,83.64019303949047,11.972235873702328,55.39334881621464,47.43052535658449,5.722932133722541,444.2154818919118,8.0,2.5,12.0,210000.0,0.3,0.0008646774256517224,2.982173921459653
plate_180,168.6771801052248,64.26913536142176,8.853335930845397,119.56446699118762,33.1158938010451,7.104641520157964,454.35853661631546,8.0,2.5,12.0,210000.0,0.3,0.0008602480672538068,3.007645717687864
plate_181,154.70979530974623,77.09185469837337,12.041792318760866,94.89580039974615,43.62706839264803,5.562152644239228,855.3626589453794,8.0,2.5,12.0,210000.0,0.3,0.0016880945904400055,6.55483469605391
plate_182,131.6838454155839,86.04449522374382,12.09668221697988,53.42818628100498,54.44005687371941,7.26652037346108,1272.4311414206604,8.0,2.5,12.0,210000.0,0.3,0.0015908269414637028,6.784208712918073
plate_183,163.21958480216614,77.17300236754929,9.356999972047406,109.68844515009943,21.73840324937351,11.266780430204518,1136.1534808531194,8.0,2.5,12.0,210000.0,0.3,0.0011736496868253532,4.352734270547586
plate_184,125.55940334460057,86.24345401800454,12.6537898194963,41.326203983879424,27.22920965421118,11.1225948789591,463.91124651409393,8.0,2.5,12.0,210000.0,0.3,0.0004004370603436325,1.7723484859474645
plate_185,173.0958599996603,69.06541085074909,9.614878230162962,84.70288640547422,46.440667954235444,11.069604198162175,451.7868932793957,8.0,2.5,12.0,210000.0,0.3,0.0005751184827836782,1.972311148296442
plate_186,145.86069147776914,76.4850662782962,11.724643055814134,30.646424429100446,48.82678820561351,6.837717913976032,1191.5990252114366,8.0,2.5,12.0,210000.0,0.3,0.0020228952509222737,7.798707169055146
plate_187,126.39246419290922,61.45156193510928,10.446451389714237,47.60730721946386,29.210130200556634,7.838026850220027,508.75271894696164,8.0,2.5,12.0,210000.0,0.3,0.0007389650568977121,3.4484060286234723
plate_188,176.8902669169222,96.97060370514198,13.092886172143912,42.551359901794356,56.49620480847102,5.745770071480996,568.014628912586,8.0,2.5,12.0,210000.0,0.3,0.000995010308312562,3.2534431373382917
plate_189,124.96483369661514,65.1693047175942,8.899195374161861,51.07583904004586,27.661406471937454,4.364298359870682,430.40472672959044,8.0,2.5,12.0,210000.0,0.3,0.0010254939121275368,4.665077331850077
plate_190,165.44752925515192,95.61275944574086,15.441106658635931,72.0758380495788,60.90880905774978,7.734453670451986,743.4210655434854,8.0,2.5,12.0,210000.0,0.3,0.0010500045413899693,3.680427968372121
plate_191,120.62273656309011,80.01612279803139,12.343087747480727,83.10957780573254,43.73111160878179,4.316523763636004,1333.9030843863006,8.0,2.5,12.0,210000.0,0.3,0.002819722678791492,13.455011498404152
plate_192,122.32162437654418,78.25403697972632,8.983983961656392,94.10353161354081,35.69571446385607,9.452196021572856,591.1497438592461,8.0,2.5,12.0,210000.0,0.3,0.0005367346245609058,2.552848561087657
plate_193,168.11978741773413,61.7151129168244,10.774162451894203,132.8289933021911,33.089178501290064,7.569298464006783,1209.3676893686682,8.0,2.5,12.0,210000.0,0.3,0.002413958101678016,8.943424032190338
plate_194,150.07685270545244,76.35568583143362,13.7044203789148,44.42238397598463,49.907521395289876,8.009257748749,895.4921359579187,8.0,2.5,12.0,210000.0,0.3,0.0015302101323415715,5.914965745939789
plate_195,167.99861368965983,98.49080406437437,17.367248846680166,81.02192199015971,40.78851793745369,7.015452119045716,485.5579927091562,8.0,2.5,12.0,210000.0,0.3,0.0007269174935288392,2.575991245069523
plate_196,168.2077235847778,66.23913064021468,9.210213456382789,107.1057762753447,24.563059887194818,4.200016716401654,902.1800027820902,8.0,2.5,12.0,210000.0,0.3,0.002935187599257131,10.454972866566992
plate_197,156.23913695487244,85.31859008037033,13.394464288978849,91.03977570085166,51.782845897415896,6.849718447300617,664.59206572582,8.0,2.5,12.0,210000.0,0.3,0.0010198623927709855,3.986931118387553
plate_198,159.44741782402824,68.84553696403445,8.635238576659729,111.43622641696501,19.805003926762122,4.670797469904289,1306.7293565807577,8.0,2.5,12.0,210000.0,0.3,0.0035411802909494187,13.121137004549304
plate_199,164.00960780578058,83.47620063452194,13.374281417015002,43.463560661470375,52.27291620103487,9.901379196015325,417.1304722129624,8.0,2.5,12.0,210000.0,0.3,0.0005088415296352392,1.7363211823842537
plate_200,172.31704851885917,68.11507090068673,10.076144976866157,44.47846371302737,29.846918474510968,9.302452377326887,933.0570834578849,8.0,2.5,12.0,210000.0,0.3,0.001360559821753619,4.701853253691371
plate_201,177.9008698358954,76.77225535080183,9.316004374080832,131.58331079075728,25.169303459934934,7.683409198950384,554.8964912265087,8.0,2.5,12.0,210000.0,0.3,0.0008774121470325163,2.958883263863909
plate_202,120.21432771663324,82.31436583324538,9.185584390191263,40.29971505210701,48.38870608715149,10.001318847831314,527.2230872119542,8.0,2.5,12.0,210000.0,0.3,0.00041103939155711294,1.896136403192484
plate_203,174.60966539360558,69.69194993250946,10.822190516112205,78.29456552883462,27.1941975687389,7.1215489623888795,1174.4527950808226,8.0,2.5,12.0,210000.0,0.3,0.002321619042101128,7.916415883281696
plate_204,136.18753464989084,69.25544763415438,9.342251823912866,107.65334735508264,48.21588757758455,9.839200028329188,1395.4994587014426,8.0,2.5,12.0,210000.0,0.3,0.0015774596779679537,7.0539472193924695
plate_205,135.32214744880724,90.43172421782631,12.593382507204776,99.52313783527681,31.014803486616977,9.341891783044527,1293.3777940159775,8.0,2.5,12.0,210000.0,0.3,0.0012630930633125812,5.531202526138196
plate_206,171.63515230878045,99.1029429369618,11.246725017815322,118.12177521150835,63.96561971729417,10.205769016884378,754.5296143546432,8.0,2.5,12.0,210000.0,0.3,0.000678790674936841,2.3842263920382933
plate_207,141.85536631326573,69.90263681040209,8.93002474849019,91.69961300975683,32.49786138210652,9.070874115003587,1027.0244859422132,8.0,2.5,12.0,210000.0,0.3,0.0011892498982451186,4.852946505021349
plate_208,137.63901692597972,88.2187213247831,10.893826994014786,88.92957423942195,41.26149555113933,11.813476305188608,806.1548721705209,8.0,2.5,12.0,210000.0,0.3,0.0005735349564525536,2.436811855303899
plate_209,123.00538927432709,71.92158131562742,12.243363697300623,51.282189233487195,27.14257628799473,10.230295313183813,1200.6575598226113,8.0,2.5,12.0,210000.0,0.3,0.0012798466842294082,5.86279216229309
plate_210,179.28245315797713,69.45850244317495,10.758326326819626,84.34923533467747,35.98704196433698,7.355550508472202,957.5260385935535,8.0,2.5,12.0,210000.0,0.3,0.0017589904641342547,5.860467977778782
plate_211,172.10211720025077,95.71633432093618,10.507527681098688,63.547596717565774,31.039485621020887,11.19773495176117,1346.203571977498,8.0,2.5,12.0,210000.0,0.3,0.0011837399899294143,3.9491174339381176
plate_212,153.38416179828633,66.60038331863228,10.729893986304408,79.05693968159532,24.402086861940536,11.41352859186864,900.2820545999,8.0,2.5,12.0,210000.0,0.3,0.0010635697228353203,4.156503879616104
plate_213,174.31209658669525,99.44007939712405,16.217488272212563,101.72092905898407,35.7983638563213,6.794340652211657,1157.6278313674193,8.0,2.5,12.0,210000.0,0.3,0.0018264384994188144,6.465516910299552
plate_214,143.4626701072779,80.53511211619625,11.078525558162887,80.25181634779047,36.84003731633461,11.73678364906447,947.4496336444937,8.0,2.5,12.0,210000.0,0.3,0.0007653330132656871,3.1197894897912954
plate_215,127.44481815594565,71.80494551440503,10.179488527866129,99.6308703947471,31.488988575280942,8.24931911586463,1297.992031510205,8.0,2.5,12.0,210000.0,0.3,0.0016251776399333292,7.537110765088929
plate_216,144.13131432641856,69.79758407105399,11.57395872581533,34.88204143750623,33.26918172075746,8.818846599812739,1387.8046064098362,8.0,2.5,12.0,210000.0,0.3,0.0017830762589946736,7.296192700087605
plate_217,132.41195669914413,67.49372902470847,10.961328747021899,43.92475109108481,39.72439905360718,6.068038980648794,457.00148237240467,8.0,2.5,12.0,210000.0,0.3,0.0008677842762575155,3.6540638748585885
plate_218,164.24360699343293,67.19823335832591,10.721244515195195,33.91584034086366,24.424768586130774,4.2726658267817905,976.0275547105881,8.0,2.5,12.0,210000.0,0.3,0.003346377256657713,11.626250637224267
plate_219,178.38281086174138,89.6714504244856,14.08566642606128,55.65110667261493,37.1031400521336,5.472473716626058,1325.7965008903561,8.0,2.5,12.0,210000.0,0.3,0.002792858251925586,9.136050149254471
plate_220,160.20796779348518,94.12850004955601,15.592165290200978,105.66264084841453,33.58809503401208,5.885379922829482,723.4556865979374,8.0,2.5,12.0,210000.0,0.3,0.0012848063977818798,4.905012609212292
plate_221,157.25012919436352,64.72231996025636,8.461311426374255,95.49005934993754,41.29163495958272,9.461747270356284,1243.8267622131243,8.0,2.5,12.0,210000.0,0.3,0.001707767418179036,6.371497444251751
plate_222,169.50580772832416,84.6124983718484,11.912345685488832,71.03127834428238,39.54946450747997,9.09848735028352,1303.4298486057924,8.0,2.5,12.0,210000.0,0.3,0.001522846374753478,5.405772108307726
plate_223,152.1399404465594,88.39553149176609,10.592043622820407,121.44908341568333,53.02505623181631,11.540095025310091,1335.6396222163712,8.0,2.5,12.0,210000.0,0.3,0.0011129657236628398,4.443515888957238
plate_224,163.71835986811527,60.50498933131056,9.526053501137318,128.9174315436591,41.61342463165205,9.752777824949156,1322.1998636179446,8.0,2.5,12.0,210000.0,0.3,0.0020472551942081404,8.282327649335622
plate_225,138.86012394236133,80.29047296062181,11.106766940455415,85.54846379415827,51.85458205011692,10.524128579380125,663.0847288046044,8.0,2.5,12.0,210000.0,0.3,0.0006118349605221117,2.6106450249988167
plate_226,133.6096831312547,81.68519574233679,14.590668784698842,36.81831300388015,27.272653725097918,8.161149605367779,751.1715426503094,8.0,2.5,12.0,210000.0,0.3,0.0011177995955349107,4.6105438186679875
plate_227,163.09161034780334,94.77084330343784,12.80633622548043,49.445085119276186,31.67383920746304,4.381276635890119,1003.2262188379883,8.0,2.5,12.0,210000.0,0.3,0.0023633247591316434,8.303341026432518
plate_228,133.09658464459662,93.57334666285524,14.979988949759111,33.598215319837294,55.435123996917085,11.885146251760194,778.3211766251698,8.0,2.5,12.0,210000.0,0.3,0.0005721908671468376,2.3070340994784058
plate_229,163.61243871459737,73.53402772091631,11.681282805157185,56.363205135628505,46.74926130403017,6.276494342175427,735.5005319758965,8.0,2.5,12.0,210000.0,0.3,0.0015647586339935912,5.674207023452215
plate_230,128.86103918532473,79.72508185895757,13.742087044815431,79.80921444743058,42.09316810076317,5.173022293916832,660.1436442810058,8.0,2.5,12.0,210000.0,0.3,0.0012413714180214142,5.620833884785573
plate_231,177.3024924729551,84.66207390736326,12.990423957951084,82.66849878568286,51.233412728692386,6.052151037437673,1086.594823918187,8.0,2.5,12.0,210000.0,0.3,0.0021517494587594277,7.127494277498904
plate_232,159.87152755156978,74.5198911637501,10.034682291361054,82.26229600580588,48.19029982851056,4.026301841921291,1015.7137207838332,8.0,2.5,12.0,210000.0,0.3,0.0030116545047276337,11.072842821660652
plate_233,175.9286132511673,74.9913987787412,10.745218182446191,53.2440733367505,49.14576482296715,9.998909188652725,896.0543642669952,8.0,2.5,12.0,210000.0,0.3,0.0012159377236975132,4.009575017762158
plate_234,162.52480602519105,75.79448610861104,10.548922074397769,37.694623001774985,33.10730082186954,10.997982749444692,610.2241407419974,8.0,2.5,12.0,210000.0,0.3,0.0006392307901515462,2.3239201615467326
plate_235,175.62755590936018,87.68775476334315,8.327255874046559,41.53602908025648,32.00588101612756,6.168493606308605,1222.6581497408024,8.0,2.5,12.0,210000.0,0.3,0.0020467988350871833,6.44457943716362
plate_236,149.49242317362453,77.33978158401537,9.005738279908424,95.89854501646141,38.92437398445994,4.123282646058021,408.9391116225516,8.0,2.5,12.0,210000.0,0.3,0.0009818396824522976,3.759655113406283
plate_237,158.07776609369586,68.36128702410056,12.202204286461502,58.85795129381833,35.133419604228735,11.11450317948906,1310.0537115538527,8.0,2.5,12.0,210000.0,0.3,0.0014988535935292547,5.768411563060758
plate_238,177.79768929874513,71.55688795441239,8.217475529226821,130.61079414679335,35.532647372648164,4.846373864757784,482.1982262831598,8.0,2.5,12.0,210000.0,0.3,0.0012445684954645142,4.1329047033758215
plate_239,179.14547626468638,86.70614098879159,13.290260269184627,82.62017488886096,41.40441109384495,10.355466135011294,981.884808501617,8.0,2.5,12.0,210000.0,0.3,0.0010491219508045923,3.5543125868959167
plate_240,169.6777531828792,71.00292544108618,12.010592097215497,69.92350091086138,24.337168241451426,7.718560780590639,706.9796485121849,8.0,2.5,12.0,210000.0,0.3,0.0013718697079348498,4.8474075308843085
plate_241,137.9595491657052,88.55386421522063,15.238843934928681,43.06457056439637,40.28129774489847,8.911908306866613,634.0363210878287,8.0,2.5,12.0,210000.0,0.3,0.0006586602426388282,2.7323422035432774
plate_242,120.29320970385928,68.48009864500095,8.00742930657211,49.1914478288937,41.6484038376629,4.247292420637338,786.927351429363,8.0,2.5,12.0,210000.0,0.3,0.0017410438352465454,8.062035687525201
plate_243,173.55975012723735,89.87942702400551,8.493965461030339,53.017809803891524,52.72242147901446,9.911217442572863,793.2684688679335,8.0,2.5,12.0,210000.0,0.3,0.000784782228011342,2.63229388941747
plate_244,141.10683167541885,68.58082788347322,9.562754982337411,110.58570984472311,20.177379749532967,4.80836210840821,733.638399758588,8.0,2.5,12.0,210000.0,0.3,0.0017831217858990142,7.8738734961502095
plate_245,121.39942998176723,64.70695172637288,9.812912166523375,24.92975025903439,26.35753747453582,11.170768382741493,1318.661201108282,8.0,2.5,12.0,210000.0,0.3,0.001267537735513389,5.749158569584907
plate_246,175.89648013923156,83.15652378583952,12.715594615738436,77.19048321754752,52.20555650549733,11.431823608245509,875.7019942401043,8.0,2.5,12.0,210000.0,0.3,0.0009459635178623803,3.149539850745918
plate_247,157.62766348841654,65.09876968735482,9.766980212124002,80.93980914070283,37.54457028641292,9.109893506627301,581.350611257335,8.0,2.5,12.0,210000.0,0.3,0.0008359629861540102,3.152686838992771
plate_248,127.42192906115076,83.9920073022515,9.247942204922117,90.85855178618144,30.938026182790068,6.397770086422338,1256.4897094943874,8.0,2.5,12.0,210000.0,0.3,0.0016105570410258608,7.192197897147329
plate_249,155.51161266231,77.61926024569715,13.038428666813967,103.5074956800189,36.095632030047,9.384010573450581,832.3088461760443,8.0,2.5,12.0,210000.0,0.3,0.0010023498456436183,3.9203971254448993
plate_250,176.0568215690644,99.3869336646078,11.146285525735225,62.107178373476586,56.248143140676476,8.703648731932608,1162.943761424859,8.0,2.5,12.0,210000.0,0.3,0.0012347258532404226,4.1558159582853476
plate_251,164.3033553853926,70.25616704813163,8.329061410650553,104.35545154357516,43.90072366877402,11.441269070386902,968.9506112357672,8.0,2.5,12.0,210000.0,0.3,0.0010284757830086666,3.574358418608755
plate_252,153.21319781230665,72.80894758419046,13.05763065307005,64.3168985411085,42.50122241482298,8.100637345821593,1079.387718668418,8.0,2.5,12.0,210000.0,0.3,0.0016898200207046193,6.49840788521851
plate_253,175.15082559292136,93.93466545294956,10.742596484479462,44.066384741758625,54.27824975467523,5.60898383031063,1140.1774689860158,8.0,2.5,12.0,210000.0,0.3,0.0019912944514998906,6.533790021032887
plate_254,167.51337662063327,62.309964963267,8.293831850656126,79.5952933486476,36.70093033202004,10.84100817216138,1249.011449398908,8.0,2.5,12.0,210000.0,0.3,0.0016200513780823865,5.509123448395009
plate_255,148.98063323067518,69.57806157077724,10.289077765956826,104.68241522502669,40.35794410765867,10.672959853353365,922.3617688606441,8.0,2.5,12.0,210000.0,0.3,0.0010005117002879456,4.135750217297445
plate_256,173.1834503506093,94.57130314136697,9.121085817498674,60.480145847080465,50.78553699746625,4.069927355296558,686.6383129892162,8.0,2.5,12.0,210000.0,0.3,0.0015520568572681252,5.129746292092649
plate_257,149.866284620503,81.54668399411827,10.705363344566843,79.01587959153221,51.2859669385652,10.117462055906898,1305.9731821516982,8.0,2.5,12.0,210000.0,0.3,0.0013116121980176,4.9749994288275285
plate_258,134.23148565296228,61.639256559548365,8.033895338265513,71.41631913713451,36.26940271007213,8.203735463084797,818.3377460832255,8.0,2.5,12.0,210000.0,0.3,0.001147216696449716,4.927111443529232
plate_259,139.8081022176225,99.58334778318329,13.941953165540564,39.98903241207602,69.85723804043303,5.505356985459772,713.7211398385887,8.0,2.5,12.0,210000.0,0.3,0.0012081688678404852,4.731313018223629
plate_260,143.3628152123494,89.20200321624041,13.88537101491018,103.12288699897756,58.4821728037346,7.965865741314459,1199.5407907663625,8.0,2.5,12.0,210000.0,0.3,0.001514640185853198,6.491434419737785
plate_261,130.9109642000664,95.844545414272,15.811608944846615,35.36371786941254,36.350267912080525,6.773035993897031,1192.5194845041733,8.0,2.5,12.0,210000.0,0.3,0.0015846732826120217,6.513329240240069
plate_262,153.821877410715,81.38425616613077,13.479235084560644,42.332271024852574,54.080654859841545,9.787047928819485,495.22875948108384,8.0,2.5,12.0,210000.0,0.3,0.0006407963372758305,2.3940136521708277
plate_263,171.31324887833202,63.63035712637816,11.286653476770566,76.17190748098535,39.550561735428474,10.301914948731312,401.5222794039807,8.0,2.5,12.0,210000.0,0.3,0.0006269568057729177,2.2369181000723373
plate_264,173.7532736551035,80.35741219619602,12.67541097530216,88.39928662968606,35.841659191665435,7.283781766966136,616.0947480400109,8.0,2.5,12.0,210000.0,0.3,0.0010031928282482087,3.476222154879392
plate_265,129.40710872590103,88.4618004644818,13.854321221955802,46.74361660119915,29.09280711193558,5.113159326929954,760.340682387317,8.0,2.5,12.0,210000.0,0.3,0.0014730028797161805,6.288591721419513
plate_266,158.59523428085188,84.32201639577009,11.538672641788946,93.24029537561337,30.66112824778999,10.065695077711855,1397.7119250176274,8.0,2.5,12.0,210000.0,0.3,0.001455203119020654,5.333836129135892
plate_267,136.67438466298861,88.5627102236114,8.940896935007332,65.99859642835695,30.823041767121342,11.796792199844393,796.2350087645052,8.0,2.5,12.0,210000.0,0.3,0.0005524666647419259,2.2869573004704535
plate_268,132.21405889312507,91.5620074586676,11.058712801629724,103.33227868963627,36.057645169143086,11.856646910902288,443.10807228707813,8.0,2.5,12.0,210000.0,0.3,0.00031672475727393664,1.4134468977690915
plate_269,148.3505674020141,68.98892288629114,10.670813477754542,115.40003381014498,37.16228167595675,9.197479280023241,630.0331596037952,8.0,2.5,12.0,210000.0,0.3,0.0008307014477141653,3.467232046362544
plate_270,129.16654100341964,92.7531881604421,9.67990161726792,98.66374264857707,61.46559288726834,10.63995310417722,594.6865849247579,8.0,2.5,12.0,210000.0,0.3,0.00043390836920345285,1.9824974747445983
plate_271,161.31957424554616,78.46206328691497,11.178486813769648,113.97250011026568,43.47145652412367,9.496894038478013,763.1695054056099,8.0,2.5,12.0,210000.0,0.3,0.0008903571541063411,3.369389601782679
plate_272,174.1268295842554,92.24432434492948,15.166361097835935,77.80397488695795,41.36830097675705,5.367640093978044,892.0617856740721,8.0,2.5,12.0,210000.0,0.3,0.0017840867393458875,6.105582405709581
plate_273,171.8776985865694,76.91890244901364,8.67711320324936,83.73860507262208,24.034153342482785,7.565874756425707,530.2902605093301,8.0,2.5,12.0,210000.0,0.3,0.0008404126664176653,2.8724137306368873
plate_274,132.33451078034753,84.10732306097613,10.73256636802947,79.62987176271032,45.583767379864575,8.70545122825744,440.6631379946851,8.0,2.5,12.0,210000.0,0.3,0.0004278582558691371,1.8901833292342305
plate_275,126.79059095999631,61.99623195160558,10.30341921193471,27.80551445226392,27.351194040856775,6.378679838770347,606.1310608678368,8.0,2.5,12.0,210000.0,0.3,0.001102270738839855,4.968947575220953
plate_276,169.87785298846663,63.898057250261715,10.578071054905173,77.42888050631657,41.96051386883946,5.960272311789591,1043.1750389851118,8.0,2.5,12.0,210000.0,0.3,0.00278690432626261,9.841502789414687
plate_277,141.2561630429908,64.5841541913154,10.236093926157732,63.9245350053519,27.94095824376138,11.649857588926425,464.28067919412786,8.0,2.5,12.0,210000.0,0.3,0.0004836557033668182,2.0237701257589165
plate_278,148.25565937325555,99.24460788729004,15.395604923460564,54.65553566138594,59.89151143360605,7.806678329428259,1187.3968571091577,8.0,2.5,12.0,210000.0,0.3,0.00138776915662074,5.281078894030544
plate_279,174.48052363458177,93.27743253851867,8.123188557784262,34.76593767502852,64.32326354955691,9.319967972652691,1013.5401814363178,8.0,2.5,12.0,210000.0,0.3,0.001056260464821859,3.464189794773258
plate_280,128.59512149771294,78.8908030476845,13.713740595689847,89.54964073869877,46.475831011615526,6.70619538012465,764.7173455830558,8.0,2.5,12.0,210000.0,0.3,0.0011894643929575865,5.495531738924513
plate_281,158.24463268913732,87.89314758947474,11.143459397973665,72.82869894529865,41.41653205909198,6.095247986124288,411.66535639211565,8.0,2.5,12.0,210000.0,0.3,0.0006325912575744123,2.352853401472162
plate_282,141.83743609726804,71.72251310492777,11.562551984210483,37.041039139797064,39.821887073229945,6.548330114436334,705.750215226645,8.0,2.5,12.0,210000.0,0.3,0.0012051282757619623,4.954783540651373
plate_283,143.15785731555815,70.67238839715412,8.880355548021,116.0044246305097,42.370237561748475,6.15061708690096,520.4771056412548,8.0,2.5,12.0,210000.0,0.3,0.0009326910542834977,3.895268357469949
plate_284,159.00437162348194,80.15223141501042,14.235995819321246,39.33085434908136,34.85077506121403,11.630130030112575,890.4403157823047,8.0,2.5,12.0,210000.0,0.3,0.0009052495472188871,3.279607263502107
plate_285,138.75471841633228,60.035110275180166,8.932522483273178,72.7280108400675,20.58472194314314,10.497027341625047,1183.5296240012221,8.0,2.5,12.0,210000.0,0.3,0.0014937011871092858,6.353664101315773
plate_286,161.83050261366347,77.38330635628468,9.281238885299661,60.83444365261262,29.78871455984403,8.09224039048285,1237.1262710871702,8.0,2.5,12.0,210000.0,0.3,0.0017044720695340947,6.014977169195627
plate_287,127.82202398746564,72.27551543091168,8.601205535823361,61.36849232481833,40.838192848619315,5.273383122768236,1367.889059331705,8.0,2.5,12.0,210000.0,0.3,0.0023945454176011694,10.66567789839419
plate_288,145.43937778713956,65.48887900376293,9.68891691203074,80.61816406431302,26.75170515983731,5.670152070047839,970.8927789842875,8.0,2.5,12.0,210000.0,0.3,0.0020784073078137237,8.461079606997576
plate_289,172.47238792127476,62.72873151974126,9.003146994309533,74.04259802638401,33.86985033698311,8.878856418800918,1216.6354446696187,8.0,2.5,12.0,210000.0,0.3,0.0019529002957444498,6.68567933000023
plate_290,175.7855308090694,64.11937225724603,10.447363268980226,50.1571407837004,26.866143791846365,9.823518910128797,1052.3995898613161,8.0,2.5,12.0,210000.0,0.3,0.0016303017083870214,5.586450129497154
plate_291,167.84242194789198,62.71729855297146,8.674677289833713,99.16039433722261,30.833852348655803,4.4175114666889845,516.1808814539683,8.0,2.5,12.0,210000.0,0.3,0.0015854395697760817,5.615379073737125
plate_292,157.87051619695836,71.05308615021681,9.080649777222488,32.46983058782324,35.84721139216934,8.762797004038493,1254.9457743643084,8.0,2.5,12.0,210000.0,0.3,0.0016156495784501322,5.955505827531922
plate_293,144.2552322308149,92.45198619380506,13.136426077026115,88.64130047058669,48.18193715786504,10.903587881302807,1269.4990299550766,8.0,2.5,12.0,210000.0,0.3,0.0010153812531212706,4.156388316191544
plate_294,149.1213566223054,95.98616064116864,12.281975779415088,41.69584653398425,67.30492477606843,6.689902565568543,948.4488317853494,8.0,2.5,12.0,210000.0,0.3,0.0013526909910261248,5.091157536685477
plate_295,146.20292191578312,73.70312668653105,10.097732610935736,62.39143271021213,33.373981549471104,10.220919158022562,1056.9432803812488,8.0,2.5,12.0,210000.0,0.3,0.0010894379892555839,4.406535591307597
plate_296,165.56934957114217,92.49962850119469,8.22009511528245,28.388327151891083,35.3439975421124,8.781641963504631,415.5614580620439,8.0,2.5,12.0,210000.0,0.3,0.0004315207136753113,1.4219955902359425
plate_297,139.19194809388958,93.33388109717802,15.149366022615233,95.06492764945865,40.765271017407976,4.890193182143859,717.2393370519397,8.0,2.5,12.0,210000.0,0.3,0.0013814077835817061,5.770489808747939
plate_298,159.81168912641056,73.92528633687355,11.369155577745458,63.9921158152177,25.86165990008904,7.526272960358647,1364.5734878019584,8.0,2.5,12.0,210000.0,0.3,0.0023440790212178875,8.643635593163534
plate_299,138.97388450007713,62.633984674344966,10.439965145372915,46.92863794807238,24.440843528047868,7.442098482706955,1065.1608765944056,8.0,2.5,12.0,210000.0,0.3,0.0018899950527526892,7.823229731311343
plate_300,176.21801623816174,87.82625582819915,15.26693709037011,124.77372028002597,42.27065123693195,6.749256750797421,1131.3566212168034,8.0,2.5,12.0,210000.0,0.3,0.0019657246081294976,6.833502971846863
plate_301,134.03917014983165,75.6171461122284,11.3214391634105,91.49296426877133,52.168912173950986,8.322832022577941,552.331813735753,8.0,2.5,12.0,210000.0,0.3,0.0006957148021661247,3.254169583172123
plate_302,162.64600113520925,96.73171489396455,17.214602323281646,86.70129896941276,51.26013334707864,6.2325101774615375,480.09850823985516,8.0,2.5,12.0,210000.0,0.3,0.0007620451039149525,2.7785379421954737
plate_303,151.62839794843129,90.13041215754195,9.624168439559815,102.01319751348879,30.215523744989568,11.074719049461777,1285.9064075490173,8.0,2.5,12.0,210000.0,0.3,0.001024945879106805,4.057046063656614
plate_304,127.2787522847193,79.32661154794516,10.684581550284847,50.10067356982358,29.59671108004494,10.865272089009478,1352.5846764542193,8.0,2.5,12.0,210000.0,0.3,0.001148351745529217,5.184840995821384
plate_305,175.23290946422617,80.83934500651303,11.16279826191727,87.55969763780911,45.862603950954906,8.969052643509986,467.56952689850436,8.0,2.5,12.0,210000.0,0.3,0.000602861959441045,2.059996640006325
plate_306,122.8699214214165,66.2464039426917,9.332891545133212,94.61239001999311,31.786238010017037,9.695345537013939,512.9170961635971,8.0,2.5,12.0,210000.0,0.3,0.0005526968195636222,2.6084035422588543
plate_307,125.17614626500958,92.09470464991028,14.98911499950927,38.75664385578493,45.85819306582445,8.05940399510018,1081.9743726640834,8.0,2.5,12.0,210000.0,0.3,0.0010367856712118911,4.572052529898965
plate_308,121.17179986288993,92.03939703336003,10.59927938616904,30.155389325596058,43.089698216602116,11.372925342555302,1033.8949860900896,8.0,2.5,12.0,210000.0,0.3,0.0006257875763858756,2.830512372448393
plate_309,141.55434831075723,90.04482991167743,13.42364081077632,35.88926156895327,62.39627887424676,9.880723278419563,624.4327113904508,8.0,2.5,12.0,210000.0,0.3,0.0006670303593119881,2.6598969893979487
plate_310,145.65866562553126,75.1464572853397,11.668612018401978,57.70091053755446,43.6665998419231,8.835843983172474,639.0291661037711,8.0,2.5,12.0,210000.0,0.3,0.0007997282604685794,3.227383899918935
plate_311,133.3395292183326,85.87667010329292,13.009188849713777,41.96217391117836,39.80396691606554,7.053690273947238,1122.0329644011922,8.0,2.5,12.0,210000.0,0.3,0.0013800980329572569,5.965015783849715
plate_312,125.6745786737019,90.60007865688254,12.067400897534297,75.22785020023467,31.785151773631306,10.09289307138161,952.4911320776189,8.0,2.5,12.0,210000.0,0.3,0.0007536515544228869,3.441115012395353
plate_313,128.70243301376888,89.14351683767396,13.155269007420197,38.6552452373886,57.47962433705367,10.80981768696075,1274.89206343846,8.0,2.5,12.0,210000.0,0.3,0.0010725474540453164,4.6242458690027926
plate_314,121.88602682269908,78.1756148423855,12.320591001055313,58.218500598158954,25.00368939541359,8.932243415297801,403.6455232265417,8.0,2.5,12.0,210000.0,0.3,0.0004656441509079761,2.1286827892849205
plate_315,169.36815676024585,99.01270769187786,11.907364642216805,78.34407988937431,38.75569996873733,7.949841603710571,1195.3837701854118,8.0,2.5,12.0,210000.0,0.3,0.001389900974523365,4.85350508420699
plate_316,143.84469564043553,76.62404668965391,9.642640122014049,53.77055704196893,45.816236677728085,4.3989766971207835,460.2621155031146,8.0,2.5,12.0,210000.0,0.3,0.0010633065265239182,4.203073743602075
plate_317,162.0788800754122,67.55175520541982,10.143075444310838,124.12206142259248,36.312617369632235,6.410795784757589,697.3110354766861,8.0,2.5,12.0,210000.0,0.3,0.001406063178295109,5.229439192488202
plate_318,133.22899666904868,68.41656164332198,11.717460403744969,99.5225452328981,31.252206646452002,5.680026571322797,1082.0218694422215,8.0,2.5,12.0,210000.0,0.3,0.0022286677940022257,9.889467668829532
plate_319,176.8724287848027,60.41039372042684,10.448919359744416,66.9755471943066,28.020731064267373,5.981849160629136,1158.4515503881325,8.0,2.5,12.0,210000.0,0.3,0.0030494073534765424,10.642848001617022
plate_320,166.36654368300992,68.02579938777349,8.974048828323228,71.2902148653591,27.045456718710284,9.608600122600595,1171.0654808546758,8.0,2.5,12.0,210000.0,0.3,0.0015864570508634169,5.50650840814259
plate_321,150.91462344367852,61.40672783751302,9.048684707395653,108.16947792779766,28.673982794634746,7.645345934272034,935.5968966896561,8.0,2.5,12.0,210000.0,0.3,0.0015759598091679926,6.213354342955264
plate_322,141.433258208081,83.74843802907343,10.1128866700829,66.86818532692592,25.827789780767162,7.614238384113158,1106.3860503790788,8.0,2.5,12.0,210000.0,0.3,0.0014004916416078355,5.735710599898358
plate_323,178.13271264741726,69.66368228450483,9.44353654985527,125.98507789230815,25.84413474391198,8.183209223417613,1278.5345993376213,8.0,2.5,12.0,210000.0,0.3,0.0021078724811848105,7.138468924843723
plate_324,176.29130758373353,60.57599265619801,10.620930659857667,86.67416224815422,26.400827106256084,6.619981132474673,1197.4796621880769,8.0,2.5,12.0,210000.0,0.3,0.0029033682149424743,9.953144182932169
plate_325,147.02702131993266,62.89982716503611,9.823721479400962,53.33936913350813,33.104343330104385,9.206723559664518,775.3608376113398,8.0,2.5,12.0,210000.0,0.3,0.0010492205110878075,4.3337105291648506
plate_326,131.63970960447156,64.88457855521226,10.364603383675695,36.07670887156752,35.64679074411433,7.421699664060746,1204.5756180299227,8.0,2.5,12.0,210000.0,0.3,0.0018358503547203648,8.186335928617147
plate_327,174.78641176438646,79.97680135040437,9.560089271686687,54.199287714889024,38.94167551750242,6.90236040039288,601.5839488502827,8.0,2.5,12.0,210000.0,0.3,0.0009658439423616854,3.2452290128438053
plate_328,142.009040325284,74.03759647522298,10.840648137046013,53.43212358763377,25.84763083440361,10.951158145164866,883.4730464354038,8.0,2.5,12.0,210000.0,0.3,0.0009233372131974753,3.737128583571885
plate_329,139.2796143908675,74.58568685011295,12.196126354559272,31.0767691942594,45.98491278096117,5.949743725768924,1220.5491404869217,8.0,2.5,12.0,210000.0,0.3,0.0023591500581295393,9.676873860062761
plate_330,138.43322729333198,74.80757118145995,9.467608845886298,78.19593932959717,47.16476784933079,7.30459550213911,1095.9139431692615,8.0,2.5,12.0,210000.0,0.3,0.0015077505303311952,6.161784414375836
plate_331,130.49281064394327,88.94632700666688,10.59522229856406,91.12509299224695,62.07422726325151,6.577523185391374,1314.833408206165,8.0,2.5,12.0,210000.0,0.3,0.0016594955935948852,7.638605590432973
plate_332,144.71708832292677,61.85841711927159,10.882173462491215,68.12304020946635,36.00437185000011,9.026975590718012,1006.6558477670615,8.0,2.5,12.0,210000.0,0.3,0.0015141749855410536,6.085593815845506
plate_333,126.21590936598145,97.76378910186395,11.00566190348677,37.14569035553445,39.08404530670843,7.14994254538786,711.2896383887186,8.0,2.5,12.0,210000.0,0.3,0.0007003882690988835,3.0756081865816784
plate_334,167.65622656344047,94.05231243444969,11.682404181272542,51.054171757534675,42.08336872207558,6.9214292986580395,1399.70840501339,8.0,2.5,12.0,210000.0,0.3,0.0019089802971786693,6.683880287352384
plate_335,131.26747618576604,92.37890832777177,12.0098979243571,67.94398002448098,61.12308457193386,10.726692437107655,472.13311771391034,8.0,2.5,12.0,210000.0,0.3,0.00036310093263573545,1.6063481207809405
plate_336,121.69416070825446,81.996251870393,8.361921483892063,88.2278142347601,21.650643050809926,5.415835195869071,1135.239831960368,8.0,2.5,12.0,210000.0,0.3,0.0016877105726525623,8.241101040689706
plate_337,135.10650853061856,67.6645945284781,9.9899249023668,77.45981074716407,27.211101289862444,6.208480873260179,1312.3086074374455,8.0,2.5,12.0,210000.0,0.3,0.0023323237848511193,10.250017573253315
plate_338,173.30240305419375,67.34189765462013,11.626188392933795,122.42724552728905,22.77353810508219,11.261872089613705,1259.5016726668728,8.0,2.5,12.0,210000.0,0.3,0.0017020813555659582,6.403771763951705
plate_339,155.55353848482844,76.27651230863215,8.907972391162696,44.53239836417731,46.92551832435639,5.2342655342171005,1283.9291624088726,8.0,2.5,12.0,210000.0,0.3,0.0026651676896188425,9.792353073189458
plate_340,166.06243808028054,98.59394691431385,13.457698878091323,126.25139455111523,35.13815579656196,8.47759662716488,573.4648270059876,8.0,2.5,12.0,210000.0,0.3,0.0006659292255146409,2.442825399082366
plate_341,158.7559443150442,98.03252017630138,12.738166053958665,54.585658042649506,53.83522228961297,10.2587996453998,1145.7732911162557,8.0,2.5,12.0,210000.0,0.3,0.000973278840983785,3.5678039068248153
plate_342,151.3113564729799,85.98954894615028,9.318001536400923,98.34880050250128,52.30450143365657,11.838788636150554,684.1241262130803,8.0,2.5,12.0,210000.0,0.3,0.0005251462891200208,2.0053489431972857
plate_343,134.6654576889028,61.56727323931851,9.811310288378836,80.59832637040138,37.22219091216471,6.358708815806845,501.5278467800132,8.0,2.5,12.0,210000.0,0.3,0.0009711782853619051,4.220829561583603
plate_344,127.68654003779895,72.50062467277618,8.096493300376594,98.69965737553466,53.36060342957883,4.338243985423977,691.4992372378458,8.0,2.5,12.0,210000.0,0.3,0.001530498371322312,7.235839581996015
plate_345,152.03883337045113,97.15780588087256,11.082995512423352,64.59901258171186,63.53231002590793,6.123762070840314,1373.0119510078223,8.0,2.5,12.0,210000.0,0.3,0.0019427325563537974,7.335759080247311
plate_346,175.45971040647052,72.23809027125534,8.675127133325258,105.99496038813332,29.99654176050427,5.594455027344152,810.0982352875001,8.0,2.5,12.0,210000.0,0.3,0.0018065665934780927,5.900038171475231
plate_347,128.48424026173325,92.97774586417398,9.143691219498349,31.751378279439983,64.76525423384341,10.738367150612877,438.16545999984487,8.0,2.5,12.0,210000.0,0.3,0.0003114697223841836,1.3229302696603935
plate_348,168.7725886028505,84.42516652552287,9.893448751060209,61.308696976851834,61.396742171454385,4.434452549065992,558.9865799517013,8.0,2.5,12.0,210000.0,0.3,0.0014393312091558357,4.995236158854224
plate_349,162.26660855851645,89.36126425913307,14.014462757349651,34.78335808991184,41.42840068489318,9.055996245390629,1355.343775171531,8.0,2.5,12.0,210000.0,0.3,0.0015020711255790918,5.259737067311098
plate_350,130.64999802455225,85.80175840912943,9.172559209885533,26.111244588067393,47.12309477385713,8.921638564049463,1389.5026475515826,8.0,2.5,12.0,210000.0,0.3,0.0012223135545338807,5.039553115594151
plate_351,139.55719968938598,99.28056682833359,16.55239722449869,99.58328920232745,37.15573133066358,10.322588519324675,1049.7381075725539,8.0,2.5,12.0,210000.0,0.3,0.0009983200934278746,4.139931041965051
plate_352,131.486116697717,91.98772785730303,15.770210405011674,77.70808107005911,36.025858265004864,10.824782201424105,988.8473102411012,8.0,2.5,12.0,210000.0,0.3,0.0008383236007801522,3.8882512448329867
plate_353,154.00538406276115,61.81377920744318,8.272092717434266,50.521703246193205,36.341728456235685,11.535460750196165,1121.8268673196262,8.0,2.5,12.0,210000.0,0.3,0.001283372797006092,4.826623702597281
plate_354,142.13412558002221,65.84444543335255,10.983353002503456,65.93410166304434,24.075766111076952,8.425654495319801,1099.17038270261,8.0,2.5,12.0,210000.0,0.3,0.001711145082065542,7.004530070576035
plate_355,141.14345838114986,90.52598565849921,11.47833736466323,81.52172047974317,45.4353513428225,6.56883495885695,577.9710803389899,8.0,2.5,12.0,210000.0,0.3,0.0007339811415538679,3.067095256317292
plate_356,131.35083843010597,90.21732982053818,13.813974802765655,88.2862896903903,60.83302981915749,5.543950665538086,772.105151980646,8.0,2.5,12.0,210000.0,0.3,0.001283720903901623,5.826555068631261
plate_357,135.69177642631286,93.75661547264124,9.218428125018194,87.98934184935376,37.59171926301886,11.283120471482317,655.7620721038357,8.0,2.5,12.0,210000.0,0.3,0.00043690392507246496,1.8466431659662297
plate_358,140.5987288654914,94.83687846597613,10.493238374908518,94.71809148517733,60.05186409465057,4.817873657054402,474.3310634454706,8.0,2.5,12.0,210000.0,0.3,0.0007873091972817811,3.2813287240052667
plate_359,142.55346238692263,74.22882255089752,10.267546083969334,103.7514835110415,42.97501760586238,6.534764805320749,1165.6011542350307,8.0,2.5,12.0,210000.0,0.3,0.0018748242753932822,7.81390605239368
plate_360,135.23224576434797,95.36379787979465,9.905683220706248,64.66071151020421,50.90593944860624,10.179679168285098,1350.5499417476742,8.0,2.5,12.0,210000.0,0.3,0.0009660079592390953,4.210518148447318
plate_361,138.14430268895092,93.48705170784913,12.98699619443308,89.43391355811966,34.44464688486372,8.298186724478661,724.706675390137,8.0,2.5,12.0,210000.0,0.3,0.0007506688736412616,3.18920658770347
plate_362,173.88763963071827,85.4453724542188,10.045109477055131,67.99066511542631,49.37125896804748,10.691322194753504,736.1719647002219,8.0,2.5,12.0,210000.0,0.3,0.0007320382747855654,2.4913696112140933
plate_363,159.16068283511038,85.25744498693074,14.709381225686927,37.95730237471372,48.644957386044155,11.384292868413521,791.8946395914593,8.0,2.5,12.0,210000.0,0.3,0.000775725437630925,2.803894612759092
plate_364,151.37779099070474,95.51675034178521,15.211116348048307,34.26110450820776,38.05675239209088,8.286497708972243,1341.512588443407,8.0,2.5,12.0,210000.0,0.3,0.001567223298890509,5.697614442786801
plate_365,171.56948100007924,70.18715822033671,8.92817823150163,103.25276561788607,28.82477177679199,5.840064121675733,1161.7903282355473,8.0,2.5,12.0,210000.0,0.3,0.0025270172781065112,8.539539976771934
plate_366,132.5346141410894,86.13630221556322,10.859775255701205,71.21506003107409,42.16592345709313,8.63248705887365,544.1441182941459,8.0,2.5,12.0,210000.0,0.3,0.0005153068433390523,2.2551479858242827
plate_367,160.14812947189125,89.52031153171049,8.808040872107775,121.65750900241918,47.96038184962179,9.480884089918401,1133.309991848403,8.0,2.5,12.0,210000.0,0.3,0.001100378107234604,4.0147794177025355
plate_368,140.30115496380265,96.45816087247691,15.20813950522536,86.710404172849,59.54107973428245,8.317608334062742,752.3522765983462,8.0,2.5,12.0,210000.0,0.3,0.0008079785589633753,3.4331013215049406
plate_369,170.70214542908025,97.71833780903111,17.033629191034265,57.89281529929831,63.92706643310433,10.937884574982217,678.3744778892307,8.0,2.5,12.0,210000.0,0.3,0.0007557781872702665,2.5506193144784115
plate_370,126.89307769524815,99.71276018694914,10.200368181118401,33.11839071909084,44.7183298049197,9.716435170243368,748.3439207038741,8.0,2.5,12.0,210000.0,0.3,0.0005084153356702184,2.190453813337161
plate_371,147.16819939608112,85.60485045937514,13.911316941424921,82.78597628051635,39.60450651035908,4.513694358460012,515.7584000486155,8.0,2.5,12.0,210000.0,0.3,0.0011121127628359224,4.395200714258786
plate_372,166.98355502891513,79.8572739832345,8.713300442835095,87.55587877254806,55.46918546510355,9.563156378589278,437.1621222794008,8.0,2.5,12.0,210000.0,0.3,0.0005124305487915993,1.7742143691496548
plate_373,133.76702199850212,97.88368432533984,15.220888411348364,50.95955890993841,45.66056983330385,7.229474474488271,432.8641860795502,8.0,2.5,12.0,210000.0,0.3,0.000467069836060939,2.0239927867169687
plate_374,148.1095050704406,82.73204786297944,12.59182802800423,49.80766755414223,42.57734889816872,10.247360599758451,1045.396636815737,8.0,2.5,12.0,210000.0,0.3,0.0009889046207281888,3.9487367172457812
plate_375,176.442329384623,81.05234265003308,14.14580461966709,114.6637551660377,45.89755526050813,11.927027394867748,1321.3543519233267,8.0,2.5,12.0,210000.0,0.3,0.001359066397606758,4.759530585034827
plate_376,151.72947103157568,86.35489091381193,14.201084596399095,56.20310152786599,38.1949056505308,10.55889137889929,905.1604804334859,8.0,2.5,12.0,210000.0,0.3,0.0008748593557573698,3.3599934071887954
plate_377,155.90565969855336,91.88313346338856,16.06183891382277,51.42029941595453,61.7791283691019,11.023424219237757,613.5611622750532,8.0,2.5,12.0,210000.0,0.3,0.0006885253883752218,2.519700381880012
plate_378,129.72697301780659,70.58026043795202,8.110873446300594,32.35524815230153,37.462658549460386,7.430801308280227,917.4858126197162,8.0,2.5,12.0,210000.0,0.3,0.0011624465792977499,4.979923564090444
plate_379,139.73895089356697,84.97359828169566,9.521972070064354,95.29181653383303,41.04685720742472,11.640047924051801,1380.6575711956202,8.0,2.5,12.0,210000.0,0.3,0.0010229088201819125,4.20370932751301
plate_380,156.0896533047225,95.59501643460288,9.78989725748714,86.05214820841672,31.374042617827083,4.744523556417052,965.7191222668378,8.0,2.5,12.0,210000.0,0.3,0.0017669899176351546,6.391233675219554
plate_381,179.84116725320607,64.97614256885753,9.79011504510459,113.52546848767727,27.071720379493044,8.677380573286838,523.6759604373108,8.0,2.5,12.0,210000.0,0.3,0.0008897262731021265,3.0173562904114752
plate_382,170.38582886605667,60.832682291497974,8.948874227647233,36.2703759078916,28.34026466823282,6.207235995453531,1075.3704292387324,8.0,2.5,12.0,210000.0,0.3,0.0025235546100592396,8.657387196739196
plate_383,167.62649074777642,97.48266868700118,11.674116514349473,84.24484806650455,69.89763649697778,5.910708358206413,1030.9107042428868,8.0,2.5,12.0,210000.0,0.3,0.0017338365062521581,6.1187959422965585
plate_384,157.71102686137786,96.29686092280176,15.09204694071887,74.29424880734848,55.82026510830409,10.978426619340471,1022.2842078517033,8.0,2.5,12.0,210000.0,0.3,0.000884077971071811,3.3059062969375312
plate_385,177.63816769765305,74.32975751713677,13.170477536264913,120.08870310568399,38.15079000201283,8.349580673810177,998.4769328874315,8.0,2.5,12.0,210000.0,0.3,0.0015743674213026452,5.51367737488569
plate_386,151.10844744923816,77.91118235732318,10.373893563480733,110.17829441219897,29.407306820203075,9.762415890102961,739.3070796513873,8.0,2.5,12.0,210000.0,0.3,0.0007978578665721627,3.201815321538155
plate_387,174.00009895402016,79.18246706836152,13.623051294910415,119.62623587140341,48.330110759921766,5.250410767581012,1016.7854700242035,8.0,2.5,12.0,210000.0,0.3,0.00244185193081203,8.88765793258465
plate_388,126.0739398840029,97.94489784873633,8.670820480175111,61.90618808098353,51.7564151416871,4.927952554525401,1188.1449099471918,8.0,2.5,12.0,210000.0,0.3,0.001570515787346687,7.118362711596345
plate_389,178.63440378512541,82.51779749420515,9.173731309838717,31.09450466703308,57.00217166069423,9.273570686080653,721.0015322981606,8.0,2.5,12.0,210000.0,0.3,0.0009189621972005868,2.9426824293385327
plate_390,148.44421401733317,70.89290032502815,8.68090455037184,115.18276323983727,40.27009662587186,4.783342083934546,1039.0743452966535,8.0,2.5,12.0,210000.0,0.3,0.002402151970081082,9.448142262890721
plate_391,154.19847751439485,92.204693943718,11.691001273947156,89.49847089697703,65.44601871922065,5.651937065784079,588.6838538770913,8.0,2.5,12.0,210000.0,0.3,0.0010155125946253005,3.9502621726470974
plate_392,130.10299236115952,80.16570436273479,12.326324952505765,51.562918463647364,25.639509451877743,8.122796005702083,676.2379066214804,8.0,2.5,12.0,210000.0,0.3,0.0008880701422410563,3.867367812932631
plate_393,140.96119828590116,82.17788722567008,10.954927823081116,105.94864381170086,56.406310829353856,9.360900621007712,1143.5069210788727,8.0,2.5,12.0,210000.0,0.3,0.0012073301842604781,5.297636044874156
plate_394,132.8235317476489,84.01046014507011,13.730018145995167,88.54509447809014,34.00408945162445,6.044056073008004,915.3651762444338,8.0,2.5,12.0,210000.0,0.3,0.0014698214561495863,6.5699888626945935
plate_395,174.44063814451897,67.91673674182756,8.632539719209678,139.89215704468623,24.195808886190413,11.709682623143747,459.01265986324125,8.0,2.5,12.0,210000.0,0.3,0.0005257774436545323,1.8274649798581066
plate_396,177.10162490437367,66.32357192711794,9.601969649471773,84.02239135196535,27.613377416256846,11.218281140517234,808.411639586026,8.0,2.5,12.0,210000.0,0.3,0.0010260623588401242,3.4566735960378683
plate_397,124.37446762584915,92.9223231514791,11.036672951647015,38.71896229427398,27.68129394423543,4.144493085353087,1336.5512701021667,8.0,2.5,12.0,210000.0,0.3,0.0026039223258008293,11.24492254600881
plate_398,137.42126826014993,79.46816405393915,9.02809431655399,91.6572993249901,45.54321320588841,11.04506040603496,927.2831226519287,8.0,2.5,12.0,210000.0,0.3,0.0007565626674028398,3.194397347948592
plate_399,136.7900218089155,89.00684830091724,10.781528788739495,53.892980454627136,30.174849908816295,5.002080189513222,510.24384335667025,8.0,2.5,12.0,210000.0,0.3,0.0008955538186553837,3.683719907577795
plate_400,156.36393719993973,60.68549929567623,10.489032611361559,85.97352373885646,37.27034787584593,7.9916181411374465,766.6585249191955,8.0,2.5,12.0,210000.0,0.3,0.0014358321425649169,5.564952807355397
plate_401,126.71839578539092,60.090249090614044,8.886194127177905,58.06172799364397,31.99325955352551,11.685285086172406,816.3656175408619,8.0,2.5,12.0,210000.0,0.3,0.0007824819554608991,3.533304575438038
plate_402,134.84773631719833,87.50024586188964,15.636569257419794,97.4316095223573,38.763330956239614,9.00908043703069,561.525806038079,8.0,2.5,12.0,210000.0,0.3,0.0006612559814609983,2.8383602104791135
plate_403,152.9519312170296,72.46117337828495,9.198964704088647,67.97682225625104,51.67288370597295,8.151987107606756,1047.0153539949235,8.0,2.5,12.0,210000.0,0.3,0.0015544947929735918,5.800438864771845
plate_404,162.46369300245783,93.6177985801703,15.321897894311139,49.379338563034366,50.723012468270866,8.59862966035191,803.8867647025556,8.0,2.5,12.0,210000.0,0.3,0.0009283304524302216,3.366081268570431
plate_405,128.31804490935806,82.57756636737616,14.049337527695009,76.87623088694306,52.26588507580185,7.096327319100276,1218.0724446620907,8.0,2.5,12.0,210000.0,0.3,0.0016763702002237603,7.777502261909611
plate_406,132.9996882890466,87.02645631509968,13.948041532328508,83.1165711830361,53.343073782442026,8.894328073235151,975.0437528693777,8.0,2.5,12.0,210000.0,0.3,0.001019005500458658,4.502007928056956
plate_407,150.25441327561217,98.80598252273819,15.999257072763168,101.47057856462571,57.95340007844413,4.465949320074056,867.8466939354516,8.0,2.5,12.0,210000.0,0.3,0.001848082187971739,7.1871523442839695
plate_408,135.53777896083915,98.95257578986693,14.462313535624869,55.45030651556013,47.65305387990891,8.609738671532869,860.0086115513354,8.0,2.5,12.0,210000.0,0.3,0.0007638223038069629,3.2426999387934043
plate_409,148.66180569048734,78.77838521970423,8.549756289488817,82.49000762691367,41.601770276690466,5.629034215089886,534.6094092075216,8.0,2.5,12.0,210000.0,0.3,0.000903741551048221,3.5792256033633385
plate_410,145.11848809427443,84.79035293867902,9.686688446092575,95.75660962088274,40.503700097217276,7.490036419173265,986.9497536729514,8.0,2.5,12.0,210000.0,0.3,0.0011747228342437219,4.666810172481318
plate_411,124.01029371831795,68.71443076940713,10.051096500723322,67.69563386991896,26.312469605716185,8.045236073529452,1377.3180081319406,8.0,2.5,12.0,210000.0,0.3,0.0017497330610028062,7.977912808633158
plate_412,135.85983735880407,96.1532821003866,15.963981983306088,88.80757023842678,52.212358909505454,10.773127278169014,1076.6109612247424,8.0,2.5,12.0,210000.0,0.3,0.0009069981064838646,3.81805847470289
plate_413,163.88313258831062,77.47827239408693,10.668692311911347,121.32401205569616,49.23715467113326,7.920391213454113,1004.5478123372121,8.0,2.5,12.0,210000.0,0.3,0.0014577347051170217,5.523667348423692
plate_414,134.60190979178512,81.79557504224086,14.502101983654622,95.42721269101665,54.94436635629489,9.971159712829813,838.8964812663412,8.0,2.5,12.0,210000.0,0.3,0.0009419524405928625,4.36390818639564
plate_415,164.1594666359503,82.39247217750543,12.739105294615078,101.68933805317059,26.219432901657928,11.780027370267991,666.2413106748874,8.0,2.5,12.0,210000.0,0.3,0.0006823148812229218,2.5793144853161705
plate_416,144.05340192658247,73.46943234721775,10.507116461302079,74.35643847149609,32.166143982922364,7.368131086636452,672.9812158310237,8.0,2.5,12.0,210000.0,0.3,0.0009653318055046772,3.9082622791595365
plate_417,154.43435701938722,63.982609928370366,10.94267175611871,114.31400127457796,32.69042027997587,8.949244923531104,1287.2928540761166,8.0,2.5,12.0,210000.0,0.3,0.001922546220645136,7.49115889764907
plate_418,121.64355844500933,98.71379116591964,9.944505161658048,27.527105221409002,39.54267136313015,8.989410184877286,406.08760753157446,8.0,2.5,12.0,210000.0,0.3,0.0002955231080178767,1.2663458173907947
plate_419,152.71278796022347,69.36404157570976,9.509103593008186,94.24917792417817,22.52667121886424,9.512599001173664,1036.1880424043377,8.0,2.5,12.0,210000.0,0.3,0.0013452893916000973,5.089064655509697
plate_420,169.98400649169974,89.77153257191371,11.733697215379276,88.5568906085425,48.39025467462175,8.378559779907794,885.8357199932515,8.0,2.5,12.0,210000.0,0.3,0.0010443902248485613,3.713579494598026
plate_421,128.8817619412272,81.1807714441845,10.849471403175855,50.379780775099405,40.2377031384741,5.396611651927806,908.4927044835664,8.0,2.5,12.0,210000.0,0.3,0.0014106783952909318,6.306627618130874
plate_422,156.97174599362577,62.32111490301666,10.423138904765676,127.656284813557,34.430268478622494,8.785983008871053,640.7900144800811,8.0,2.5,12.0,210000.0,0.3,0.0010412298134853612,4.187820381844288
plate_423,144.98711147495,83.52413771933331,14.27003970957876,77.31913097137314,33.10822753468325,9.348608959499554,1009.0084387110755,8.0,2.5,12.0,210000.0,0.3,0.0011369021810951063,4.687745598552561
plate_424,155.15772057736245,92.67453448649417,10.532299787703925,68.38603537770148,58.82216541338424,7.2045767568294465,539.1315438008638,8.0,2.5,12.0,210000.0,0.3,0.0006791036186087216,2.543482310134711
plate_425,126.31894359420487,86.72553119560058,9.156741497381496,90.83196466034572,28.31226083620338,11.848991054777619,801.9287463897829,8.0,2.5,12.0,210000.0,0.3,0.0005342867302981238,2.4671203443775576
plate_426,179.49516249463218,78.33882051107325,13.830369512803193,115.0650254602113,38.72986694724725,11.596821582902752,586.5978873022378,8.0,2.5,12.0,210000.0,0.3,0.0006382228732551615,2.2080688058648525
plate_427,159.2750773852116,71.30739229414485,12.8180070288218,56.21241429718117,44.98940665012388,7.843813416469793,740.4415958424179,8.0,2.5,12.0,210000.0,0.3,0.0013558638400775205,5.088101981550986
plate_428,176.57963754725523,84.90053774092281,11.72386112772635,41.052865741746594,34.54508680378876,11.468214580699723,997.1439012512824,8.0,2.5,12.0,210000.0,0.3,0.0009963402323029066,3.2110700720347896
plate_429,139.40233954987383,93.0894128192136,14.490937668316114,48.50814310132806,30.362785106885777,9.570566229185083,1109.6314612711021,8.0,2.5,12.0,210000.0,0.3,0.0011736788741825467,4.740529450301254
plate_430,166.72924096306787,88.05761728232021,8.492965281604882,93.82831812769257,55.682858170640216,11.761101238645061,1202.0798929312352,8.0,2.5,12.0,210000.0,0.3,0.000989890332733384,3.429911450091267
plate_431,142.62752016165985,91.63562123727995,8.859039028577717,105.13615658340305,63.63792933760723,9.236786002306665,1118.4302624361567,8.0,2.5,12.0,210000.0,0.3,0.000994448481664587,3.992175714172721
plate_432,129.34035651486602,74.67452152029499,12.693052656931059,62.88861881524155,48.689207074937855,4.213789001768855,858.8650311864847,8.0,2.5,12.0,210000.0,0.3,0.0023148295036345464,10.214971579070056
plate_433,149.99502183527704,91.42262090784449,8.321716389349477,37.31308903363313,51.754982852338166,10.131820565269738,448.329215635164,8.0,2.5,12.0,210000.0,0.3,0.00036730249154902773,1.365182366701653
plate_434,162.72611329068036,88.29786562647737,9.011051422001303,68.17352664865173,52.67173403127905,10.492591058172994,1382.7287231529513,8.0,2.5,12.0,210000.0,0.3,0.0012524894610935814,4.397862764315707
plate_435,145.51651307762748,93.78691048704454,9.588243554973303,34.238817013150616,60.0777086920055,10.446773000996963,814.1811581170709,8.0,2.5,12.0,210000.0,0.3,0.0006480741355420382,2.486593455918259
plate_436,179.22710906744413,94.25680696990588,10.503515867769927,57.55171397553802,39.01448934862793,4.267511407295215,1071.7072603462934,8.0,2.5,12.0,210000.0,0.3,0.002500113189354634,8.190554081238792
plate_437,172.82663427017366,74.90059378898763,11.164429824647943,91.46092316961565,41.43056659703596,5.3535756350649235,1385.3837593193339,8.0,2.5,12.0,210000.0,0.3,0.003193766101696203,11.117003545510293
plate_438,150.96888846632865,71.65424752487039,9.906879300362815,33.553682335488546,21.21965854714082,6.640557413604479,913.1085711714528,8.0,2.5,12.0,210000.0,0.3,0.001768685804484177,6.667550601422197
plate_439,140.85919337815895,80.60882683110322,12.55113437162893,66.13397794070656,52.08322206252855,5.023683276558379,929.6994603828025,8.0,2.5,12.0,210000.0,0.3,0.0019967023995402745,8.177164548162391
plate_440,163.42829879609076,89.32132596038744,13.254089114554205,48.62163901292331,58.401842064959126,11.99027267938979,1113.6389015110894,8.0,2.5,12.0,210000.0,0.3,0.0010460880424870032,3.7031176113122437
plate_441,161.25507250046044,86.51970309942634,13.832117819461697,71.77653600948366,45.803075111267376,10.309052231645538,794.0807984576843,8.0,2.5,12.0,210000.0,0.3,0.0007910195057376679,2.9394297738793043
plate_442,128.10100232861365,99.13233527057517,13.057947767552294,74.68141078369811,47.19832399273399,10.019348437561153,1230.2983683677726,8.0,2.5,12.0,210000.0,0.3,0.0009030069854392424,4.056389027329061
plate_443,127.57862555909293,98.74148109181118,8.532477431943532,31.66136680383652,72.036121222333,8.532126304146365,1179.7858099907253,8.0,2.5,12.0,210000.0,0.3,0.00097245201050603,4.029445251505501
plate_444,174.9604339493742,86.63888237944613,8.611196060301312,69.18645653329335,35.53975301888748,11.674847084829823,768.6914616115253,8.0,2.5,12.0,210000.0,0.3,0.0006771615880609425,2.257147096558016
plate_445,161.41287444690283,68.94183499105083,11.790206633827118,79.59317931587023,43.06549145995686,10.707914034124144,837.1004793838165,8.0,2.5,12.0,210000.0,0.3,0.0010976457104787,4.11543990206054
plate_446,164.49211932392384,75.98677661314616,10.542535890828043,99.58730830634687,28.84197883191434,8.515443899970865,608.1210569016531,8.0,2.5,12.0,210000.0,0.3,0.0008428553841934274,3.0351470633448323
plate_447,130.73579681474322,88.7386185717341,9.329865202410469,81.81009161283087,46.35120149495755,4.606735527559799,1034.5066152014113,8.0,2.5,12.0,210000.0,0.3,0.00172525028819363,7.5287013942324394
plate_448,146.66831967151447,90.86557265756281,16.352734110084725,62.4568514698265,53.8928603111839,8.738983732716093,1090.395961492834,8.0,2.5,12.0,210000.0,0.3,0.001293158501269276,5.09245143088354
plate_449,154.5225040722132,63.17445716214396,10.070271470648644,31.037967534433715,23.536770576931367,11.205307988999348,1356.077445202458,8.0,2.5,12.0,210000.0,0.3,0.00174468833506618,6.555997589114678
plate_450,130.4283993446357,79.62694852350666,8.357127623950944,75.52948753307632,52.97212700622077,7.336647627074733,1103.1845499008887,8.0,2.5,12.0,210000.0,0.3,0.0013023637414402475,5.609507690990848
plate_451,178.86750337449072,83.04256348715026,11.590676971905483,108.39267881028228,42.27180056130227,4.646660198811251,479.70226325364445,8.0,2.5,12.0,210000.0,0.3,0.0011576906236480747,3.902800209021734
plate_452,135.39337360282457,79.40184723994234,11.671750238560293,65.92537224174873,38.876341130742105,5.1287863101375954,820.8733349786777,8.0,2.5,12.0,210000.0,0.3,0.001473246946821943,6.474674342951261
plate_453,125.95124184053596,96.6209206198256,16.796775320704647,69.9048819054504,60.74243231499305,10.102378317133654,944.0220333347685,8.0,2.5,12.0,210000.0,0.3,0.0008252598853843921,3.8286491576928774
plate_454,141.6053010123533,85.71105230676625,8.701237923381143,82.27793639105934,31.092316172746358,9.943307929573663,1010.8686984964506,8.0,2.5,12.0,210000.0,0.3,0.0008708213622292003,3.6096420148305275
plate_455,145.7217208361803,63.43221225151421,8.838956637223287,86.5537802800821,40.99184977826894,6.758698497397037,476.1067638652544,8.0,2.5,12.0,210000.0,0.3,0.0008932883039646327,3.6404952080296287
plate_456,162.89983200460705,87.07348598330891,11.586319226775071,84.44989245423838,24.792923869277807,7.624912028510103,1270.195089413546,8.0,2.5,12.0,210000.0,0.3,0.0018608697424626905,6.964481499031343
plate_457,143.26052602298245,62.55420500408052,9.852118259571498,42.7325803165206,31.975540102833214,5.071049510555128,967.3858531811717,8.0,2.5,12.0,210000.0,0.3,0.0023150058942867273,9.637174999275967
plate_458,152.42734413438635,74.25643122381379,8.585479918893085,85.14539662362343,47.337463298759296,11.138062038474727,1147.721772337042,8.0,2.5,12.0,210000.0,0.3,0.0011178834143913397,4.167060557026576
plate_459,169.03930418351098,94.32675847165416,10.597750322466966,61.267440692516914,60.08436301004808,9.284599568296775,979.1870311848844,8.0,2.5,12.0,210000.0,0.3,0.0010212848385739407,3.5670318920850206
plate_460,158.0247038098978,70.03157039105201,10.311021568278518,42.884752748875655,40.105195637002645,4.709880188961842,1246.5669311004867,8.0,2.5,12.0,210000.0,0.3,0.003269391502499913,11.923546054204047
plate_461,123.73485045643804,98.0994139234364,8.502063242327328,80.25311717342014,50.79940266474101,6.4774931661721915,1085.1928901987205,8.0,2.5,12.0,210000.0,0.3,0.0010899764424618142,5.106804841108206
plate_462,122.91805666713873,90.35622961325696,9.558197185240754,41.47305462903371,31.532902612212226,6.892899055447115,1093.2632570843425,8.0,2.5,12.0,210000.0,0.3,0.0011875690991714797,5.302473233729967
plate_463,171.7309871801245,68.17481434759628,10.905883846957837,87.13872134824332,46.87826489278005,11.483265902245673,1327.6038136669815,8.0,2.5,12.0,210000.0,0.3,0.0017753869603367148,6.485278838036491
plate_464,132.68378276707318,94.94262705240446,11.299436214090822,51.975720649292235,28.648457127400594,10.651270350063639,829.6242459223741,8.0,2.5,12.0,210000.0,0.3,0.000644380942552866,2.7504253084097363
plate_465,132.9409444447458,98.28716998823242,9.780663162993827,83.31407583877501,55.27525121121621,8.213219813794625,1263.1414612122405,8.0,2.5,12.0,210000.0,0.3,0.0010891289464521768,4.679508395367207
plate_466,124.59416640988056,60.77077746560005,9.649055358248383,63.51645345383149,19.67026529796862,6.509056896268046,547.4853851334501,8.0,2.5,12.0,210000.0,0.3,0.0010648726544892774,4.990986325353774
plate_467,164.8583111262672,91.13343503844791,14.36460812012254,53.410460343069914,43.01670505424099,4.055467536059632,469.2120316414,8.0,2.5,12.0,210000.0,0.3,0.0011599529003625147,4.149013817955735
plate_468,166.2199039235668,95.32374507681924,16.769484309293215,41.52075488106792,56.148813386028365,9.402643423449666,658.589547899149,8.0,2.5,12.0,210000.0,0.3,0.0007683481139177735,2.587985365383967
plate_469,147.63036416999157,79.54272410484212,12.819984215104036,59.07919827016211,39.136992015079244,6.602756230899575,698.4933607544523,8.0,2.5,12.0,210000.0,0.3,0.001068219617792997,4.409925166178187
plate_470,147.7885400834467,86.86900382403266,14.840722533874743,86.4321411124923,40.693918605121056,4.463549222816975,715.5486718023661,8.0,2.5,12.0,210000.0,0.3,0.0015888788948129717,6.348784047102376
plate_471,156.49076775332895,87.33984567672638,13.414727548158355,115.451936117815,41.64349395334397,11.348489417928523,497.6017683521702,8.0,2.5,12.0,210000.0,0.3,0.00045868472757151183,1.7509249516171381
plate_472,147.5777368651237,63.214519872767724,10.141516360807119,94.29930417951056,34.243203840100016,10.891343112304344,961.4595615340876,8.0,2.5,12.0,210000.0,0.3,0.001100220619737829,4.571456154276101
plate_473,140.21576155654287,90.65227937642993,16.103386307278775,41.099073468260436,38.413707054576726,6.963432623560962,1245.5945243845445,8.0,2.5,12.0,210000.0,0.3,0.0017498251902925731,6.879542850665309
plate_474,144.73843221990452,90.7608915010744,8.5601777574425,76.8832760752667,27.107729870548695,7.670879312798401,830.3971673270626,8.0,2.5,12.0,210000.0,0.3,0.0009152337721407411,3.611759069035403
plate_475,170.24208001242732,91.22390072564981,10.986182636750595,77.59376008263693,62.62036860734043,8.66611768081226,505.5250642941413,8.0,2.5,12.0,210000.0,0.3,0.0006128860421759089,2.0940893176343525
plate_476,134.89198349725928,64.19348866406322,8.268920347648239,65.67968173621819,36.46361551356456,7.063708216821794,1138.8047417663443,8.0,2.5,12.0,210000.0,0.3,0.0017766756140639858,7.61281826062937
plate_477,129.58885243465875,69.32677110673073,10.490383244361063,76.58996056631909,23.284022982086046,7.399608978771727,862.1780840101501,8.0,2.5,12.0,210000.0,0.3,0.0012923918162759658,5.864897466933218
plate_478,136.92601280276364,67.99272518515383,11.05047232535246,34.7626613294621,25.73553225577033,6.6646230682602265,842.7385456826819,8.0,2.5,12.0,210000.0,0.3,0.0015556281612132635,6.336375759906221
plate_479,149.27810223179375,84.2623483849755,13.139363338196087,65.4919573358712,29.742939124633647,4.414252679854056,471.73498126350466,8.0,2.5,12.0,210000.0,0.3,0.0011772545977715484,4.598324726748722
plate_480,126.99406901254369,73.8848978454312,9.017448751066306,86.67043770441019,33.104027250260536,11.744453500329142,490.9618208566002,8.0,2.5,12.0,210000.0,0.3,0.0003809955413183855,1.7046549280222414
plate_481,146.49846684991678,79.05821289174393,8.47495546903486,103.04121792703978,40.25642517190854,8.545139911637865,540.8628363903598,8.0,2.5,12.0,210000.0,0.3,0.0006012023479795767,2.3761099122289386
plate_482,158.4356242182609,93.43995120292116,15.422493715394257,72.1416698659093,29.659318853214934,4.862978039414012,1298.367584139712,8.0,2.5,12.0,210000.0,0.3,0.003105060224934132,11.482749029645301
plate_483,124.08214041407724,62.03480776480024,10.025626312947733,82.61703374671734,35.152679147975775,9.849882711368858,868.370750545605,8.0,2.5,12.0,210000.0,0.3,0.0009822778410309705,4.740859634197753
plate_484,155.80262614009456,82.02817699948521,11.91554338547289,120.71744052073818,56.902581906128205,10.171020035404158,1114.1066501698667,8.0,2.5,12.0,210000.0,0.3,0.00123058891781573,4.913322037325573
plate_485,123.4319259349825,60.178179097742785,8.39319584708646,67.2377687106422,19.47593757275861,10.477222568799563,424.3046242054263,8.0,2.5,12.0,210000.0,0.3,0.0004770293008455004,2.288264975230181
plate_486,136.22943107676278,65.8239896328611,9.083237015575234,37.86671655814294,45.33764743367507,7.385487306098394,426.1752998386322,8.0,2.5,12.0,210000.0,0.3,0.0007129856606890842,2.888171843112857
plate_487,149.60543013727062,73.76395673097169,8.652310682849386,67.56707661108288,41.82955136941062,7.02832546861119,453.49357922269803,8.0,2.5,12.0,210000.0,0.3,0.0006775627681536949,2.619629206570187
plate_488,129.94224186202575,67.42865002436999,9.823334541812953,55.37879511817286,32.69589205753645,7.789546736808132,983.8583252645421,8.0,2.5,12.0,210000.0,0.3,0.0012879029413837093,5.86316993459544
plate_489,170.94886143624296,64.4574208188803,9.831209294053682,86.53215839937366,20.42498818750494,4.577684449277666,633.2435840597216,8.0,2.5,12.0,210000.0,0.3,0.00214569693497847,7.67318597910216
plate_490,131.919041127662,75.23972723830771,10.433233971380064,70.31241425732571,23.164690874033226,5.522189140448474,566.6777112712192,8.0,2.5,12.0,210000.0,0.3,0.0010765164400965226,4.677682022430951
plate_491,133.55815794403412,66.50932867079462,8.995454773894732,45.133763847585755,29.48016204277168,11.397153289700736,643.8251654882838,8.0,2.5,12.0,210000.0,0.3,0.0006047065127950666,2.5670305259345847
plate_492,167.2468814702621,63.53118147287632,9.408124910200183,104.2133950665327,26.95357200609287,4.638000079075754,1213.5350148319617,8.0,2.5,12.0,210000.0,0.3,0.003650955546242266,12.86958273763435
plate_493,153.5964241887084,68.79350585548245,8.94075268779176,35.64294702328798,24.36442255364697,5.377825665138938,1374.4641609213395,8.0,2.5,12.0,210000.0,0.3,0.003172258282869628,11.723431716779173
plate_494,122.1152770608843,73.63143345413576,11.185744060980445,85.66109052584024,36.01205091428987,6.105868098865237,1206.4399868786545,8.0,2.5,12.0,210000.0,0.3,0.0019081936131030415,9.080318984019366
plate_495,135.73653522431133,81.21791565324752,14.217288685915127,95.65388246436339,44.13094343080445,4.164502142272352,877.5199337674014,8.0,2.5,12.0,210000.0,0.3,0.002230781210500865,9.588611103350734
plate_496,159.5383254299473,63.818791452984826,9.086407449700658,73.81771997945978,23.197163197015776,4.793441214325733,709.9564088615291,8.0,2.5,12.0,210000.0,0.3,0.00205050216105714,7.382835257988558
plate_497,144.86422407019313,61.32633756551535,8.2847212607771,26.597624368510942,17.63273892052158,6.319200977513991,776.0109462176692,8.0,2.5,12.0,210000.0,0.3,0.001729953064018212,6.865273025287154
plate_498,125.3119755981001,63.32190023589741,9.817489941946658,44.66034957332225,33.7244488875224,5.150736915156723,636.7923330001186,8.0,2.5,12.0,210000.0,0.3,0.0013332338069736644,6.0925151259116985
plate_499,120.80403181224027,68.24286742011346,11.505140934377907,73.4706681458511,39.798528758439915,4.535478105624884,824.1206616371485,8.0,2.5,12.0,210000.0,0.3,0.0018741807980261669,9.351475667289218
