
                        S T E P       1


                                INCREMENT     1


 displacements (vx,vy,vz) for set NALL and time  0.1000000E+01

         1  1.737872E-03 -1.543267E-04  0.000000E+00
         2  0.000000E+00  0.000000E+00  0.000000E+00
         3  1.938535E-03 -2.530143E-04  0.000000E+00
         4  0.000000E+00  0.000000E+00  0.000000E+00
         5  2.352309E-03 -4.768419E-04  0.000000E+00
         6  1.738793E-03 -1.891547E-04  0.000000E+00
         7  1.723660E-03 -2.228722E-04  0.000000E+00
         8  1.692644E-03 -2.554255E-04  0.000000E+00
         9  1.646326E-03 -2.864999E-04  0.000000E+00
        10  1.584783E-03 -3.161549E-04  0.000000E+00
        11  1.510235E-03 -3.425277E-04  0.000000E+00
        12  1.424728E-03 -3.626659E-04  0.000000E+00
        13  1.330857E-03 -3.748856E-04  0.000000E+00
        14  1.231664E-03 -3.765930E-04  0.000000E+00
        15  1.132282E-03 -3.701037E-04  0.000000E+00
        16  1.029379E-03 -3.478434E-04  0.000000E+00
        17  9.353579E-04 -3.225959E-04  0.000000E+00
        18  8.493514E-04 -2.894290E-04  0.000000E+00
        19  7.745214E-04 -2.529504E-04  0.000000E+00
        20  7.103869E-04 -2.149900E-04  0.000000E+00
        21  6.612070E-04 -1.772345E-04  0.000000E+00
        22  6.266151E-04 -1.404073E-04  0.000000E+00
        23  6.076234E-04 -1.036170E-04  0.000000E+00
        24  6.054349E-04 -6.813678E-05  0.000000E+00
        25  6.191078E-04 -3.520099E-05  0.000000E+00
        26  6.477804E-04 -5.338868E-06  0.000000E+00
        27  6.912947E-04  2.260218E-05  0.000000E+00
        28  7.477031E-04  4.709862E-05  0.000000E+00
        29  8.158412E-04  6.759490E-05  0.000000E+00
        30  8.933744E-04  8.334505E-05  0.000000E+00
        31  9.780760E-04  9.243960E-05  0.000000E+00
        32  1.067403E-03  9.424687E-05  0.000000E+00
        33  1.159774E-03  9.002117E-05  0.000000E+00
        34  1.252639E-03  7.938901E-05  0.000000E+00
        35  1.343045E-03  6.258231E-05  0.000000E+00
        36  1.429282E-03  4.021662E-05  0.000000E+00
        37  1.509095E-03  1.229600E-05  0.000000E+00
        38  1.579016E-03 -1.866993E-05  0.000000E+00
        39  1.639862E-03 -4.926144E-05  0.000000E+00
        40  1.686936E-03 -8.261943E-05  0.000000E+00
        41  1.720488E-03 -1.184200E-04  0.000000E+00
        42  1.125603E-04  6.315531E-05  0.000000E+00
        43  2.052443E-04  9.376585E-05  0.000000E+00
        44  2.956734E-04  1.127644E-04  0.000000E+00
        45  3.877826E-04  1.253051E-04  0.000000E+00
        46  4.828071E-04  1.354834E-04  0.000000E+00
        47  5.805352E-04  1.466896E-04  0.000000E+00
        48  6.794093E-04  1.607470E-04  0.000000E+00
        49  7.766786E-04  1.789630E-04  0.000000E+00
        50  8.683271E-04  1.972272E-04  0.000000E+00
        51  9.514283E-04  2.086706E-04  0.000000E+00
        52  1.027056E-03  2.045113E-04  0.000000E+00
        53  1.101997E-03  1.797182E-04  0.000000E+00
        54  1.182018E-03  1.371756E-04  0.000000E+00
        55  1.270422E-03  8.398103E-05  0.000000E+00
        56  1.366110E-03  2.865628E-05  0.000000E+00
        57  1.465409E-03 -2.417096E-05  0.000000E+00
        58  1.564932E-03 -7.348115E-05  0.000000E+00
        59  1.662440E-03 -1.186009E-04  0.000000E+00
        60  1.756735E-03 -1.623272E-04  0.000000E+00
        61  1.848324E-03 -2.067253E-04  0.000000E+00
        62  0.000000E+00  0.000000E+00  0.000000E+00
        63  0.000000E+00  0.000000E+00  0.000000E+00
        64  0.000000E+00  0.000000E+00  0.000000E+00
        65  0.000000E+00  0.000000E+00  0.000000E+00
        66  0.000000E+00  0.000000E+00  0.000000E+00
        67  0.000000E+00  0.000000E+00  0.000000E+00
        68  0.000000E+00  0.000000E+00  0.000000E+00
        69  0.000000E+00  0.000000E+00  0.000000E+00
        70  0.000000E+00  0.000000E+00  0.000000E+00
        71  0.000000E+00  0.000000E+00  0.000000E+00
        72  1.986191E-03 -2.803745E-04  0.000000E+00
        73  2.035811E-03 -3.062015E-04  0.000000E+00
        74  2.086017E-03 -3.291472E-04  0.000000E+00
        75  2.134797E-03 -3.484390E-04  0.000000E+00
        76  2.180045E-03 -3.641232E-04  0.000000E+00
        77  2.219884E-03 -3.773878E-04  0.000000E+00
        78  2.253146E-03 -3.902895E-04  0.000000E+00
        79  2.279937E-03 -4.055617E-04  0.000000E+00
        80  2.302992E-03 -4.251925E-04  0.000000E+00
        81  2.326302E-03 -4.495945E-04  0.000000E+00
        82  2.261915E-03 -4.491244E-04  0.000000E+00
        83  2.168964E-03 -4.182815E-04  0.000000E+00
        84  2.070104E-03 -3.847265E-04  0.000000E+00
        85  1.961779E-03 -3.529869E-04  0.000000E+00
        86  1.842956E-03 -3.312513E-04  0.000000E+00
        87  1.709611E-03 -3.228789E-04  0.000000E+00
        88  1.570338E-03 -3.451174E-04  0.000000E+00
        89  1.434568E-03 -3.935749E-04  0.000000E+00
        90  1.322025E-03 -4.469067E-04  0.000000E+00
        91  1.233204E-03 -4.440281E-04  0.000000E+00
        92  1.137550E-03 -3.820913E-04  0.000000E+00
        93  1.014268E-03 -2.877314E-04  0.000000E+00
        94  8.753480E-04 -2.098476E-04  0.000000E+00
        95  7.373223E-04 -1.625831E-04  0.000000E+00
        96  6.109159E-04 -1.382836E-04  0.000000E+00
        97  4.974709E-04 -1.262606E-04  0.000000E+00
        98  3.939493E-04 -1.188307E-04  0.000000E+00
        99  2.977308E-04 -1.081229E-04  0.000000E+00
       100  2.057469E-04 -9.152115E-05  0.000000E+00
       101  1.120906E-04 -6.242742E-05  0.000000E+00
       102  6.058405E-04 -6.198052E-05  0.000000E+00
       103  1.658151E-03 -9.962959E-05  0.000000E+00
       104  1.747095E-03 -1.719377E-04  0.000000E+00
       105  7.397896E-04  1.240848E-05  0.000000E+00
       106  6.298466E-05 -6.081997E-07  0.000000E+00
       107  5.203280E-04  1.134836E-04  0.000000E+00
       108  1.429713E-03  1.043544E-05  0.000000E+00
       109  2.082915E-03 -3.202490E-04  0.000000E+00
       110  8.770415E-04  6.706680E-05  0.000000E+00
       111  6.114405E-04 -1.047946E-04  0.000000E+00
       112  1.035580E-03  1.068636E-04  0.000000E+00
       113  1.187630E-03  9.993747E-05  0.000000E+00
       114  1.706832E-03 -2.150279E-04  0.000000E+00
       115  1.596079E-03 -2.759200E-04  0.000000E+00
       116  7.052703E-04 -1.653619E-04  0.000000E+00
       117  8.559013E-04 -2.414721E-04  0.000000E+00
       118  5.209206E-04 -1.032986E-04  0.000000E+00
       119  1.459741E-03 -2.450413E-05  0.000000E+00
       120  1.893846E-03 -3.079759E-04  0.000000E+00
       121  8.164973E-04  1.647184E-04  0.000000E+00
       122  1.171346E-03  1.393850E-04  0.000000E+00
       123  9.964764E-04  1.902114E-04  0.000000E+00
       124  2.191583E-03 -3.714516E-04  0.000000E+00
       125  7.572891E-04 -1.478316E-04  0.000000E+00
       126  6.755368E-05 -8.930953E-06  0.000000E+00
       127  6.679164E-05  8.615688E-06  0.000000E+00
       128  3.323637E-04 -8.788115E-05  0.000000E+00
       129  1.657185E-03 -1.224170E-04  0.000000E+00
       130  3.269895E-04  9.625753E-05  0.000000E+00
       131  1.442945E-03 -3.481820E-04  0.000000E+00
       132  1.673516E-03 -2.854950E-04  0.000000E+00
       133  1.017179E-03 -3.360065E-04  0.000000E+00
       134  1.278733E-03 -3.935131E-04  0.000000E+00
       135  2.102530E-03 -3.798979E-04  0.000000E+00
       136  1.983672E-03 -2.777748E-04  0.000000E+00
       137  1.010754E-03 -2.929032E-04  0.000000E+00
       138  1.407332E-03 -3.836597E-04  0.000000E+00
       139  7.211006E-05 -2.340758E-05  0.000000E+00
       140  7.702626E-05  2.606988E-05  0.000000E+00
       141  1.843055E-03 -2.079753E-04  0.000000E+00
       142  2.223637E-03 -4.084756E-04  0.000000E+00
       143  1.501672E-03 -2.552211E-05  0.000000E+00
       144  1.444709E-03 -2.190726E-05  0.000000E+00
       145  1.364218E-03  2.217401E-05  0.000000E+00
       146  1.391356E-03 -4.280885E-06  0.000000E+00
       147  1.300480E-03  4.639211E-05  0.000000E+00
       148  1.369870E-03 -7.674733E-07  0.000000E+00
       149  1.476024E-03 -5.701413E-05  0.000000E+00
       150  1.474627E-03 -6.353103E-05  0.000000E+00
       151  1.261780E-03  6.595341E-05  0.000000E+00
       152  1.598710E-03 -1.249451E-04  0.000000E+00
       153  1.598842E-03 -1.262479E-04  0.000000E+00
       154  1.704588E-03 -1.704971E-04  0.000000E+00
       155  1.712833E-03 -1.736000E-04  0.000000E+00
       156  1.796136E-03 -2.049700E-04  0.000000E+00
       157  1.815064E-03 -2.123504E-04  0.000000E+00
       158  1.880160E-03 -2.371458E-04  0.000000E+00
       159  1.852864E-03 -2.242196E-04  0.000000E+00
       160  1.927140E-03 -2.580659E-04  0.000000E+00
       161  1.737851E-03 -1.789904E-04  0.000000E+00
       162  1.495128E-03 -6.761475E-05  0.000000E+00
       163  1.965604E-03 -2.727722E-04  0.000000E+00
       164  1.842206E-03 -2.205192E-04  0.000000E+00
       165  1.768777E-03 -1.870059E-04  0.000000E+00
       166  1.881057E-03 -2.437703E-04  0.000000E+00
       167  1.816757E-03 -2.126923E-04  0.000000E+00
       168  2.008812E-03 -2.958569E-04  0.000000E+00
       169  1.656179E-03 -1.379441E-04  0.000000E+00
       170  1.873552E-03 -2.303572E-04  0.000000E+00
       171  1.941633E-03 -2.603030E-04  0.000000E+00
       172  1.786456E-03 -1.896023E-04  0.000000E+00
       173  1.816445E-03 -2.361235E-04  0.000000E+00
       174  1.753924E-03 -2.104431E-04  0.000000E+00
       175  1.714620E-03 -1.683731E-04  0.000000E+00
       176  1.778096E-03 -1.922231E-04  0.000000E+00
       177  2.050539E-03 -3.096807E-04  0.000000E+00
       178  1.560649E-03 -6.709793E-05  0.000000E+00
       179  1.188106E-03  1.064095E-04  0.000000E+00
       180  1.158039E-03  1.206250E-04  0.000000E+00
       181  1.072602E-03  1.340769E-04  0.000000E+00
       182  1.060248E-03  1.470410E-04  0.000000E+00
       183  9.734818E-04  1.279136E-04  0.000000E+00
       184  1.228300E-03  9.216849E-05  0.000000E+00
       185  9.668411E-04  1.515945E-04  0.000000E+00
       186  8.744110E-04  1.152738E-04  0.000000E+00
       187  8.673762E-04  7.724267E-05  0.000000E+00
       188  7.687059E-04  6.683333E-05  0.000000E+00
       189  7.378675E-04  1.781410E-05  0.000000E+00
       190  6.557573E-04  2.588035E-05  0.000000E+00
       191  6.186641E-04 -1.650826E-05  0.000000E+00
       192  5.521037E-04  1.477169E-06  0.000000E+00
       193  5.281835E-04 -2.709262E-05  0.000000E+00
       194  4.660055E-04 -1.009601E-05  0.000000E+00
       195  4.597638E-04 -2.960430E-05  0.000000E+00
       196  3.939210E-04 -1.536396E-05  0.000000E+00
       197  3.971629E-04  3.908184E-06  0.000000E+00
       198  4.027437E-04 -3.027889E-05  0.000000E+00
       199  5.171674E-04 -4.526431E-05  0.000000E+00
       200  3.295319E-04 -1.909828E-05  0.000000E+00
       201  3.452872E-04 -3.381804E-05  0.000000E+00
       202  5.760878E-04  3.728889E-05  0.000000E+00
       203  4.229280E-04 -4.464679E-05  0.000000E+00
       204  2.666835E-04 -2.283058E-05  0.000000E+00
       205  2.553695E-04 -9.377650E-06  0.000000E+00
       206  2.853925E-04 -3.823918E-05  0.000000E+00
       207  1.914502E-04 -1.295387E-05  0.000000E+00
       208  6.696307E-04 -3.112440E-05  0.000000E+00
       209  7.759365E-04  1.066790E-04  0.000000E+00
       210  1.824200E-04 -2.227070E-06  0.000000E+00
       211  2.504262E-04  4.461345E-06  0.000000E+00
       212  1.776580E-04  8.772969E-06  0.000000E+00
       213  2.497400E-04  2.041270E-05  0.000000E+00
       214  1.273792E-03  6.938410E-05  0.000000E+00
       215  1.893428E-03 -2.703884E-04  0.000000E+00
       216  9.721501E-04  1.050480E-04  0.000000E+00
       217  1.735215E-03 -1.934499E-04  0.000000E+00
       218  1.725098E-03 -1.972726E-04  0.000000E+00
       219  1.681259E-03 -2.155886E-04  0.000000E+00
       220  1.736625E-03 -1.496409E-04  0.000000E+00
       221  1.111834E-03  1.096698E-04  0.000000E+00
       222  7.667394E-04 -1.998487E-04  0.000000E+00
       223  7.507320E-04 -1.618526E-04  0.000000E+00
       224  6.851519E-04 -1.281731E-04  0.000000E+00
       225  7.184785E-04 -1.305472E-04  0.000000E+00
       226  8.041475E-04 -1.698987E-04  0.000000E+00
       227  6.427221E-04 -9.400920E-05  0.000000E+00
       228  7.067145E-04 -1.110419E-04  0.000000E+00
       229  8.094022E-04 -1.629767E-04  0.000000E+00
       230  6.090108E-04 -7.462359E-05  0.000000E+00
       231  5.887660E-04 -7.044723E-05  0.000000E+00
       232  6.347992E-04 -8.726306E-05  0.000000E+00
       233  5.415672E-04 -5.896742E-05  0.000000E+00
       234  5.605125E-04 -7.504387E-05  0.000000E+00
       235  1.660836E-03 -2.403443E-04  0.000000E+00
       236  1.617334E-03 -2.500229E-04  0.000000E+00
       237  1.550324E-03 -2.820536E-04  0.000000E+00
       238  1.612786E-03 -2.468196E-04  0.000000E+00
       239  1.523138E-03 -2.963324E-04  0.000000E+00
       240  1.600886E-03 -2.721392E-04  0.000000E+00
       241  5.979737E-04 -8.267703E-05  0.000000E+00
       242  5.949937E-04 -7.262505E-05  0.000000E+00
       243  6.117811E-04 -5.960567E-05  0.000000E+00
       244  5.935425E-04 -6.340230E-05  0.000000E+00
       245  5.988817E-04 -8.609927E-05  0.000000E+00
       246  5.845905E-04 -4.743277E-05  0.000000E+00
       247  1.202418E-03 -3.947132E-04  0.000000E+00
       248  1.247283E-03 -4.060750E-04  0.000000E+00
       249  1.185372E-03 -3.995155E-04  0.000000E+00
       250  1.319016E-03 -3.941466E-04  0.000000E+00
       251  1.234990E-03 -4.164246E-04  0.000000E+00
       252  1.164939E-03 -3.972303E-04  0.000000E+00
       253  9.405751E-04 -2.953498E-04  0.000000E+00
       254  1.007476E-03 -3.131101E-04  0.000000E+00
       255  9.414768E-04 -2.710049E-04  0.000000E+00
       256  1.077942E-03 -3.565015E-04  0.000000E+00
       257  1.054325E-03 -3.345089E-04  0.000000E+00
       258  8.054079E-04  4.011944E-05  0.000000E+00
       259  7.796470E-04  1.491632E-05  0.000000E+00
       260  8.475365E-04  4.500832E-05  0.000000E+00
       261  8.168375E-04  3.065046E-05  0.000000E+00
       262  1.704940E-03 -1.252052E-04  0.000000E+00
       263  6.822839E-04 -1.435362E-05  0.000000E+00
       264  7.171418E-04 -1.449025E-05  0.000000E+00
       265  6.625782E-04 -3.799295E-05  0.000000E+00
       266  9.534997E-04  9.170436E-05  0.000000E+00
       267  9.278146E-04  8.030468E-05  0.000000E+00
       268  6.519399E-04 -1.328466E-04  0.000000E+00
       269  6.277383E-04 -1.028750E-04  0.000000E+00
       270  1.524133E-03 -3.100385E-04  0.000000E+00
       271  1.753004E-04  2.141699E-05  0.000000E+00
       272  2.515621E-04  3.928120E-05  0.000000E+00
       273  3.291441E-04  3.571486E-05  0.000000E+00
       274  1.745083E-04  3.663241E-05  0.000000E+00
       275  3.375310E-04  5.916101E-05  0.000000E+00
       276  4.155293E-04  5.450369E-05  0.000000E+00
       277  1.913520E-03 -2.452180E-04  0.000000E+00
       278  1.832997E-03 -2.073434E-04  0.000000E+00
       279  1.069950E-03  1.177962E-04  0.000000E+00
       280  1.002918E-03  1.060187E-04  0.000000E+00
       281  1.145151E-03  1.148572E-04  0.000000E+00
       282  1.749600E-03 -1.677433E-04  0.000000E+00
       283  1.724581E-03 -1.516611E-04  0.000000E+00
       284  1.679352E-03 -1.323255E-04  0.000000E+00
       285  1.620954E-03 -1.031187E-04  0.000000E+00
       286  1.747096E-03 -1.817256E-04  0.000000E+00
       287  1.785245E-03 -1.951941E-04  0.000000E+00
       288  2.110423E-03 -3.421012E-04  0.000000E+00
       289  2.043038E-03 -3.219520E-04  0.000000E+00
       290  2.133112E-03 -3.637148E-04  0.000000E+00
       291  9.112794E-04 -2.277043E-04  0.000000E+00
       292  4.257179E-04  8.234368E-05  0.000000E+00
       293  5.089461E-04  7.947319E-05  0.000000E+00
       294  6.086758E-04  1.083673E-04  0.000000E+00
       295  6.344157E-04 -4.109167E-05  0.000000E+00
       296  1.475291E-03 -3.224908E-04  0.000000E+00
       297  1.398171E-03 -3.628602E-04  0.000000E+00
       298  1.802957E-03 -2.670557E-04  0.000000E+00
       299  1.977582E-03 -3.130999E-04  0.000000E+00
       300  1.134629E-03 -3.805885E-04  0.000000E+00
       301  5.951390E-04  7.524857E-05  0.000000E+00
       302  1.622683E-03 -1.298511E-04  0.000000E+00
       303  1.535476E-03 -7.888047E-05  0.000000E+00
       304  1.413490E-03 -1.237160E-05  0.000000E+00
       305  1.580358E-03 -9.378022E-05  0.000000E+00
       306  1.359684E-03  8.811521E-06  0.000000E+00
       307  1.449743E-03 -2.490027E-05  0.000000E+00
       308  1.340690E-03  3.722772E-05  0.000000E+00
       309  1.571608E-03 -8.296328E-05  0.000000E+00
       310  1.671186E-03 -1.342100E-04  0.000000E+00
       311  6.892179E-04  1.083626E-04  0.000000E+00
       312  1.740739E-03 -1.909316E-04  0.000000E+00
       313  1.362062E-03 -3.772316E-04  0.000000E+00
       314  1.355116E-03 -3.904400E-04  0.000000E+00
       315  8.676447E-04  1.489056E-04  0.000000E+00
       316  1.346043E-03  4.867741E-05  0.000000E+00
       317  2.002534E-03 -2.867016E-04  0.000000E+00
       318  2.087734E-03 -3.225063E-04  0.000000E+00
       319  1.040142E-03  1.187610E-04  0.000000E+00
       320  1.909490E-03 -2.487678E-04  0.000000E+00
       321  1.957057E-03 -2.816487E-04  0.000000E+00
       322  1.981777E-03 -2.758377E-04  0.000000E+00
       323  4.965284E-04  4.735604E-05  0.000000E+00
       324  1.722830E-03 -2.470718E-04  0.000000E+00
       325  4.705414E-04 -4.231811E-05  0.000000E+00
       326  4.809659E-04  1.637720E-05  0.000000E+00
       327  3.233769E-04 -3.855340E-06  0.000000E+00
       328  3.713285E-04 -5.096854E-05  0.000000E+00
       329  3.100044E-04 -5.865325E-05  0.000000E+00
       330  2.220632E-04 -4.139892E-05  0.000000E+00
       331  4.186086E-04 -7.572111E-05  0.000000E+00
       332  4.665014E-04 -6.196086E-05  0.000000E+00
       333  2.054070E-04 -2.533009E-05  0.000000E+00
       334  3.244957E-04  1.426731E-05  0.000000E+00
       335  2.653872E-04  6.522707E-05  0.000000E+00
       336  1.726965E-04  5.471201E-05  0.000000E+00
       337  4.057039E-04  2.776493E-05  0.000000E+00
       338  2.399908E-04 -6.284172E-05  0.000000E+00
       339  1.488983E-04 -3.789624E-05  0.000000E+00
       340  6.296089E-05  3.353244E-06  0.000000E+00
       341  7.070758E-05  1.577539E-05  0.000000E+00
       342  7.073876E-05 -1.508383E-05  0.000000E+00
       343  2.212915E-03 -3.897692E-04  0.000000E+00
       344  6.405568E-05 -4.358387E-06  0.000000E+00
       345  2.031233E-03 -2.988224E-04  0.000000E+00
       346  6.767688E-04  6.775515E-05  0.000000E+00
       347  1.441903E-03 -3.436073E-04  0.000000E+00
       348  1.304661E-03 -4.205150E-04  0.000000E+00
       349  2.038690E-03 -3.004892E-04  0.000000E+00
       350  9.094619E-04  1.834656E-04  0.000000E+00
       351  1.083730E-03  1.749543E-04  0.000000E+00
       352  1.151500E-03  1.387026E-04  0.000000E+00
       353  6.370951E-04 -1.180420E-04  0.000000E+00
       354  7.082949E-04  1.406152E-04  0.000000E+00
       355  1.529306E-03 -3.281136E-04  0.000000E+00
       356  8.765109E-04 -2.014453E-04  0.000000E+00
       357  1.749395E-03 -1.641908E-04  0.000000E+00
       358  1.742237E-03 -1.682490E-04  0.000000E+00
       359  1.523804E-04 -5.803059E-05  0.000000E+00
       360  1.244920E-03  9.265616E-05  0.000000E+00
       361  1.399320E-04 -2.345776E-05  0.000000E+00
       362  1.049943E-03  1.662739E-04  0.000000E+00
       363  1.942726E-03 -2.580215E-04  0.000000E+00
       364  2.192169E-03 -4.120912E-04  0.000000E+00
       365  1.268624E-03  7.832053E-05  0.000000E+00
       366  1.210159E-03  9.621568E-05  0.000000E+00
       367  6.265699E-04 -4.919882E-05  0.000000E+00
       368  1.357330E-03  3.265775E-05  0.000000E+00
       369  1.317055E-04 -1.326633E-05  0.000000E+00
       370  4.207500E-04  1.069932E-04  0.000000E+00
       371  2.132191E-03 -3.404274E-04  0.000000E+00
       372  1.568794E-03 -9.507156E-05  0.000000E+00
       373  4.338214E-04 -1.022347E-04  0.000000E+00
       374  1.696767E-03 -2.145799E-04  0.000000E+00
       375  1.100953E-03 -3.630901E-04  0.000000E+00
       376  1.648310E-03 -1.353574E-04  0.000000E+00
       377  1.261026E-03  8.946257E-05  0.000000E+00
       378  2.391111E-04  8.340827E-05  0.000000E+00
       379  1.252802E-04 -5.234334E-06  0.000000E+00
       380  2.005855E-03 -3.455284E-04  0.000000E+00
       381  1.783180E-03 -2.981843E-04  0.000000E+00
       382  8.885300E-04 -2.268713E-04  0.000000E+00
       383  8.788344E-04  6.143719E-05  0.000000E+00
       384  2.061297E-03 -3.459389E-04  0.000000E+00
       385  2.171577E-03 -3.581830E-04  0.000000E+00
       386  1.427820E-04  6.114969E-05  0.000000E+00
       387  6.445135E-04 -1.014090E-04  0.000000E+00
       388  5.870224E-04 -7.273818E-05  0.000000E+00
       389  7.593867E-04  4.953723E-06  0.000000E+00
       390  1.210674E-04  2.232106E-06  0.000000E+00
       391  1.694759E-03 -1.500041E-04  0.000000E+00
       392  2.455955E-04 -8.361030E-05  0.000000E+00
       393  1.098563E-03  1.240102E-04  0.000000E+00
       394  5.613464E-04 -5.908207E-05  0.000000E+00
       395  5.670619E-04 -5.878277E-05  0.000000E+00
       396  4.895561E-04 -5.456430E-05  0.000000E+00
       397  1.200349E-04  1.028290E-05  0.000000E+00
       398  1.499500E-03 -3.255346E-04  0.000000E+00
       399  6.211346E-04  1.340028E-04  0.000000E+00
       400  5.366918E-04 -8.467820E-05  0.000000E+00
       401  1.742284E-03 -1.647201E-04  0.000000E+00
       402  1.216473E-03 -4.304130E-04  0.000000E+00
       403  7.694500E-04  1.326085E-04  0.000000E+00
       404  7.402399E-04 -1.293830E-04  0.000000E+00
       405  1.316111E-03  4.395597E-05  0.000000E+00
       406  1.508622E-03 -5.676474E-05  0.000000E+00
       407  8.163634E-04  3.849046E-05  0.000000E+00
       408  2.124278E-03 -3.411940E-04  0.000000E+00
       409  2.142515E-03 -3.821867E-04  0.000000E+00
       410  1.898713E-03 -2.373174E-04  0.000000E+00
       411  6.754963E-05 -3.037337E-05  0.000000E+00
       412  2.266005E-03 -4.368259E-04  0.000000E+00
       413  1.203761E-04  2.019289E-05  0.000000E+00
       414  1.906884E-03 -2.387097E-04  0.000000E+00
       415  1.761542E-03 -1.824938E-04  0.000000E+00
       416  6.654891E-05  3.015195E-05  0.000000E+00
       417  6.052641E-04 -8.451573E-05  0.000000E+00
       418  9.563074E-04  1.722514E-04  0.000000E+00
       419  3.553751E-04  8.132645E-05  0.000000E+00
       420  1.130109E-03  1.369282E-04  0.000000E+00
       421  1.291082E-03 -4.089226E-04  0.000000E+00
       422  8.153057E-04 -1.979575E-04  0.000000E+00
       423  6.345871E-04 -4.821638E-05  0.000000E+00
       424  1.136683E-03 -3.821774E-04  0.000000E+00
       425  1.816704E-03 -1.978494E-04  0.000000E+00
       426  1.681806E-03 -2.344284E-04  0.000000E+00
       427  1.205843E-04  3.179410E-05  0.000000E+00
       428  1.760419E-03 -1.789789E-04  0.000000E+00
       429  9.825460E-04 -2.824049E-04  0.000000E+00
       430  1.077100E-03 -3.613943E-04  0.000000E+00
       431  1.611804E-03 -6.991348E-05  0.000000E+00
       432  1.705054E-03 -1.532747E-04  0.000000E+00
       433  1.110521E-03 -3.693482E-04  0.000000E+00

 stresses (elem, integ.pnt.,sxx,syy,szz,sxy,sxz,syz) for set EALL and time  0.1000000E+01

         1   1  3.797763E+00  7.609150E-01  4.938871E-02  2.872877E-01  3.603463E-02  4.713963E-02
         1   2  3.797763E+00  7.609150E-01  4.938871E-02  2.872877E-01 -3.603463E-02 -4.713963E-02
         2   1  2.731374E+00 -2.978865E-02  3.623495E-02 -1.669788E-02 -1.060257E-03 -1.386193E-03
         2   2  2.731374E+00 -2.978865E-02  3.623495E-02 -1.669788E-02  1.060257E-03  1.386193E-03
         3   1  2.518008E+00 -3.656927E-03 -3.699857E-02 -3.543173E-01 -2.475972E-04  8.340407E-03
         3   2  2.518008E+00 -3.656927E-03 -3.699857E-02 -3.543173E-01  2.475972E-04 -8.340407E-03
         4   1  3.148455E+00 -7.053836E-02  9.099795E-02 -1.657254E-01 -2.045047E-03  1.457256E-02
         4   2  3.148455E+00 -7.053836E-02  9.099795E-02 -1.657254E-01  2.045047E-03 -1.457256E-02
         5   1  2.331407E+00  1.042613E-01 -1.899228E-02 -2.923344E-01  1.846021E-03  4.913239E-03
         5   2  2.331407E+00  1.042613E-01 -1.899228E-02 -2.923344E-01 -1.846021E-03 -4.913239E-03
         6   1  2.358908E+00  1.916110E-01 -8.562055E-03 -1.116711E-01  1.576445E-03 -1.322478E-03
         6   2  2.358908E+00  1.916110E-01 -8.562055E-03 -1.116711E-01 -1.576445E-03  1.322478E-03
         7   1  4.049144E+00  4.576078E-01 -1.543941E-01 -5.128451E-01  7.048955E-02  4.108332E-02
         7   2  4.049144E+00  4.576078E-01 -1.543941E-01 -5.128451E-01 -7.048955E-02 -4.108332E-02
         8   1  2.433868E+00  1.337703E-01  8.465285E-03  9.709952E-02  5.830540E-04  1.390515E-03
         8   2  2.433868E+00  1.337703E-01  8.465285E-03  9.709952E-02 -5.830540E-04 -1.390515E-03
         9   1  3.864628E+00  3.315067E-01 -1.617765E-01  5.174580E-01 -6.778887E-02  2.672488E-02
         9   2  3.864628E+00  3.315067E-01 -1.617765E-01  5.174580E-01  6.778887E-02 -2.672488E-02
        10   1  3.760456E+00  5.281017E-01 -7.090697E-02 -2.014125E-02 -3.986088E-02  3.850764E-02
        10   2  3.760456E+00  5.281017E-01 -7.090697E-02 -2.014125E-02  3.986088E-02 -3.850764E-02
        11   1  3.272791E+00 -4.818498E-01 -7.809297E-02 -1.553125E-01 -5.671513E-03  1.859850E-02
        11   2  3.272791E+00 -4.818498E-01 -7.809297E-02 -1.553125E-01  5.671513E-03 -1.859850E-02
        12   1  2.658210E+00 -2.638953E-02  1.272580E-03  1.080549E-02 -1.208796E-03 -3.269243E-03
        12   2  2.658210E+00 -2.638953E-02  1.272580E-03  1.080549E-02  1.208796E-03  3.269243E-03
        13   1  3.723250E+00 -4.054164E-01 -4.238419E-02  4.474089E-02  6.536937E-02  6.840818E-03
        13   2  3.723250E+00 -4.054164E-01 -4.238419E-02  4.474089E-02 -6.536937E-02 -6.840818E-03
        14   1  2.604835E+00 -1.086276E-01 -2.022481E-02  1.834275E-02 -1.814664E-03 -1.023066E-03
        14   2  2.604835E+00 -1.086276E-01 -2.022481E-02  1.834275E-02  1.814664E-03  1.023066E-03
        15   1  2.756079E+00  8.687010E-02  4.765362E-02 -3.066238E-01 -2.846173E-03  8.463498E-03
        15   2  2.756079E+00  8.687010E-02  4.765362E-02 -3.066238E-01  2.846173E-03 -8.463498E-03
        16   1  2.062367E+00 -7.925192E-01  4.472031E-02 -8.556357E-01  2.792878E-03 -5.323579E-02
        16   2  2.062367E+00 -7.925192E-01  4.472031E-02 -8.556357E-01 -2.792878E-03  5.323579E-02
        17   1  1.948177E+00 -8.295055E-01 -8.575940E-02 -9.032755E-01  1.148421E-02  7.211396E-02
        17   2  1.948177E+00 -8.295055E-01 -8.575940E-02 -9.032755E-01 -1.148421E-02 -7.211396E-02
        18   1  2.421718E+00  1.753830E-01  1.168131E-02 -1.332085E-01  4.430851E-04  2.524324E-04
        18   2  2.421718E+00  1.753830E-01  1.168131E-02 -1.332085E-01 -4.430851E-04 -2.524324E-04
        19   1  2.737126E+00 -3.656312E-01 -1.249852E-01 -4.433721E-01  2.094323E-04  1.492625E-02
        19   2  2.737126E+00 -3.656312E-01 -1.249852E-01 -4.433721E-01 -2.094323E-04 -1.492625E-02
        20   1  4.491735E+00  4.167264E-01 -1.773792E-01 -1.891641E-01 -7.458160E-02 -6.253600E-02
        20   2  4.491735E+00  4.167264E-01 -1.773792E-01 -1.891641E-01  7.458160E-02  6.253600E-02
        21   1  2.561566E+00  2.037076E-02 -4.431654E-02  2.657005E-01  6.335168E-04  4.969458E-03
        21   2  2.561566E+00  2.037076E-02 -4.431654E-02  2.657005E-01 -6.335168E-04 -4.969458E-03
        22   1  3.230531E+00  3.105967E-02  8.118899E-02 -1.912887E-01 -1.068300E-03  1.268154E-02
        22   2  3.230531E+00  3.105967E-02  8.118899E-02 -1.912887E-01  1.068300E-03 -1.268154E-02
        23   1  2.541953E+00  8.979024E-02  3.099044E-04  1.518553E-01  1.076995E-03 -1.482052E-03
        23   2  2.541953E+00  8.979024E-02  3.099044E-04  1.518553E-01 -1.076995E-03  1.482052E-03
        24   1  2.896765E+00 -4.541632E-01  1.170920E-01 -5.279686E-01  2.809851E-02 -2.847047E-02
        24   2  2.896765E+00 -4.541632E-01  1.170920E-01 -5.279686E-01 -2.809851E-02  2.847047E-02
        25   1  4.740120E+00  7.610687E-01  5.365662E-02  1.644328E-01 -1.890709E-02  5.126928E-02
        25   2  4.740120E+00  7.610687E-01  5.365662E-02  1.644328E-01  1.890709E-02 -5.126928E-02
        26   1  2.412700E+00  4.436741E-02 -1.545924E-02  9.674547E-02  5.734521E-04  1.367507E-03
        26   2  2.412700E+00  4.436741E-02 -1.545924E-02  9.674547E-02 -5.734521E-04 -1.367507E-03
        27   1  2.415070E+00  1.374308E-01  2.101688E-02 -2.831958E-01  1.766366E-03  4.923192E-03
        27   2  2.415070E+00  1.374308E-01  2.101688E-02 -2.831958E-01 -1.766366E-03 -4.923192E-03
        28   1  4.027685E+00 -8.740314E-02  6.457374E-02  5.307432E-01  9.797972E-02  3.870044E-02
        28   2  4.027685E+00 -8.740314E-02  6.457374E-02  5.307432E-01 -9.797972E-02 -3.870044E-02
        29   1  4.637586E+00  6.654898E-01  7.178953E-02 -7.462428E-02 -5.523771E-02  4.710155E-02
        29   2  4.637586E+00  6.654898E-01  7.178953E-02 -7.462428E-02  5.523771E-02 -4.710155E-02
        30   1  6.882660E-01 -4.241841E-01 -5.630418E-02  5.384156E-01 -4.407576E-02  2.999008E-02
        30   2  6.882660E-01 -4.241841E-01 -5.630418E-02  5.384156E-01  4.407576E-02 -2.999008E-02
        31   1  4.659177E+00  6.427305E-01 -2.111623E-01  1.082497E-01 -2.807842E-02  9.156507E-02
        31   2  4.659177E+00  6.427305E-01 -2.111623E-01  1.082497E-01  2.807842E-02 -9.156507E-02
        32   1 -1.776601E-01 -1.011466E+00 -5.004896E-02 -1.256932E-01  9.487268E-02  1.600138E-02
        32   2 -1.776601E-01 -1.011466E+00 -5.004896E-02 -1.256932E-01 -9.487268E-02 -1.600138E-02
        33   1  1.940000E+00  2.856206E-01  8.054313E-02  1.205082E-01 -1.181957E-02  4.406902E-03
        33   2  1.940000E+00  2.856206E-01  8.054313E-02  1.205082E-01  1.181957E-02 -4.406902E-03
        34   1  1.009088E+00 -8.926122E-02 -1.068849E-01 -6.563709E-01 -4.671852E-02  9.345453E-02
        34   2  1.009088E+00 -8.926122E-02 -1.068849E-01 -6.563709E-01  4.671852E-02 -9.345453E-02
        35   1  1.631602E-03 -1.318302E+00  4.331506E-02 -1.754148E-02 -7.506651E-02  6.879189E-02
        35   2  1.631602E-03 -1.318302E+00  4.331506E-02 -1.754148E-02  7.506651E-02 -6.879189E-02
        36   1  3.214733E+00  2.850782E-01 -2.804849E-01 -1.251227E+00 -1.246136E-01  4.717395E-03
        36   2  3.214733E+00  2.850782E-01 -2.804849E-01 -1.251227E+00  1.246136E-01 -4.717395E-03
        37   1  4.867792E+00  3.063750E-01 -3.390040E-01 -1.095195E+00  9.297952E-02  8.495327E-02
        37   2  4.867792E+00  3.063750E-01 -3.390040E-01 -1.095195E+00 -9.297952E-02 -8.495327E-02
        38   1  1.485825E-01 -1.012659E+00  7.789101E-02 -1.121983E-02  5.061393E-02  8.523293E-02
        38   2  1.485825E-01 -1.012659E+00  7.789101E-02 -1.121983E-02 -5.061393E-02 -8.523293E-02
        39   1  2.834919E+00  3.976288E-01 -1.687838E-01  1.238422E+00  1.008843E-01  3.335141E-02
        39   2  2.834919E+00  3.976288E-01 -1.687838E-01  1.238422E+00 -1.008843E-01 -3.335141E-02
        40   1  7.875214E-01 -2.832907E-01 -4.782745E-02  4.660504E-01  2.675933E-02  1.023174E-01
        40   2  7.875214E-01 -2.832907E-01 -4.782745E-02  4.660504E-01 -2.675933E-02 -1.023174E-01
        41   1  5.523421E+00  1.096094E-01 -4.088113E-01 -7.706133E-01 -8.649999E-02 -1.152761E-01
        41   2  5.523421E+00  1.096094E-01 -4.088113E-01 -7.706133E-01  8.649999E-02  1.152761E-01
        42   1  2.554574E+00 -5.087401E-02 -1.710944E-02 -8.118928E-02  8.772647E-04 -1.053579E-03
        42   2  2.554574E+00 -5.087401E-02 -1.710944E-02 -8.118928E-02 -8.772647E-04  1.053579E-03
        43   1  3.993413E+00  1.008946E+00 -3.889392E-02  6.790998E-02 -5.061096E-03  6.466398E-02
        43   2  3.993413E+00  1.008946E+00 -3.889392E-02  6.790998E-02  5.061096E-03 -6.466398E-02
        44   1  2.417738E+00  1.150678E-01 -2.157786E-03  1.043829E-01  1.425277E-03 -8.409835E-05
        44   2  2.417738E+00  1.150678E-01 -2.157786E-03  1.043829E-01 -1.425277E-03  8.409835E-05
        45   1  1.300697E+00  4.104501E-02 -9.901141E-02  1.232919E-01 -2.008416E-02  4.081019E-03
        45   2  1.300697E+00  4.104501E-02 -9.901141E-02  1.232919E-01  2.008416E-02 -4.081019E-03
        46   1  3.081467E+00 -3.407222E-01 -1.598232E-01 -5.446796E-01 -7.000608E-02  3.347080E-02
        46   2  3.081467E+00 -3.407222E-01 -1.598232E-01 -5.446796E-01  7.000608E-02 -3.347080E-02
        47   1  2.618930E+00  1.328466E-01  3.746471E-02  3.020937E-01  6.283188E-04  5.511735E-03
        47   2  2.618930E+00  1.328466E-01  3.746471E-02  3.020937E-01 -6.283188E-04 -5.511735E-03
        48   1  2.641749E+00 -2.068824E-02  1.579085E-02 -4.851253E-02 -4.386313E-04 -9.676830E-04
        48   2  2.641749E+00 -2.068824E-02  1.579085E-02 -4.851253E-02  4.386313E-04  9.676830E-04
        49   1  3.371422E-01 -9.079457E-01 -8.825183E-02  4.857836E-01 -5.988498E-02  6.234440E-02
        49   2  3.371422E-01 -9.079457E-01 -8.825183E-02  4.857836E-01  5.988498E-02 -6.234440E-02
        50   1  1.427761E+00 -6.889803E-01 -6.584553E-02 -8.034341E-01 -3.729524E-03  9.167304E-02
        50   2  1.427761E+00 -6.889803E-01 -6.584553E-02 -8.034341E-01  3.729524E-03 -9.167304E-02
        51   1  2.581224E+00 -7.412312E-03 -7.318382E-04  3.389878E-02 -6.009343E-04 -3.000108E-03
        51   2  2.581224E+00 -7.412312E-03 -7.318382E-04  3.389878E-02  6.009343E-04  3.000108E-03
        52   1  2.655126E+00 -4.895927E-04  1.120517E-02 -4.875341E-03 -1.409262E-03 -3.169003E-03
        52   2  2.655126E+00 -4.895927E-04  1.120517E-02 -4.875341E-03  1.409262E-03  3.169003E-03
        53   1  1.372528E+00 -6.096679E-01 -9.747920E-02  7.743409E-01  2.394058E-02 -3.681172E-02
        53   2  1.372528E+00 -6.096679E-01 -9.747920E-02  7.743409E-01 -2.394058E-02  3.681172E-02
        54   1  2.559076E+00  2.356929E-03  1.320030E-02  1.174018E-01 -2.051917E-03 -2.167721E-03
        54   2  2.559076E+00  2.356929E-03  1.320030E-02  1.174018E-01  2.051917E-03  2.167721E-03
        55   1  2.800593E+00  9.290924E-02  4.399607E-02  2.032130E-01  3.011829E-03  2.620119E-03
        55   2  2.800593E+00  9.290924E-02  4.399607E-02  2.032130E-01 -3.011829E-03 -2.620119E-03
        56   1  2.469309E+00 -2.538535E-02 -1.420677E-02  1.325808E-01  3.009463E-04 -1.820837E-03
        56   2  2.469309E+00 -2.538535E-02 -1.420677E-02  1.325808E-01 -3.009463E-04  1.820837E-03
        57   1  4.417616E+00  3.729145E-01  7.683339E-02 -7.311484E-02  6.493972E-02  2.032090E-02
        57   2  4.417616E+00  3.729145E-01  7.683339E-02 -7.311484E-02 -6.493972E-02 -2.032090E-02
        58   1  2.548625E+00  1.507835E-01  4.332835E-02 -2.433567E-01 -1.807342E-03  1.581996E-03
        58   2  2.548625E+00  1.507835E-01  4.332835E-02 -2.433567E-01  1.807342E-03 -1.581996E-03
        59   1  9.251880E-01 -8.365094E-01 -6.036231E-02 -8.195124E-01  4.775095E-02  6.803326E-02
        59   2  9.251880E-01 -8.365094E-01 -6.036231E-02 -8.195124E-01 -4.775095E-02 -6.803326E-02
        60   1  3.168735E+00  9.095448E-02 -3.676856E-02 -1.262344E-01 -1.005004E-02 -2.872363E-02
        60   2  3.168735E+00  9.095448E-02 -3.676856E-02 -1.262344E-01  1.005004E-02  2.872363E-02
        61   1  2.689944E+00 -4.186266E-01 -9.006092E-02  6.134102E-02 -5.823418E-03 -4.642157E-03
        61   2  2.689944E+00 -4.186266E-01 -9.006092E-02  6.134102E-02  5.823418E-03  4.642157E-03
        62   1  6.166889E+00  8.501604E-01  2.333373E-01 -3.456825E-01 -7.475243E-02 -6.257897E-02
        62   2  6.166889E+00  8.501604E-01  2.333373E-01 -3.456825E-01  7.475243E-02  6.257897E-02
        63   1  2.631511E+00  2.373638E-01 -6.012773E-03 -3.741996E-01 -9.076610E-03 -2.731955E-02
        63   2  2.631511E+00  2.373638E-01 -6.012773E-03 -3.741996E-01  9.076610E-03  2.731955E-02
        64   1  2.546757E+00  8.831599E-02 -4.486002E-03  8.729592E-02 -3.333207E-03 -1.520833E-03
        64   2  2.546757E+00  8.831599E-02 -4.486002E-03  8.729592E-02  3.333207E-03  1.520833E-03
        65   1  1.308322E+00 -1.316255E-01  9.317830E-02  8.425195E-01 -5.983724E-03 -9.770937E-02
        65   2  1.308322E+00 -1.316255E-01  9.317830E-02  8.425195E-01  5.983724E-03  9.770937E-02
        66   1  2.608709E+00  1.476610E-02 -1.215458E-02  1.826057E-01  3.846587E-03  2.699791E-03
        66   2  2.608709E+00  1.476610E-02 -1.215458E-02  1.826057E-01 -3.846587E-03 -2.699791E-03
        67   1  1.442077E+00 -3.565422E-01  9.666704E-02 -5.862805E-01 -2.527335E-02 -2.460863E-02
        67   2  1.442077E+00 -3.565422E-01  9.666704E-02 -5.862805E-01  2.527335E-02  2.460863E-02
        68   1  1.217439E+00 -2.243918E-01 -1.017149E-01  5.080800E-01  2.717566E-02 -1.478687E-02
        68   2  1.217439E+00 -2.243918E-01 -1.017149E-01  5.080800E-01 -2.717566E-02  1.478687E-02
        69   1  4.414413E+00  1.724706E-01  1.649563E-01 -6.459251E-01 -1.058856E-01  3.742579E-02
        69   2  4.414413E+00  1.724706E-01  1.649563E-01 -6.459251E-01  1.058856E-01 -3.742579E-02
        70   1  1.848733E+00 -7.242124E-01  4.934464E-02  6.113976E-01  2.285658E-02  1.049575E-01
        70   2  1.848733E+00 -7.242124E-01  4.934464E-02  6.113976E-01 -2.285658E-02 -1.049575E-01
        71   1  6.163190E-01 -1.301432E+00  2.246870E-03 -3.790386E-01  4.065296E-02  8.173930E-02
        71   2  6.163190E-01 -1.301432E+00  2.246870E-03 -3.790386E-01 -4.065296E-02 -8.173930E-02
        72   1  2.284422E+00 -4.800668E-01  1.133155E-01 -5.918254E-01 -4.197434E-02  9.754058E-02
        72   2  2.284422E+00 -4.800668E-01  1.133155E-01 -5.918254E-01  4.197434E-02 -9.754058E-02
        73   1  2.403531E+00  1.095429E-01 -8.946720E-03 -1.284964E-01 -1.624446E-04 -1.896799E-03
        73   2  2.403531E+00  1.095429E-01 -8.946720E-03 -1.284964E-01  1.624446E-04  1.896799E-03
        74   1  2.598729E+00 -4.208515E-02  2.213242E-03  6.636425E-02  1.124300E-03  2.768840E-04
        74   2  2.598729E+00 -4.208515E-02  2.213242E-03  6.636425E-02 -1.124300E-03 -2.768840E-04
        75   1  5.781163E-01 -1.340278E+00  4.166226E-02  2.674476E-01 -6.129333E-02  6.571816E-02
        75   2  5.781163E-01 -1.340278E+00  4.166226E-02  2.674476E-01  6.129333E-02 -6.571816E-02
        76   1  5.589861E+00  8.449581E-01  2.144931E-01 -5.772637E-01  8.063925E-02  4.430494E-02
        76   2  5.589861E+00  8.449581E-01  2.144931E-01 -5.772637E-01 -8.063925E-02 -4.430494E-02
        77   1  2.866407E+00 -5.489647E-01 -9.981878E-02  1.392465E-01 -8.031306E-03 -5.634843E-03
        77   2  2.866407E+00 -5.489647E-01 -9.981878E-02  1.392465E-01  8.031306E-03  5.634843E-03
        78   1  2.641627E+00 -9.179707E-02 -1.033158E-02  2.775383E-02  1.243849E-03  9.141360E-04
        78   2  2.641627E+00 -9.179707E-02 -1.033158E-02  2.775383E-02 -1.243849E-03 -9.141360E-04
        79   1  2.662418E-01 -1.497457E+00 -1.137743E-02 -1.463784E-01  7.031504E-02  4.282101E-02
        79   2  2.662418E-01 -1.497457E+00 -1.137743E-02 -1.463784E-01 -7.031504E-02 -4.282101E-02
        80   1  3.000849E+00 -2.802070E-01  1.703791E-01  8.537441E-01  6.118015E-02  9.198681E-02
        80   2  3.000849E+00 -2.802070E-01  1.703791E-01  8.537441E-01 -6.118015E-02 -9.198681E-02
        81   1  2.032777E+00 -6.617984E-01 -9.709425E-02 -7.852263E-01  3.011927E-03 -5.495615E-02
        81   2  2.032777E+00 -6.617984E-01 -9.709425E-02 -7.852263E-01 -3.011927E-03  5.495615E-02
        82   1  1.362613E+00 -7.891571E-02  8.018664E-02  4.657303E-01  2.041697E-02 -2.774290E-03
        82   2  1.362613E+00 -7.891571E-02  8.018664E-02  4.657303E-01 -2.041697E-02  2.774290E-03
        83   1  2.209368E+00 -6.809827E-01 -1.149765E-01 -7.056965E-01 -4.505744E-03 -2.536387E-02
        83   2  2.209368E+00 -6.809827E-01 -1.149765E-01 -7.056965E-01  4.505744E-03  2.536387E-02
        84   1  3.442244E+00  2.714727E-01 -5.486207E-02  9.261268E-02  1.782084E-02  1.694194E-02
        84   2  3.442244E+00  2.714727E-01 -5.486207E-02  9.261268E-02 -1.782084E-02 -1.694194E-02
        85   1  3.373214E+00 -2.071994E-01  8.714358E-02 -4.703024E-02 -2.167335E-02 -4.588475E-04
        85   2  3.373214E+00 -2.071994E-01  8.714358E-02 -4.703024E-02  2.167335E-02  4.588475E-04
        86   1  2.467999E+00  9.736250E-02  7.539376E-03 -1.456154E-01 -1.780018E-03  2.762852E-05
        86   2  2.467999E+00  9.736250E-02  7.539376E-03 -1.456154E-01  1.780018E-03 -2.762852E-05
        87   1  2.886563E+00 -1.826326E-01  8.025182E-02  1.367094E-01 -4.275863E-03 -2.899003E-03
        87   2  2.886563E+00 -1.826326E-01  8.025182E-02  1.367094E-01  4.275863E-03  2.899003E-03
        88   1  4.071629E-01 -1.300888E+00 -2.270605E-02 -4.715495E-01 -5.307314E-02 -7.175910E-02
        88   2  4.071629E-01 -1.300888E+00 -2.270605E-02 -4.715495E-01  5.307314E-02  7.175910E-02
        89   1  3.868165E+00  2.626909E-01  1.701327E-01 -9.209523E-01  8.619338E-02 -4.865099E-02
        89   2  3.868165E+00  2.626909E-01  1.701327E-01 -9.209523E-01 -8.619338E-02  4.865099E-02
        90   1  1.065985E+00 -1.013013E+00 -2.923141E-02 -6.110726E-01 -1.456603E-02 -9.378383E-02
        90   2  1.065985E+00 -1.013013E+00 -2.923141E-02 -6.110726E-01  1.456603E-02  9.378383E-02
        91   1  3.221399E+00 -5.443904E-01  1.494304E-02 -3.760089E-01  2.859755E-02 -9.131419E-03
        91   2  3.221399E+00 -5.443904E-01  1.494304E-02 -3.760089E-01 -2.859755E-02  9.131419E-03
        92   1  6.195937E+00  9.996681E-01  2.442805E-01  9.167291E-02 -1.160916E-02  8.417928E-02
        92   2  6.195937E+00  9.996681E-01  2.442805E-01  9.167291E-02  1.160916E-02 -8.417928E-02
        93   1  2.386704E+00  1.862105E-01 -7.446957E-04  9.403827E-02  2.393952E-03  1.380432E-03
        93   2  2.386704E+00  1.862105E-01 -7.446957E-04  9.403827E-02 -2.393952E-03 -1.380432E-03
        94   1  2.422442E+00  2.909582E-01  2.356708E-04 -2.550477E-03  4.864600E-03 -2.642779E-04
        94   2  2.422442E+00  2.909582E-01  2.356708E-04 -2.550477E-03 -4.864600E-03  2.642779E-04
        95   1  2.608742E+00 -2.522265E-01 -5.228818E-02  4.285276E-02 -6.314881E-04 -3.049242E-03
        95   2  2.608742E+00 -2.522265E-01 -5.228818E-02  4.285276E-02  6.314881E-04  3.049242E-03
        96   1  2.462732E+00  7.225044E-02  1.055189E-02  1.068375E-01 -3.559418E-04  9.894204E-04
        96   2  2.462732E+00  7.225044E-02  1.055189E-02  1.068375E-01  3.559418E-04 -9.894204E-04
        97   1  1.023171E+00 -2.641822E-01 -6.633719E-02 -4.367001E-01  2.426679E-02  2.096724E-02
        97   2  1.023171E+00 -2.641822E-01 -6.633719E-02 -4.367001E-01 -2.426679E-02 -2.096724E-02
        98   1  2.535637E+00  9.206332E-02 -1.912658E-03 -7.695857E-02 -6.641051E-03 -1.336421E-03
        98   2  2.535637E+00  9.206332E-02 -1.912658E-03 -7.695857E-02  6.641051E-03  1.336421E-03
        99   1  6.070435E+00  4.168659E-01 -2.271261E-01  4.295557E-01  4.336864E-02 -1.324525E-01
        99   2  6.070435E+00  4.168659E-01 -2.271261E-01  4.295557E-01 -4.336864E-02  1.324525E-01
       100   1  1.805292E+00  3.931194E-01  7.985351E-02  9.962779E-01 -5.547155E-02 -8.690491E-02
       100   2  1.805292E+00  3.931194E-01  7.985351E-02  9.962779E-01  5.547155E-02  8.690491E-02
       101   1  3.393451E+00 -4.490186E-01 -8.944134E-02 -7.269580E-02  2.889345E-03  8.952194E-03
       101   2  3.393451E+00 -4.490186E-01 -8.944134E-02 -7.269580E-02 -2.889345E-03 -8.952194E-03
       102   1  3.693933E+00 -2.270259E-01  7.156451E-02  6.400566E-01  6.249977E-02  4.507893E-02
       102   2  3.693933E+00 -2.270259E-01  7.156451E-02  6.400566E-01 -6.249977E-02 -4.507893E-02
       103   1  2.091794E+00 -3.561565E-01  8.476112E-02  7.162708E-01  1.118551E-02 -3.246279E-02
       103   2  2.091794E+00 -3.561565E-01  8.476112E-02  7.162708E-01 -1.118551E-02  3.246279E-02
       104   1  4.712750E+00  5.411898E-01  1.685897E-01 -7.709356E-01  9.883072E-02 -1.436319E-03
       104   2  4.712750E+00  5.411898E-01  1.685897E-01 -7.709356E-01 -9.883072E-02  1.436319E-03
       105   1  4.123629E+00 -2.573338E-02  5.286152E-02  3.163237E-01 -3.066709E-02 -1.222236E-02
       105   2  4.123629E+00 -2.573338E-02  5.286152E-02  3.163237E-01  3.066709E-02  1.222236E-02
       106   1  2.684895E+00  9.208910E-02  3.785688E-02 -2.050818E-01 -3.960673E-03  3.573202E-03
       106   2  2.684895E+00  9.208910E-02  3.785688E-02 -2.050818E-01  3.960673E-03 -3.573202E-03
       107   1  5.306178E+00  7.324703E-01  2.015479E-01  6.346499E-01 -9.269391E-02  3.263285E-02
       107   2  5.306178E+00  7.324703E-01  2.015479E-01  6.346499E-01  9.269391E-02 -3.263285E-02
       108   1  2.445921E+00 -8.117673E-01 -4.062602E-02  8.368847E-01 -8.085624E-03  4.919023E-02
       108   2  2.445921E+00 -8.117673E-01 -4.062602E-02  8.368847E-01  8.085624E-03 -4.919023E-02
       109   1  1.593058E+00 -6.068854E-02  4.006991E-02 -4.900853E-01  2.790160E-02  2.095114E-02
       109   2  1.593058E+00 -6.068854E-02  4.006991E-02 -4.900853E-01 -2.790160E-02 -2.095114E-02
       110   1  2.622803E+00 -3.506583E-02  5.623616E-04  1.644423E-02 -4.223000E-04 -1.854103E-03
       110   2  2.622803E+00 -3.506583E-02  5.623616E-04  1.644423E-02  4.223000E-04  1.854103E-03
       111   1  2.316122E+00 -6.045275E-01  1.202657E-01  6.664086E-01 -5.638126E-03 -5.118170E-02
       111   2  2.316122E+00 -6.045275E-01  1.202657E-01  6.664086E-01  5.638126E-03  5.118170E-02
       112   1  2.371944E+00 -7.683072E-01 -8.978565E-02  8.499588E-01 -4.848722E-03 -4.875896E-02
       112   2  2.371944E+00 -7.683072E-01 -8.978565E-02  8.499588E-01  4.848722E-03  4.875896E-02
       113   1  2.546427E+00  7.932035E-02  1.299672E-02 -6.700866E-03 -1.039603E-03  5.208621E-05
       113   2  2.546427E+00  7.932035E-02  1.299672E-02 -6.700866E-03  1.039603E-03 -5.208621E-05
       114   1  3.962475E+00 -4.274656E-01  1.151206E-01 -3.437994E-01 -5.988381E-02  4.468594E-02
       114   2  3.962475E+00 -4.274656E-01  1.151206E-01 -3.437994E-01  5.988381E-02 -4.468594E-02
       115   1  2.554496E+00  2.303739E-01  1.868978E-02 -4.854149E-02 -2.795438E-04 -4.123867E-03
       115   2  2.554496E+00  2.303739E-01  1.868978E-02 -4.854149E-02  2.795438E-04  4.123867E-03
       116   1  1.456629E+00 -1.063084E-01  1.265755E-02  5.283913E-01  8.114210E-02  1.258629E-01
       116   2  1.456629E+00 -1.063084E-01  1.265755E-02  5.283913E-01 -8.114210E-02 -1.258629E-01
       117   1  4.640831E+00  1.060600E+00  2.929678E-01  1.597281E+00  1.560677E-01  3.235488E-02
       117   2  4.640831E+00  1.060600E+00  2.929678E-01  1.597281E+00 -1.560677E-01 -3.235488E-02
       118   1 -1.632775E-01 -2.635637E+00 -3.159230E-01  3.056647E-01  4.964379E-02  8.134219E-02
       118   2 -1.632775E-01 -2.635637E+00 -3.159230E-01  3.056647E-01 -4.964379E-02 -8.134219E-02
       119   1  2.119423E+00  4.902798E-01  1.940559E-02  1.061399E+00 -1.070031E-01 -9.653549E-02
       119   2  2.119423E+00  4.902798E-01  1.940559E-02  1.061399E+00  1.070031E-01  9.653549E-02
       120   1  6.385476E+00  1.347642E+00  4.904311E-01 -1.726134E+00  1.276230E-01  3.380761E-02
       120   2  6.385476E+00  1.347642E+00  4.904311E-01 -1.726134E+00 -1.276230E-01 -3.380761E-02
       121   1  7.571411E+00  1.236549E+00  5.768168E-01 -1.511229E+00 -1.304937E-01 -6.082470E-02
       121   2  7.571411E+00  1.236549E+00  5.768168E-01 -1.511229E+00  1.304937E-01  6.082470E-02
       122   1  9.020425E+00  1.012234E+00  6.306336E-01  1.661013E-01  1.870454E-02 -1.171077E-01
       122   2  9.020425E+00  1.012234E+00  6.306336E-01  1.661013E-01 -1.870454E-02  1.171077E-01
       123   1  3.670693E+00  9.589136E-01  2.482515E-01 -1.407066E+00 -1.488157E-01  7.424291E-02
       123   2  3.670693E+00  9.589136E-01  2.482515E-01 -1.407066E+00  1.488157E-01 -7.424291E-02
       124   1  8.516421E-01 -6.544373E-01 -8.340260E-02 -2.383073E-01 -4.651601E-02  1.370383E-01
       124   2  8.516421E-01 -6.544373E-01 -8.340260E-02 -2.383073E-01  4.651601E-02 -1.370383E-01
       125   1 -7.803184E-02 -2.150337E+00 -2.779321E-01 -3.101909E-01 -2.857684E-02  1.033096E-01
       125   2 -7.803184E-02 -2.150337E+00 -2.779321E-01 -3.101909E-01  2.857684E-02 -1.033096E-01
       126   1  2.425369E+00 -2.527695E-01 -1.940604E-02  3.500692E-01  1.368996E-03 -6.556374E-03
       126   2  2.425369E+00 -2.527695E-01 -1.940604E-02  3.500692E-01 -1.368996E-03  6.556374E-03
       127   1  1.205030E+00 -7.763994E-01  7.090709E-02  6.473933E-01 -2.824650E-02  5.357030E-02
       127   2  1.205030E+00 -7.763994E-01  7.090709E-02  6.473933E-01  2.824650E-02 -5.357030E-02
       128   1  2.462734E+00 -2.975916E-02 -6.363501E-02 -2.639710E-01 -1.831565E-03  5.240476E-03
       128   2  2.462734E+00 -2.975916E-02 -6.363501E-02 -2.639710E-01  1.831565E-03 -5.240476E-03
       129   1  3.061955E+00 -6.965967E-01 -3.295536E-02 -5.498309E-01  1.269663E-02 -1.245049E-02
       129   2  3.061955E+00 -6.965967E-01 -3.295536E-02 -5.498309E-01 -1.269663E-02  1.245049E-02
       130   1  2.522491E+00 -2.175326E-01 -5.010821E-02 -1.797764E-01 -1.668232E-04 -2.286664E-03
       130   2  2.522491E+00 -2.175326E-01 -5.010821E-02 -1.797764E-01  1.668232E-04  2.286664E-03
       131   1  2.590436E+00  1.561250E-03  7.502769E-03 -6.363370E-02  7.417771E-04 -1.198908E-03
       131   2  2.590436E+00  1.561250E-03  7.502769E-03 -6.363370E-02 -7.417771E-04  1.198908E-03
       132   1  3.574233E+00 -2.360413E-01  9.783541E-02 -9.772859E-03  1.193317E-02  1.792515E-02
       132   2  3.574233E+00 -2.360413E-01  9.783541E-02 -9.772859E-03 -1.193317E-02 -1.792515E-02
       133   1  2.628183E+00 -5.488382E-02  1.822414E-02  1.077942E-01 -9.520151E-05 -4.615981E-03
       133   2  2.628183E+00 -5.488382E-02  1.822414E-02  1.077942E-01  9.520151E-05  4.615981E-03
       134   1  2.577116E+00 -1.060940E-01  3.709423E-02  2.358471E-01  3.576946E-04 -3.565633E-03
       134   2  2.577116E+00 -1.060940E-01  3.709423E-02  2.358471E-01 -3.576946E-04  3.565633E-03
       135   1  1.962588E+00  8.695045E-02  1.054699E-01  4.065896E-01  7.955279E-03 -1.204549E-02
       135   2  1.962588E+00  8.695045E-02  1.054699E-01  4.065896E-01 -7.955279E-03  1.204549E-02
       136   1 -1.219549E-01 -9.870731E-01 -5.955935E-02  2.485006E-01 -8.777766E-02  4.169351E-02
       136   2 -1.219549E-01 -9.870731E-01 -5.955935E-02  2.485006E-01  8.777766E-02 -4.169351E-02
       137   1  4.576979E+00  6.176349E-01 -1.819913E-01 -2.583992E-01  5.257896E-02  7.800838E-02
       137   2  4.576979E+00  6.176349E-01 -1.819913E-01 -2.583992E-01 -5.257896E-02 -7.800838E-02
       138   1  3.630381E+00 -2.757760E-01  9.651375E-02  1.650566E-01 -5.310849E-02 -1.164053E-02
       138   2  3.630381E+00 -2.757760E-01  9.651375E-02  1.650566E-01  5.310849E-02  1.164053E-02
       139   1  2.680669E+00 -4.024811E-03 -3.865021E-02  3.235154E-01 -3.886340E-04  1.140608E-02
       139   2  2.680669E+00 -4.024811E-03 -3.865021E-02  3.235154E-01  3.886340E-04 -1.140608E-02
       140   1 -5.411226E-02 -1.625710E+00  8.427906E-02  4.163131E-02  9.639522E-02 -5.280962E-03
       140   2 -5.411226E-02 -1.625710E+00  8.427906E-02  4.163131E-02 -9.639522E-02  5.280962E-03
       141   1  4.340134E+00  3.314578E-01 -3.533580E-01  1.292553E+00 -1.017645E-01  5.576407E-02
       141   2  4.340134E+00  3.314578E-01 -3.533580E-01  1.292553E+00  1.017645E-01 -5.576407E-02
       142   1  5.687148E+00  3.488796E-04 -4.187247E-01  1.773083E-01 -1.351574E-02  1.196687E-01
       142   2  5.687148E+00  3.488796E-04 -4.187247E-01  1.773083E-01  1.351574E-02 -1.196687E-01
       143   1  8.100007E-01 -2.615476E-02 -5.683077E-02 -6.073717E-01  3.750662E-02 -9.544158E-02
       143   2  8.100007E-01 -2.615476E-02 -5.683077E-02 -6.073717E-01 -3.750662E-02  9.544158E-02
       144   1 -5.201113E-02 -1.599170E+00  8.386183E-02 -7.939967E-02 -9.327579E-02  2.168956E-02
       144   2 -5.201113E-02 -1.599170E+00  8.386183E-02 -7.939967E-02  9.327579E-02 -2.168956E-02
       145   1  2.580195E+00  3.387881E-01 -2.806577E-01 -1.259688E+00  1.098978E-01 -2.067837E-02
       145   2  2.580195E+00  3.387881E-01 -2.806577E-01 -1.259688E+00 -1.098978E-01  2.067837E-02
       146   1  3.642455E-01 -5.296526E-01  3.480442E-02 -3.233661E-01 -1.523221E-02 -9.415074E-02
       146   2  3.642455E-01 -5.296526E-01  3.480442E-02 -3.233661E-01  1.523221E-02  9.415074E-02
       147   1  4.680975E-02 -1.165324E+00  4.920552E-02 -2.504678E-02 -5.814004E-02 -7.266898E-02
       147   2  4.680975E-02 -1.165324E+00  4.920552E-02 -2.504678E-02  5.814004E-02  7.266898E-02
       148   1  1.534562E+00  2.810873E-01 -1.811804E-01 -9.770730E-01  8.454241E-02 -7.028353E-02
       148   2  1.534562E+00  2.810873E-01 -1.811804E-01 -9.770730E-01 -8.454241E-02  7.028353E-02
       149   1  5.320202E+00  1.812276E-01 -3.610964E-01  8.739112E-01 -6.643747E-02  1.018062E-01
       149   2  5.320202E+00  1.812276E-01 -3.610964E-01  8.739112E-01  6.643747E-02 -1.018062E-01
       150   1  3.276537E+00  5.136763E-01 -2.617424E-01  1.381176E+00 -1.082409E-01  2.898087E-03
       150   2  3.276537E+00  5.136763E-01 -2.617424E-01  1.381176E+00  1.082409E-01 -2.898087E-03
       151   1  1.517669E-01 -9.830600E-01  2.805448E-02  9.497587E-02  3.601322E-02 -8.169335E-02
       151   2  1.517669E-01 -9.830600E-01  2.805448E-02  9.497587E-02 -3.601322E-02  8.169335E-02
       152   1 -2.298581E-02 -1.554279E+00  8.896409E-02 -1.365578E-02 -8.688406E-02 -2.801357E-02
       152   2 -2.298581E-02 -1.554279E+00  8.896409E-02 -1.365578E-02  8.688406E-02  2.801357E-02
       153   1  5.564166E+00  5.720008E-02 -4.005588E-01 -5.407155E-01  4.100710E-02  1.143592E-01
       153   2  5.564166E+00  5.720008E-02 -4.005588E-01 -5.407155E-01 -4.100710E-02 -1.143592E-01
       154   1 -1.562031E-03 -1.437723E+00  6.672263E-02  2.543000E-02  7.850469E-02 -5.319543E-02
       154   2 -1.562031E-03 -1.437723E+00  6.672263E-02  2.543000E-02 -7.850469E-02  5.319543E-02
       155   1  2.839269E+00 -1.552198E-01  2.482174E-02  2.881109E-02  1.579964E-03 -1.419536E-03
       155   2  2.839269E+00 -1.552198E-01  2.482174E-02  2.881109E-02 -1.579964E-03  1.419536E-03
       156   1  4.491458E+00  2.966531E-01  1.249022E-01  1.929043E-01 -6.008167E-02  1.257524E-02
       156   2  4.491458E+00  2.966531E-01  1.249022E-01  1.929043E-01  6.008167E-02 -1.257524E-02
       157   1  2.592728E+00 -1.313631E-01 -3.828917E-02 -6.058479E-02  1.607722E-03  2.279955E-04
       157   2  2.592728E+00 -1.313631E-01 -3.828917E-02 -6.058479E-02 -1.607722E-03 -2.279955E-04
       158   1  3.430098E+00  2.485675E-01  4.432423E-02  3.018522E-01  2.167540E-02  1.659260E-02
       158   2  3.430098E+00  2.485675E-01  4.432423E-02  3.018522E-01 -2.167540E-02 -1.659260E-02
       159   1  2.794211E+00 -6.122274E-01 -7.684334E-02 -5.490868E-01  2.700223E-04  2.994375E-02
       159   2  2.794211E+00 -6.122274E-01 -7.684334E-02 -5.490868E-01 -2.700223E-04 -2.994375E-02
       160   1  4.487073E+00  5.189189E-01  1.879083E-01  8.176941E-01 -9.388871E-02 -2.068611E-02
       160   2  4.487073E+00  5.189189E-01  1.879083E-01  8.176941E-01  9.388871E-02  2.068611E-02
       161   1  2.649115E+00 -2.171193E-01 -3.909248E-02 -5.482606E-02  1.960459E-03 -1.443533E-03
       161   2  2.649115E+00 -2.171193E-01 -3.909248E-02 -5.482606E-02 -1.960459E-03  1.443533E-03
       162   1  2.585990E+00 -1.251553E-01 -2.470364E-02 -7.476445E-02 -4.963516E-04 -1.055778E-03
       162   2  2.585990E+00 -1.251553E-01 -2.470364E-02 -7.476445E-02  4.963516E-04  1.055778E-03
       163   1  2.666565E+00 -3.376612E-02  3.577009E-02 -1.142696E-01 -4.138410E-05 -2.116967E-03
       163   2  2.666565E+00 -3.376612E-02  3.577009E-02 -1.142696E-01  4.138410E-05  2.116967E-03
       164   1  1.629786E+00  4.967453E-02 -1.555623E-03 -3.084600E-01 -1.388854E-02 -5.153209E-03
       164   2  1.629786E+00  4.967453E-02 -1.555623E-03 -3.084600E-01  1.388854E-02  5.153209E-03
       165   1  2.787704E+00 -5.339035E-01  1.102008E-01 -5.561519E-01 -1.179269E-02  4.137510E-02
       165   2  2.787704E+00 -5.339035E-01  1.102008E-01 -5.561519E-01  1.179269E-02 -4.137510E-02
       166   1  2.418958E+00  1.884288E-01 -5.546449E-02  2.328948E-01  1.273884E-03 -2.712544E-02
       166   2  2.418958E+00  1.884288E-01 -5.546449E-02  2.328948E-01 -1.273884E-03  2.712544E-02
       167   1  2.340444E+00  2.624072E-01 -1.099411E-02  5.865479E-03  2.486289E-03 -1.943917E-04
       167   2  2.340444E+00  2.624072E-01 -1.099411E-02  5.865479E-03 -2.486289E-03  1.943917E-04
       168   1  3.653010E+00 -1.837716E-01 -1.096963E-02 -4.846828E-02  2.981784E-02 -7.145934E-03
       168   2  3.653010E+00 -1.837716E-01 -1.096963E-02 -4.846828E-02 -2.981784E-02  7.145934E-03
       169   1  3.134090E+00 -1.741873E-01  7.606820E-02 -7.150501E-02 -8.352252E-03 -4.074539E-03
       169   2  3.134090E+00 -1.741873E-01  7.606820E-02 -7.150501E-02  8.352252E-03  4.074539E-03
       170   1  2.892196E+00 -8.934031E-02  6.179436E-02 -3.992261E-02 -6.776272E-03 -1.383046E-03
       170   2  2.892196E+00 -8.934031E-02  6.179436E-02 -3.992261E-02  6.776272E-03  1.383046E-03
       171   1  2.502621E+00 -6.509517E-02 -1.430740E-02  1.456590E-01  5.945793E-04 -4.419387E-03
       171   2  2.502621E+00 -6.509517E-02 -1.430740E-02  1.456590E-01 -5.945793E-04  4.419387E-03
       172   1  2.401668E+00  2.347866E-01  1.456544E-02 -7.575800E-02  1.699291E-03 -8.538688E-04
       172   2  2.401668E+00  2.347866E-01  1.456544E-02 -7.575800E-02 -1.699291E-03  8.538688E-04
       173   1 -1.929239E-01 -9.965461E-01 -2.634237E-02 -3.840506E-02 -9.393348E-02 -1.377454E-03
       173   2 -1.929239E-01 -9.965461E-01 -2.634237E-02 -3.840506E-02  9.393348E-02  1.377454E-03
       174   1  3.493872E+00 -5.323964E-01  8.457724E-02  1.994736E-01  4.312077E-02  3.197909E-02
       174   2  3.493872E+00 -5.323964E-01  8.457724E-02  1.994736E-01 -4.312077E-02 -3.197909E-02
       175   1  2.125702E+00 -2.052209E-01  1.031922E-01 -5.493056E-01 -9.401915E-03 -1.506836E-02
       175   2  2.125702E+00 -2.052209E-01  1.031922E-01 -5.493056E-01  9.401915E-03  1.506836E-02
       176   1  1.909432E-01 -8.987333E-01 -3.528506E-02  4.878610E-01  7.111259E-02 -5.730440E-02
       176   2  1.909432E-01 -8.987333E-01 -3.528506E-02  4.878610E-01 -7.111259E-02  5.730440E-02
       177   1  1.855338E+00 -3.862261E-01 -9.869278E-02 -8.042742E-01  3.471587E-02 -7.410161E-02
       177   2  1.855338E+00 -3.862261E-01 -9.869278E-02 -8.042742E-01 -3.471587E-02  7.410161E-02
       178   1  1.366245E+00 -9.946924E-03 -1.143527E-01  2.258670E-01  1.536562E-02 -3.256169E-03
       178   2  1.366245E+00 -9.946924E-03 -1.143527E-01  2.258670E-01 -1.536562E-02  3.256169E-03
       179   1  3.096452E+00  2.080820E-01  3.165200E-04 -6.611141E-02  1.243983E-02 -4.281236E-02
       179   2  3.096452E+00  2.080820E-01  3.165200E-04 -6.611141E-02 -1.243983E-02  4.281236E-02
       180   1  2.528197E+00  1.222192E-02 -8.406723E-03 -4.356124E-02 -7.411218E-04  2.161971E-04
       180   2  2.528197E+00  1.222192E-02 -8.406723E-03 -4.356124E-02  7.411218E-04 -2.161971E-04
       181   1  2.412334E+00  1.923067E-01  1.016464E-02  7.750872E-02  2.732245E-03  6.357756E-04
       181   2  2.412334E+00  1.923067E-01  1.016464E-02  7.750872E-02 -2.732245E-03 -6.357756E-04
       182   1  2.801980E+00 -1.102606E-01  5.722164E-02 -1.253041E-01  2.513913E-03 -2.439497E-03
       182   2  2.801980E+00 -1.102606E-01  5.722164E-02 -1.253041E-01 -2.513913E-03  2.439497E-03
       183   1  2.554168E+00 -3.507534E-01 -6.049521E-02  2.029274E-01  1.078919E-04 -3.857184E-03
       183   2  2.554168E+00 -3.507534E-01 -6.049521E-02  2.029274E-01 -1.078919E-04  3.857184E-03
       184   1  2.605440E+00 -5.254800E-02 -7.699595E-02 -1.199288E-01 -1.281341E-02 -5.622671E-03
       184   2  2.605440E+00 -5.254800E-02 -7.699595E-02 -1.199288E-01  1.281341E-02  5.622671E-03
       185   1  2.527934E+00  5.366378E-01  5.382611E-02 -1.812773E-01 -3.767280E-03  4.322087E-03
       185   2  2.527934E+00  5.366378E-01  5.382611E-02 -1.812773E-01  3.767280E-03 -4.322087E-03
       186   1  2.814584E+00  3.353398E-01  2.798901E-02  2.071424E-01  4.879592E-03  1.394389E-02
       186   2  2.814584E+00  3.353398E-01  2.798901E-02  2.071424E-01 -4.879592E-03 -1.394389E-02
       187   1  1.145018E+00 -7.163243E-04 -6.123073E-02 -1.448766E-02  3.345814E-02  4.226581E-03
       187   2  1.145018E+00 -7.163243E-04 -6.123073E-02 -1.448766E-02 -3.345814E-02 -4.226581E-03
       188   1  3.175812E+00  1.573953E-01  4.784807E-02 -3.094723E-01 -1.556343E-02  1.065693E-02
       188   2  3.175812E+00  1.573953E-01  4.784807E-02 -3.094723E-01  1.556343E-02 -1.065693E-02
       189   1  2.518883E+00 -2.088942E-01  3.723162E-02  3.476276E-01  6.236006E-04 -6.411078E-03
       189   2  2.518883E+00 -2.088942E-01  3.723162E-02  3.476276E-01 -6.236006E-04  6.411078E-03
       190   1  2.721041E+00  6.314370E-02  4.508723E-02  3.836278E-01 -2.664778E-04  7.486606E-03
       190   2  2.721041E+00  6.314370E-02  4.508723E-02  3.836278E-01  2.664778E-04 -7.486606E-03
       191   1  1.959455E+00 -6.546868E-01  3.617568E-02  7.253140E-01 -2.637481E-02 -7.477212E-02
       191   2  1.959455E+00 -6.546868E-01  3.617568E-02  7.253140E-01  2.637481E-02  7.477212E-02
       192   1  2.590806E+00 -3.077890E-02  2.527858E-03  6.380326E-02  1.674507E-04  1.078601E-03
       192   2  2.590806E+00 -3.077890E-02  2.527858E-03  6.380326E-02 -1.674507E-04 -1.078601E-03
       193   1  2.506373E+00 -2.246273E-02 -2.239668E-02  1.723326E-01 -2.929832E-03  5.675628E-03
       193   2  2.506373E+00 -2.246273E-02 -2.239668E-02  1.723326E-01  2.929832E-03 -5.675628E-03
       194   1  2.456842E+00  1.339464E-02 -2.757367E-02 -1.646954E-01  5.973931E-04  7.000292E-03
       194   2  2.456842E+00  1.339464E-02 -2.757367E-02 -1.646954E-01 -5.973931E-04 -7.000292E-03
       195   1 -1.581741E-01 -9.749321E-01 -4.194569E-02  2.195286E-01  9.402359E-02 -2.327042E-02
       195   2 -1.581741E-01 -9.749321E-01 -4.194569E-02  2.195286E-01 -9.402359E-02  2.327042E-02
       196   1  2.377077E+00  3.306630E-01 -3.199280E-02 -1.093945E-01 -1.400592E-03  3.192563E-04
       196   2  2.377077E+00  3.306630E-01 -3.199280E-02 -1.093945E-01  1.400592E-03 -3.192563E-04
       197   1  1.839288E+00 -5.715554E-01  4.077767E-02 -7.868680E-01  3.678833E-02 -9.593978E-02
       197   2  1.839288E+00 -5.715554E-01  4.077767E-02 -7.868680E-01 -3.678833E-02  9.593978E-02
       198   1  1.625298E-01 -1.566176E+00 -2.598003E-02 -1.971235E-01 -7.759145E-02 -2.738906E-02
       198   2  1.625298E-01 -1.566176E+00 -2.598003E-02 -1.971235E-01  7.759145E-02  2.738906E-02
       199   1  1.839715E-01 -1.573827E+00 -8.284939E-03  3.311893E-02 -7.708934E-02  2.075181E-02
       199   2  1.839715E-01 -1.573827E+00 -8.284939E-03  3.311893E-02  7.708934E-02 -2.075181E-02
       200   1  6.109230E+00  9.951724E-01  2.415006E-01 -2.939720E-01  3.568993E-02  7.179015E-02
       200   2  6.109230E+00  9.951724E-01  2.415006E-01 -2.939720E-01 -3.568993E-02 -7.179015E-02
       201   1  3.385823E-01 -1.491249E+00 -7.342579E-03  2.608089E-01  6.883949E-02 -5.131550E-02
       201   2  3.385823E-01 -1.491249E+00 -7.342579E-03  2.608089E-01 -6.883949E-02  5.131550E-02
       202   1  6.911483E-01 -1.220685E+00 -5.152391E-03  4.867723E-01  4.197001E-02 -8.359931E-02
       202   2  6.911483E-01 -1.220685E+00 -5.152391E-03  4.867723E-01 -4.197001E-02  8.359931E-02
       203   1  5.974534E+00  9.881925E-01  2.546722E-01  3.954286E-01 -5.901051E-02  6.392082E-02
       203   2  5.974534E+00  9.881925E-01  2.546722E-01  3.954286E-01  5.901051E-02 -6.392082E-02
       204   1  2.901170E+00 -6.535025E-02  1.356108E-01 -8.529863E-01  6.771984E-02 -8.563822E-02
       204   2  2.901170E+00 -6.535025E-02  1.356108E-01 -8.529863E-01 -6.771984E-02  8.563822E-02
       205   1  2.717867E+00 -7.635226E-02  2.357745E-02 -2.145442E-02  2.178911E-03 -1.154313E-03
       205   2  2.717867E+00 -7.635226E-02  2.357745E-02 -2.145442E-02 -2.178911E-03  1.154313E-03
       206   1  6.444221E+00  5.147014E-01 -5.093282E-02  4.045346E-01  7.048299E-02 -1.221175E-01
       206   2  6.444221E+00  5.147014E-01 -5.093282E-02  4.045346E-01 -7.048299E-02  1.221175E-01
       207   1  9.437718E-01 -4.100239E-01 -2.097440E-01  4.846691E-01 -6.301009E-02 -1.025849E-01
       207   2  9.437718E-01 -4.100239E-01 -2.097440E-01  4.846691E-01  6.301009E-02  1.025849E-01
       208   1  8.418158E+00  1.150397E+00  6.391647E-01  1.488471E+00  1.004421E-01 -6.686567E-02
       208   2  8.418158E+00  1.150397E+00  6.391647E-01  1.488471E+00 -1.004421E-01  6.686567E-02
       209   1  1.012086E+00 -9.729161E-02  4.133259E-02  5.907839E-01 -5.702583E-02 -1.227754E-01
       209   2  1.012086E+00 -9.729161E-02  4.133259E-02  5.907839E-01  5.702583E-02  1.227754E-01
       210   1  3.441036E+00  7.342144E-02 -1.405153E-01 -6.094493E-01  7.039236E-02 -1.859467E-03
       210   2  3.441036E+00  7.342144E-02 -1.405153E-01 -6.094493E-01 -7.039236E-02  1.859467E-03
       211   1  2.662926E+00 -1.983951E-01 -5.248883E-02 -1.006499E-01 -6.122335E-04  4.370989E-03
       211   2  2.662926E+00 -1.983951E-01 -5.248883E-02 -1.006499E-01  6.122335E-04 -4.370989E-03
       212   1  3.836171E+00  8.604600E-01  1.770097E-02 -1.988645E-01 -8.552450E-03  4.660495E-02
       212   2  3.836171E+00  8.604600E-01  1.770097E-02 -1.988645E-01  8.552450E-03 -4.660495E-02
       213   1  2.742215E+00 -9.291501E-02  5.256114E-02  9.625418E-02 -3.063217E-04 -2.678478E-03
       213   2  2.742215E+00 -9.291501E-02  5.256114E-02  9.625418E-02  3.063217E-04  2.678478E-03
       214   1  2.192836E+00  1.154280E-01 -3.453624E-02  1.254675E-01  3.650717E-03 -5.073889E-04
       214   2  2.192836E+00  1.154280E-01 -3.453624E-02  1.254675E-01 -3.650717E-03  5.073889E-04
       215   1  2.742707E+00 -2.669883E-02  4.031591E-02 -1.075816E-01 -2.141435E-04  1.065133E-03
       215   2  2.742707E+00 -2.669883E-02  4.031591E-02 -1.075816E-01  2.141435E-04 -1.065133E-03
       216   1  2.807566E+00 -7.367433E-02 -3.341298E-02  1.976780E-01  5.286700E-03  4.773452E-03
       216   2  2.807566E+00 -7.367433E-02 -3.341298E-02  1.976780E-01 -5.286700E-03 -4.773452E-03
       217   1  2.350008E+00  1.383629E-01  3.048695E-02  1.680245E-01  3.187341E-03 -1.035379E-03
       217   2  2.350008E+00  1.383629E-01  3.048695E-02  1.680245E-01 -3.187341E-03  1.035379E-03
       218   1  2.861832E+00  9.828856E-02  6.473984E-02 -2.396678E-01 -2.759110E-03  5.447686E-03
       218   2  2.861832E+00  9.828856E-02  6.473984E-02 -2.396678E-01  2.759110E-03 -5.447686E-03
       219   1  2.145874E+00  3.685726E-02 -3.652732E-02  2.189205E-01  4.012049E-03 -1.198448E-03
       219   2  2.145874E+00  3.685726E-02 -3.652732E-02  2.189205E-01 -4.012049E-03  1.198448E-03
       220   1  2.298551E+00  2.376076E-01  4.328486E-02  6.514527E-02  3.509028E-03 -9.228734E-05
       220   2  2.298551E+00  2.376076E-01  4.328486E-02  6.514527E-02 -3.509028E-03  9.228734E-05
       221   1  2.005354E+00  1.058947E-01 -5.789437E-02  1.081572E-01  4.565817E-03 -3.021148E-04
       221   2  2.005354E+00  1.058947E-01 -5.789437E-02  1.081572E-01 -4.565817E-03  3.021148E-04
       222   1  2.267196E+00  1.698775E-01 -1.193662E-03 -1.834389E-01  2.939161E-03  1.161027E-03
       222   2  2.267196E+00  1.698775E-01 -1.193662E-03 -1.834389E-01 -2.939161E-03 -1.161027E-03
       223   1  2.206591E+00  2.241427E-01  2.407700E-02 -1.959361E-01  4.713686E-03  3.094432E-03
       223   2  2.206591E+00  2.241427E-01  2.407700E-02 -1.959361E-01 -4.713686E-03 -3.094432E-03
       224   1  2.403447E+00  1.179315E-01  1.330186E-02  1.430320E-01  2.015206E-03 -6.789898E-05
       224   2  2.403447E+00  1.179315E-01  1.330186E-02  1.430320E-01 -2.015206E-03  6.789898E-05
       225   1  2.199386E+00  1.233635E-01  2.253126E-03 -3.573215E-01  4.528823E-03  8.155177E-03
       225   2  2.199386E+00  1.233635E-01  2.253126E-03 -3.573215E-01 -4.528823E-03 -8.155177E-03
       226   1  2.616178E+00 -1.242998E-02  5.580797E-02 -2.062972E-01  1.658894E-04 -2.995734E-03
       226   2  2.616178E+00 -1.242998E-02  5.580797E-02 -2.062972E-01 -1.658894E-04  2.995734E-03
       227   1  2.354443E+00 -2.502433E-01 -6.473951E-02 -3.232288E-01 -2.256523E-03 -6.391230E-03
       227   2  2.354443E+00 -2.502433E-01 -6.473951E-02 -3.232288E-01  2.256523E-03  6.391230E-03
       228   1  2.093068E+00 -2.763281E-01 -8.362377E-02 -6.182300E-01  9.481915E-03  2.494762E-02
       228   2  2.093068E+00 -2.763281E-01 -8.362377E-02 -6.182300E-01 -9.481915E-03 -2.494762E-02
       229   1  2.407449E+00  1.074999E-01  3.398479E-02 -1.916124E-01 -2.295928E-03 -2.024359E-03
       229   2  2.407449E+00  1.074999E-01  3.398479E-02 -1.916124E-01  2.295928E-03  2.024359E-03
       230   1  2.392957E+00 -1.043804E-01 -4.269324E-02 -2.215601E-01 -1.940352E-03 -2.816915E-03
       230   2  2.392957E+00 -1.043804E-01 -4.269324E-02 -2.215601E-01  1.940352E-03  2.816915E-03
       231   1  2.241103E+00 -2.426130E-02 -2.941393E-02 -2.668888E-01 -3.442209E-03 -3.627901E-03
       231   2  2.241103E+00 -2.426130E-02 -2.941393E-02 -2.668888E-01  3.442209E-03  3.627901E-03
       232   1  1.915093E+00  1.855125E-01 -6.204917E-02  8.781127E-02 -4.592884E-03  2.511704E-04
       232   2  1.915093E+00  1.855125E-01 -6.204917E-02  8.781127E-02  4.592884E-03 -2.511704E-04
       233   1  2.100352E+00  3.287049E-01  6.664518E-02 -5.202381E-04 -6.685858E-03  4.386094E-03
       233   2  2.100352E+00  3.287049E-01  6.664518E-02 -5.202381E-04  6.685858E-03 -4.386094E-03
       234   1  2.344094E+00  2.872398E-01  2.019809E-02 -6.866567E-02 -2.609490E-03 -4.424489E-04
       234   2  2.344094E+00  2.872398E-01  2.019809E-02 -6.866567E-02  2.609490E-03  4.424489E-04
       235   1  2.277697E+00  2.043730E-01 -1.079183E-02 -1.007700E-01 -2.877214E-03 -8.180201E-04
       235   2  2.277697E+00  2.043730E-01 -1.079183E-02 -1.007700E-01  2.877214E-03  8.180201E-04
       236   1  2.351279E+00  1.243474E-01 -2.406728E-02 -1.001139E-01 -2.353730E-03 -1.000608E-03
       236   2  2.351279E+00  1.243474E-01 -2.406728E-02 -1.001139E-01  2.353730E-03  1.000608E-03
       237   1  2.277144E+00  2.170474E-01  1.251448E-02 -1.241510E-01 -3.299976E-03 -7.780519E-04
       237   2  2.277144E+00  2.170474E-01  1.251448E-02 -1.241510E-01  3.299976E-03  7.780519E-04
       238   1  2.220705E+00  1.681713E-01 -1.790259E-04 -1.523584E-01 -3.685983E-03 -1.319878E-03
       238   2  2.220705E+00  1.681713E-01 -1.790259E-04 -1.523584E-01  3.685983E-03  1.319878E-03
       239   1  2.313233E+00  5.845617E-02 -2.422172E-02 -1.759827E-01 -2.750169E-03 -1.980947E-03
       239   2  2.313233E+00  5.845617E-02 -2.422172E-02 -1.759827E-01  2.750169E-03  1.980947E-03
       240   1  2.236571E+00  3.142194E-01  3.226967E-03 -5.581731E-02 -3.335639E-03  1.828214E-04
       240   2  2.236571E+00  3.142194E-01  3.226967E-03 -5.581731E-02  3.335639E-03 -1.828214E-04
       241   1  2.248236E+00  2.851232E-01  9.869780E-03 -5.533678E-02 -3.366986E-03  1.387668E-04
       241   2  2.248236E+00  2.851232E-01  9.869780E-03 -5.533678E-02  3.366986E-03 -1.387668E-04
       242   1  2.257334E+00  3.640544E-01 -5.843714E-03  5.241492E-04 -2.952377E-03  5.457724E-04
       242   2  2.257334E+00  3.640544E-01 -5.843714E-03  5.241492E-04  2.952377E-03 -5.457724E-04
       243   1  2.323147E+00  1.751168E-01 -2.759242E-02  1.284292E-01 -3.170710E-03  1.251485E-03
       243   2  2.323147E+00  1.751168E-01 -2.759242E-02  1.284292E-01  3.170710E-03 -1.251485E-03
       244   1  2.335787E+00  9.774942E-02 -4.028230E-02  2.320661E-01 -1.013743E-03  3.839237E-03
       244   2  2.335787E+00  9.774942E-02 -4.028230E-02  2.320661E-01  1.013743E-03 -3.839237E-03
       245   1  2.348202E+00  3.217473E-01  1.487352E-02  3.014821E-02 -2.597325E-03  1.029556E-03
       245   2  2.348202E+00  3.217473E-01  1.487352E-02  3.014821E-02  2.597325E-03 -1.029556E-03
       246   1  2.368199E+00  2.832857E-01  3.498937E-02  1.202717E-01 -3.181440E-03  1.274946E-03
       246   2  2.368199E+00  2.832857E-01  3.498937E-02  1.202717E-01  3.181440E-03 -1.274946E-03
       247   1  2.507291E+00  1.809918E-01  2.370918E-02  1.976610E-01 -1.239248E-03  3.883167E-03
       247   2  2.507291E+00  1.809918E-01  2.370918E-02  1.976610E-01  1.239248E-03 -3.883167E-03
       248   1  2.460259E+00  2.384339E-01  1.624617E-02  7.679988E-02 -1.580777E-03  1.138198E-03
       248   2  2.460259E+00  2.384339E-01  1.624617E-02  7.679988E-02  1.580777E-03 -1.138198E-03
       249   1  2.333613E+00  2.897786E-01 -9.421887E-03  3.198077E-02 -2.225465E-03  2.434909E-04
       249   2  2.333613E+00  2.897786E-01 -9.421887E-03  3.198077E-02  2.225465E-03 -2.434909E-04
       250   1  2.602873E+00  2.386495E-02  2.596543E-02 -1.012499E-01  5.233830E-04 -1.175017E-04
       250   2  2.602873E+00  2.386495E-02  2.596543E-02 -1.012499E-01 -5.233830E-04  1.175017E-04
       251   1  2.503389E+00 -9.582314E-02 -3.320920E-02 -1.455138E-01 -9.390989E-04 -2.042512E-03
       251   2  2.503389E+00 -9.582314E-02 -3.320920E-02 -1.455138E-01  9.390989E-04  2.042512E-03
       252   1  2.503488E+00 -1.881845E-02 -2.077409E-02 -1.050357E-01 -1.831491E-03  5.996499E-05
       252   2  2.503488E+00 -1.881845E-02 -2.077409E-02 -1.050357E-01  1.831491E-03 -5.996499E-05
       253   1  2.477729E+00  3.258852E-01  3.127835E-02  3.195621E-02 -3.755925E-03 -8.070477E-04
       253   2  2.477729E+00  3.258852E-01  3.127835E-02  3.195621E-02  3.755925E-03  8.070477E-04
       254   1  2.527992E+00  1.103690E-01  2.345315E-02 -9.845051E-02 -1.383422E-03 -9.802178E-04
       254   2  2.527992E+00  1.103690E-01  2.345315E-02 -9.845051E-02  1.383422E-03  9.802178E-04
       255   1  2.443327E+00  6.704585E-02 -2.376987E-02 -7.568460E-02 -1.491864E-03 -9.728489E-04
       255   2  2.443327E+00  6.704585E-02 -2.376987E-02 -7.568460E-02  1.491864E-03  9.728489E-04
       256   1  2.364588E+00  1.827349E-01 -3.007984E-02 -2.083455E-02 -3.256920E-03 -1.196046E-04
       256   2  2.364588E+00  1.827349E-01 -3.007984E-02 -2.083455E-02  3.256920E-03  1.196046E-04
       257   1  2.452062E+00  2.340914E-01  2.780410E-02 -5.438136E-02 -1.821452E-03 -2.551604E-04
       257   2  2.452062E+00  2.340914E-01  2.780410E-02 -5.438136E-02  1.821452E-03  2.551604E-04
       258   1  2.466804E+00  1.140363E-01 -2.233253E-02  1.044039E-02 -4.555437E-03  8.955656E-04
       258   2  2.466804E+00  1.140363E-01 -2.233253E-02  1.044039E-02  4.555437E-03 -8.955656E-04
       259   1  2.511185E+00  1.394071E-01  1.528253E-02 -4.506707E-02 -3.113812E-04  8.728440E-04
       259   2  2.511185E+00  1.394071E-01  1.528253E-02 -4.506707E-02  3.113812E-04 -8.728440E-04
       260   1  2.551159E+00  2.201814E-01  2.813124E-02  4.857607E-02 -3.342297E-03  2.453821E-03
       260   2  2.551159E+00  2.201814E-01  2.813124E-02  4.857607E-02  3.342297E-03 -2.453821E-03
       261   1  2.382460E+00  3.773080E-01  2.660922E-02 -4.635084E-03 -3.132728E-03 -3.847572E-04
       261   2  2.382460E+00  3.773080E-01  2.660922E-02 -4.635084E-03  3.132728E-03  3.847572E-04
       262   1  2.296820E+00  2.550047E-01 -2.198618E-02 -4.573215E-02 -3.138404E-03 -3.926055E-04
       262   2  2.296820E+00  2.550047E-01 -2.198618E-02 -4.573215E-02  3.138404E-03  3.926055E-04
       263   1  2.297338E+00  4.032044E-01  1.596674E-02 -2.467183E-02 -3.212298E-03 -2.342856E-04
       263   2  2.297338E+00  4.032044E-01  1.596674E-02 -2.467183E-02  3.212298E-03  2.342856E-04
       264   1  2.265420E+00  3.162554E-01 -7.958870E-03 -4.342358E-02 -2.938121E-03  1.459257E-04
       264   2  2.265420E+00  3.162554E-01 -7.958870E-03 -4.342358E-02  2.938121E-03 -1.459257E-04
       265   1  2.249497E+00  4.011939E-01  3.822484E-03 -2.177070E-02 -2.966872E-03  2.076323E-04
       265   2  2.249497E+00  4.011939E-01  3.822484E-03 -2.177070E-02  2.966872E-03 -2.076323E-04
       266   1  2.389171E+00  2.497835E-01  5.230026E-02  2.456721E-01 -1.462846E-03  5.354124E-03
       266   2  2.389171E+00  2.497835E-01  5.230026E-02  2.456721E-01  1.462846E-03 -5.354124E-03
       267   1  2.280535E+00  3.434557E-01  5.251121E-03 -1.527064E-02 -2.861674E-03  3.523664E-04
       267   2  2.280535E+00  3.434557E-01  5.251121E-03 -1.527064E-02  2.861674E-03 -3.523664E-04
       268   1  2.125310E+00  1.825502E-01 -4.284495E-02  1.460440E-01 -4.414890E-03  1.386757E-03
       268   2  2.125310E+00  1.825502E-01 -4.284495E-02  1.460440E-01  4.414890E-03 -1.386757E-03
       269   1  2.206428E+00  2.608430E-01 -2.623717E-02  5.859930E-02 -3.307924E-03  1.097261E-03
       269   2  2.206428E+00  2.608430E-01 -2.623717E-02  5.859930E-02  3.307924E-03 -1.097261E-03
       270   1  2.183472E+00  3.079929E-01 -1.371128E-02 -9.667514E-03 -3.492001E-03  4.124161E-04
       270   2  2.183472E+00  3.079929E-01 -1.371128E-02 -9.667514E-03  3.492001E-03 -4.124161E-04
       271   1  2.275911E+00  3.163170E-01  2.589654E-02  2.394189E-02 -3.189319E-03  8.376246E-04
       271   2  2.275911E+00  3.163170E-01  2.589654E-02  2.394189E-02  3.189319E-03 -8.376246E-04
       272   1  2.239629E+00  3.134046E-01  4.682937E-02  9.343954E-02 -3.870420E-03  2.025647E-04
       272   2  2.239629E+00  3.134046E-01  4.682937E-02  9.343954E-02  3.870420E-03 -2.025647E-04
       273   1  2.120527E+00  2.444180E-01 -1.515622E-02 -7.213855E-02 -4.397782E-03  2.365405E-04
       273   2  2.120527E+00  2.444180E-01 -1.515622E-02 -7.213855E-02  4.397782E-03 -2.365405E-04
       274   1  2.069586E+00  2.357962E-01 -3.807224E-02  2.762470E-02 -3.403628E-03  8.580441E-04
       274   2  2.069586E+00  2.357962E-01 -3.807224E-02  2.762470E-02  3.403628E-03 -8.580441E-04
       275   1  2.193406E+00  2.880721E-01  3.087571E-02 -4.510911E-02 -3.619220E-03  1.330489E-03
       275   2  2.193406E+00  2.880721E-01  3.087571E-02 -4.510911E-02  3.619220E-03 -1.330489E-03
       276   1  2.429084E+00  1.680161E-01  2.617845E-02 -1.229946E-01 -2.070977E-03 -1.027752E-03
       276   2  2.429084E+00  1.680161E-01  2.617845E-02 -1.229946E-01  2.070977E-03  1.027752E-03
       277   1  2.421640E+00 -1.320613E-03 -2.931606E-02 -1.470118E-01 -1.812268E-03 -1.593574E-03
       277   2  2.421640E+00 -1.320613E-03 -2.931606E-02 -1.470118E-01  1.812268E-03  1.593574E-03
       278   1  1.567368E+00  1.251437E-01 -9.089069E-02 -3.236302E-02 -1.170824E-02  4.569717E-03
       278   2  1.567368E+00  1.251437E-01 -9.089069E-02 -3.236302E-02  1.170824E-02 -4.569717E-03
       279   1  2.164043E+00  1.604627E-01  6.557703E-03 -1.797366E-01 -4.524924E-03 -1.240200E-03
       279   2  2.164043E+00  1.604627E-01  6.557703E-03 -1.797366E-01  4.524924E-03  1.240200E-03
       280   1  1.919208E+00  1.937823E-01 -3.890503E-02 -7.266726E-02 -8.532356E-03  1.800090E-03
       280   2  1.919208E+00  1.937823E-01 -3.890503E-02 -7.266726E-02  8.532356E-03 -1.800090E-03
       281   1  2.553564E+00  5.780615E-02  3.645623E-02 -1.495347E-01 -1.102538E-03 -1.657960E-03
       281   2  2.553564E+00  5.780615E-02  3.645623E-02 -1.495347E-01  1.102538E-03  1.657960E-03
       282   1  2.791203E+00  8.055916E-02  1.107294E-01 -3.531628E-01  3.794188E-04  1.449964E-02
       282   2  2.791203E+00  8.055916E-02  1.107294E-01 -3.531628E-01 -3.794188E-04 -1.449964E-02
       283   1  2.360453E+00  1.547499E-01 -6.085331E-03 -1.673722E-01  1.449593E-03  2.182263E-04
       283   2  2.360453E+00  1.547499E-01 -6.085331E-03 -1.673722E-01 -1.449593E-03 -2.182263E-04
       284   1  1.920237E+00  1.390198E-01  4.374838E-02 -2.659087E-01 -6.946811E-03 -5.750982E-03
       284   2  1.920237E+00  1.390198E-01  4.374838E-02 -2.659087E-01  6.946811E-03  5.750982E-03
       285   1  2.107580E+00  1.404318E-01  1.657722E-02 -2.101963E-01 -6.135864E-03 -3.495385E-03
       285   2  2.107580E+00  1.404318E-01  1.657722E-02 -2.101963E-01  6.135864E-03  3.495385E-03
       286   1  2.323603E+00 -7.838665E-02 -6.716442E-02 -4.830634E-01  1.656272E-03  1.438051E-02
       286   2  2.323603E+00 -7.838665E-02 -6.716442E-02 -4.830634E-01 -1.656272E-03 -1.438051E-02
       287   1  2.359468E+00  2.444526E-01  2.731902E-02  1.663017E-03  4.019444E-03 -3.399570E-04
       287   2  2.359468E+00  2.444526E-01  2.731902E-02  1.663017E-03 -4.019444E-03  3.399570E-04
       288   1  2.326587E+00  1.870166E-01  5.376643E-03 -1.822377E-01  2.218602E-03  1.303130E-03
       288   2  2.326587E+00  1.870166E-01  5.376643E-03 -1.822377E-01 -2.218602E-03 -1.303130E-03
       289   1  2.367668E+00  3.905387E-02  4.810098E-02 -2.785855E-01 -3.538187E-03 -3.619027E-03
       289   2  2.367668E+00  3.905387E-02  4.810098E-02 -2.785855E-01  3.538187E-03  3.619027E-03
       290   1  1.964726E+00  1.000035E-01 -3.061341E-03 -2.391823E-01 -5.369451E-03 -3.568451E-03
       290   2  1.964726E+00  1.000035E-01 -3.061341E-03 -2.391823E-01  5.369451E-03  3.568451E-03
       291   1  2.387399E+00  9.504394E-02 -4.642846E-03  1.492263E-01  2.037301E-03 -1.384975E-04
       291   2  2.387399E+00  9.504394E-02 -4.642846E-03  1.492263E-01 -2.037301E-03  1.384975E-04
       292   1  2.246281E+00  1.899751E-01 -1.553756E-02 -9.043617E-02  2.348697E-03  8.712272E-04
       292   2  2.246281E+00  1.899751E-01 -1.553756E-02 -9.043617E-02 -2.348697E-03 -8.712272E-04
       293   1  2.227044E+00  1.206682E-01  2.767353E-02 -3.199690E-01  3.923793E-03  8.266756E-03
       293   2  2.227044E+00  1.206682E-01  2.767353E-02 -3.199690E-01 -3.923793E-03 -8.266756E-03
       294   1  1.914985E+00  5.596198E-02  3.504408E-02 -3.487941E-01  1.628615E-02  6.874801E-03
       294   2  1.914985E+00  5.596198E-02  3.504408E-02 -3.487941E-01 -1.628615E-02 -6.874801E-03
       295   1  2.464628E+00  3.926413E-02  4.272514E-03  1.308392E-01  1.574585E-03  9.953781E-05
       295   2  2.464628E+00  3.926413E-02  4.272514E-03  1.308392E-01 -1.574585E-03 -9.953781E-05
       296   1  2.158604E+00  1.616851E-01 -3.514595E-02  2.042253E-02  3.383683E-03 -2.357631E-04
       296   2  2.158604E+00  1.616851E-01 -3.514595E-02  2.042253E-02 -3.383683E-03  2.357631E-04
       297   1  2.111708E+00 -1.263787E-01 -3.929835E-02 -3.931080E-01 -4.656475E-03 -5.192273E-03
       297   2  2.111708E+00 -1.263787E-01 -3.929835E-02 -3.931080E-01  4.656475E-03  5.192273E-03
       298   1  2.287879E+00  2.594884E-01  3.599063E-02 -7.332565E-02  2.831113E-03  1.387781E-03
       298   2  2.287879E+00  2.594884E-01  3.599063E-02 -7.332565E-02 -2.831113E-03 -1.387781E-03
       299   1  2.446771E+00  3.483007E-02  2.480189E-03  1.542215E-01  1.727595E-03 -4.858723E-04
       299   2  2.446771E+00  3.483007E-02  2.480189E-03  1.542215E-01 -1.727595E-03  4.858723E-04
       300   1  1.928660E+00  8.302665E-02 -1.079855E-02 -4.199426E-01  4.751229E-03  9.213686E-03
       300   2  1.928660E+00  8.302665E-02 -1.079855E-02 -4.199426E-01 -4.751229E-03 -9.213686E-03
       301   1  2.310088E+00 -3.019149E-02  7.319587E-02 -4.093932E-01 -3.761511E-03 -5.284717E-03
       301   2  2.310088E+00 -3.019149E-02  7.319587E-02 -4.093932E-01  3.761511E-03  5.284717E-03
       302   1  2.723256E+00 -1.036844E-01  8.826773E-02 -2.888362E-01  1.558393E-03 -6.725789E-03
       302   2  2.723256E+00 -1.036844E-01  8.826773E-02 -2.888362E-01 -1.558393E-03  6.725789E-03
       303   1  2.431305E+00  1.014490E-02 -4.499166E-04  1.860178E-01  5.006027E-04 -1.954328E-04
       303   2  2.431305E+00  1.014490E-02 -4.499166E-04  1.860178E-01 -5.006027E-04  1.954328E-04
       304   1  2.039197E+00  1.576844E-01 -4.427255E-02 -5.254347E-02  5.468538E-03  8.690509E-04
       304   2  2.039197E+00  1.576844E-01 -4.427255E-02 -5.254347E-02 -5.468538E-03 -8.690509E-04
       305   1  2.304328E+00  6.068142E-02 -1.696675E-02  1.837494E-01  2.922042E-03 -2.513448E-04
       305   2  2.304328E+00  6.068142E-02 -1.696675E-02  1.837494E-01 -2.922042E-03  2.513448E-04
       306   1  2.006295E+00  1.475717E-01 -2.619860E-02 -1.817779E-01  6.636723E-03  2.750981E-03
       306   2  2.006295E+00  1.475717E-01 -2.619860E-02 -1.817779E-01 -6.636723E-03 -2.750981E-03
       307   1  1.644746E+00  9.490230E-02 -6.331116E-02 -1.167742E-01  6.456662E-03  4.033338E-03
       307   2  1.644746E+00  9.490230E-02 -6.331116E-02 -1.167742E-01 -6.456662E-03 -4.033338E-03
       308   1  2.281649E+00 -4.818912E-01 -1.114687E-01 -4.850809E-01 -1.327069E-03 -1.079865E-02
       308   2  2.281649E+00 -4.818912E-01 -1.114687E-01 -4.850809E-01  1.327069E-03  1.079865E-02
       309   1  2.466256E+00 -1.583316E-01 -2.242108E-02  2.442878E-01  1.600320E-03 -3.834808E-03
       309   2  2.466256E+00 -1.583316E-01 -2.242108E-02  2.442878E-01 -1.600320E-03  3.834808E-03
       310   1  2.181020E+00  2.811483E-01  5.859425E-02 -3.211713E-03  4.531582E-03 -2.011926E-04
       310   2  2.181020E+00  2.811483E-01  5.859425E-02 -3.211713E-03 -4.531582E-03  2.011926E-04
       311   1  2.028172E+00  2.641987E-01  6.238298E-02 -1.711843E-01  7.561492E-03  3.809241E-03
       311   2  2.028172E+00  2.641987E-01  6.238298E-02 -1.711843E-01 -7.561492E-03 -3.809241E-03
       312   1  2.415959E+00  1.038892E-02  4.285447E-03  2.064868E-01  1.148219E-03 -2.282984E-03
       312   2  2.415959E+00  1.038892E-02  4.285447E-03  2.064868E-01 -1.148219E-03  2.282984E-03
       313   1  2.929771E+00 -2.460352E-01  1.342366E-01 -3.839921E-01  5.224410E-03 -1.147126E-02
       313   2  2.929771E+00 -2.460352E-01  1.342366E-01 -3.839921E-01 -5.224410E-03  1.147126E-02
       314   1  2.375334E+00 -1.737914E-02 -9.755058E-04  2.340130E-01  2.645185E-03 -2.605732E-03
       314   2  2.375334E+00 -1.737914E-02 -9.755058E-04  2.340130E-01 -2.645185E-03  2.605732E-03
       315   1  1.761325E+00  1.051491E-01 -7.488961E-02  4.117707E-02  9.186925E-03 -1.120231E-03
       315   2  1.761325E+00  1.051491E-01 -7.488961E-02  4.117707E-02 -9.186925E-03  1.120231E-03
       316   1  2.866291E+00 -4.276330E-02  2.639579E-02  2.172471E-01  5.233789E-03  4.778040E-03
       316   2  2.866291E+00 -4.276330E-02  2.639579E-02  2.172471E-01 -5.233789E-03 -4.778040E-03
       317   1  2.669030E+00 -5.584992E-01 -1.004335E-01 -2.738095E-01  2.781841E-03 -6.117836E-03
       317   2  2.669030E+00 -5.584992E-01 -1.004335E-01 -2.738095E-01 -2.781841E-03  6.117836E-03
       318   1  2.093004E-01 -1.575149E+00 -2.936326E-03  6.476818E-02  8.245924E-02 -4.818452E-03
       318   2  2.093004E-01 -1.575149E+00 -2.936326E-03  6.476818E-02 -8.245924E-02  4.818452E-03
       319   1  2.310086E+00 -3.326869E-01 -8.788147E-02  5.532327E-01 -3.790602E-03  1.409409E-02
       319   2  2.310086E+00 -3.326869E-01 -8.788147E-02  5.532327E-01  3.790602E-03 -1.409409E-02
       320   1  2.353511E+00 -3.189555E-03  1.856153E-02  2.682746E-01  2.683250E-03 -2.717908E-03
       320   2  2.353511E+00 -3.189555E-03  1.856153E-02  2.682746E-01 -2.683250E-03  2.717908E-03
       321   1  2.062702E+00  2.871517E-01  1.010261E-01  1.387698E-01  8.494676E-03 -1.903193E-03
       321   2  2.062702E+00  2.871517E-01  1.010261E-01  1.387698E-01 -8.494676E-03  1.903193E-03
       322   1  2.243016E+00  1.939063E-01  5.503274E-02  1.802308E-01  3.947426E-03 -1.007841E-03
       322   2  2.243016E+00  1.939063E-01  5.503274E-02  1.802308E-01 -3.947426E-03  1.007841E-03
       323   1  2.980062E+00 -2.510817E-01  7.095969E-03  9.487168E-02  8.159510E-03 -1.981329E-03
       323   2  2.980062E+00 -2.510817E-01  7.095969E-03  9.487168E-02 -8.159510E-03  1.981329E-03
       324   1  3.267404E+00 -3.855612E-01  5.370820E-02 -7.750423E-02  1.953657E-02 -7.704394E-03
       324   2  3.267404E+00 -3.855612E-01  5.370820E-02 -7.750423E-02 -1.953657E-02  7.704394E-03
       325   1  1.847477E+00  1.127789E-02 -7.630298E-02  2.507026E-01  8.499040E-03 -1.916323E-03
       325   2  1.847477E+00  1.127789E-02 -7.630298E-02  2.507026E-01 -8.499040E-03  1.916323E-03
       326   1  2.222712E+00 -7.125376E-02 -1.450764E-02  3.130548E-01  4.370782E-03 -3.047417E-03
       326   2  2.222712E+00 -7.125376E-02 -1.450764E-02  3.130548E-01 -4.370782E-03  3.047417E-03
       327   1  3.009760E+00 -1.800231E-01 -1.355215E-02  1.214678E-01  1.350322E-02  5.518626E-03
       327   2  3.009760E+00 -1.800231E-01 -1.355215E-02  1.214678E-01 -1.350322E-02 -5.518626E-03
       328   1  2.474039E+00  1.806106E-01 -8.465789E-03  5.754720E-02 -1.590093E-03  1.156873E-03
       328   2  2.474039E+00  1.806106E-01 -8.465789E-03  5.754720E-02  1.590093E-03 -1.156873E-03
       329   1  2.317136E+00  1.448179E-01 -1.575732E-02  1.207168E-01  2.589775E-03  6.509762E-04
       329   2  2.317136E+00  1.448179E-01 -1.575732E-02  1.207168E-01 -2.589775E-03 -6.509762E-04
       330   1  2.499244E+00  1.945656E-01 -1.256807E-02 -2.066289E-02 -3.063360E-03  1.212339E-03
       330   2  2.499244E+00  1.945656E-01 -1.256807E-02 -2.066289E-02  3.063360E-03 -1.212339E-03
       331   1  2.268448E+00  1.848902E-01 -2.586321E-02  5.782969E-02  3.692777E-03  4.558613E-04
       331   2  2.268448E+00  1.848902E-01 -2.586321E-02  5.782969E-02 -3.692777E-03 -4.558613E-04
       332   1  2.230419E+00  2.743343E-02  5.471355E-02  3.513725E-01  5.241338E-03 -5.605263E-03
       332   2  2.230419E+00  2.743343E-02  5.471355E-02  3.513725E-01 -5.241338E-03  5.605263E-03
       333   1  3.175633E+00 -1.481901E-01 -3.688002E-02  1.597439E-01  1.344955E-02  5.523726E-03
       333   2  3.175633E+00 -1.481901E-01 -3.688002E-02  1.597439E-01 -1.344955E-02 -5.523726E-03
       334   1  2.780072E+00 -2.973545E-01 -3.368201E-02  8.322932E-04  1.638894E-03 -1.334667E-03
       334   2  2.780072E+00 -2.973545E-01 -3.368201E-02  8.322932E-04 -1.638894E-03  1.334667E-03
       335   1  2.559530E+00 -3.840504E-01 -8.297545E-02 -2.331528E-01  7.362753E-04 -4.986678E-03
       335   2  2.559530E+00 -3.840504E-01 -8.297545E-02 -2.331528E-01 -7.362753E-04  4.986678E-03
       336   1  2.664753E+00  1.462933E-01 -1.135763E-02 -1.894028E-01 -1.232005E-04  1.161163E-02
       336   2  2.664753E+00  1.462933E-01 -1.135763E-02 -1.894028E-01  1.232005E-04 -1.161163E-02
       337   1  2.376120E+00  2.028925E-01  2.501089E-02  8.643036E-02  2.971784E-03 -3.733224E-04
       337   2  2.376120E+00  2.028925E-01  2.501089E-02  8.643036E-02 -2.971784E-03  3.733224E-04
       338   1  2.995216E+00 -2.330795E-01  7.652049E-02 -1.312307E-01  3.410178E-03 -5.235156E-03
       338   2  2.995216E+00 -2.330795E-01  7.652049E-02 -1.312307E-01 -3.410178E-03  5.235156E-03
       339   1  2.516712E+00  7.703816E-01  5.122661E-02 -2.834373E-01 -5.219807E-03  2.432249E-04
       339   2  2.516712E+00  7.703816E-01  5.122661E-02 -2.834373E-01  5.219807E-03 -2.432249E-04
       340   1  2.417286E+00  2.138633E-01  4.521231E-03  4.304047E-02  1.944955E-03  2.762785E-03
       340   2  2.417286E+00  2.138633E-01  4.521231E-03  4.304047E-02 -1.944955E-03 -2.762785E-03
       341   1  2.409629E+00  2.008260E-01 -1.251848E-03 -5.574019E-02  2.082735E-03 -2.765717E-03
       341   2  2.409629E+00  2.008260E-01 -1.251848E-03 -5.574019E-02 -2.082735E-03  2.765717E-03
       342   1  2.428787E+00  1.202046E-01  4.500457E-03  3.902487E-02  6.048555E-04  2.452995E-03
       342   2  2.428787E+00  1.202046E-01  4.500457E-03  3.902487E-02 -6.048555E-04 -2.452995E-03
       343   1  2.403648E+00  3.054772E-01  3.975218E-03  3.439768E-02  3.159943E-03  2.155696E-03
       343   2  2.403648E+00  3.054772E-01  3.975218E-03  3.439768E-02 -3.159943E-03 -2.155696E-03
       344   1  2.395422E+00  3.138340E-01  3.555227E-03 -3.861870E-02  3.594060E-03 -2.546999E-03
       344   2  2.395422E+00  3.138340E-01  3.555227E-03 -3.861870E-02 -3.594060E-03  2.546999E-03
       345   1  2.310209E+00  6.986289E-01  1.855398E-02 -1.065297E-01 -5.326892E-03  2.932964E-03
       345   2  2.310209E+00  6.986289E-01  1.855398E-02 -1.065297E-01  5.326892E-03 -2.932964E-03
       346   1  2.512328E+00  7.683926E-01  4.898074E-02  2.951214E-01 -7.217045E-03  5.433757E-04
       346   2  2.512328E+00  7.683926E-01  4.898074E-02  2.951214E-01  7.217045E-03 -5.433757E-04
       347   1  2.398863E+00  7.290937E-01  3.144952E-02 -1.780249E-01 -8.273014E-03  2.898306E-03
       347   2  2.398863E+00  7.290937E-01  3.144952E-02 -1.780249E-01  8.273014E-03 -2.898306E-03
       348   1  2.241060E+00  6.765215E-01  1.401181E-02 -7.553837E-03 -4.192631E-03 -1.851764E-04
       348   2  2.241060E+00  6.765215E-01  1.401181E-02 -7.553837E-03  4.192631E-03  1.851764E-04
       349   1  2.314595E+00  7.003130E-01  1.978138E-02  1.041160E-01 -6.840059E-03 -3.490350E-03
       349   2  2.314595E+00  7.003130E-01  1.978138E-02  1.041160E-01  6.840059E-03  3.490350E-03
       350   1  2.398631E+00  7.295981E-01  3.336238E-02  1.861869E-01 -1.209871E-02 -3.271091E-03
       350   2  2.398631E+00  7.295981E-01  3.336238E-02  1.861869E-01  1.209871E-02  3.271091E-03
       351   1  2.262489E+00  6.841140E-01  1.789053E-02  4.203147E-02 -4.874216E-03 -1.025551E-03
       351   2  2.262489E+00  6.841140E-01  1.789053E-02  4.203147E-02  4.874216E-03  1.025551E-03
       352   1  2.256827E+00  6.816462E-01  1.532657E-02 -5.358813E-02 -4.075892E-03  1.013075E-03
       352   2  2.256827E+00  6.816462E-01  1.532657E-02 -5.358813E-02  4.075892E-03 -1.013075E-03
       353   1  2.431551E+00  8.134969E-02  1.225896E-03 -4.844487E-02  4.660664E-04 -3.868131E-03
       353   2  2.431551E+00  8.134969E-02  1.225896E-03 -4.844487E-02 -4.660664E-04  3.868131E-03
       354   1  1.844763E+00 -1.507299E-01 -7.258235E-02  4.200665E-01  5.648534E-03 -5.688878E-03
       354   2  1.844763E+00 -1.507299E-01 -7.258235E-02  4.200665E-01 -5.648534E-03  5.688878E-03
       355   1  3.029547E+00  2.312650E-01  5.108740E-02  3.141781E-01  1.001737E-02  1.263374E-02
       355   2  3.029547E+00  2.312650E-01  5.108740E-02  3.141781E-01 -1.001737E-02 -1.263374E-02
       356   1  3.820417E+00  2.290301E-01 -1.077843E-03 -8.821115E-02 -3.027026E-02  1.503404E-02
       356   2  3.820417E+00  2.290301E-01 -1.077843E-03 -8.821115E-02  3.027026E-02 -1.503404E-02
       357   1  2.594179E+00  5.872327E-02  5.986223E-05 -2.453454E-02 -2.232769E-04 -4.027286E-03
       357   2  2.594179E+00  5.872327E-02  5.986223E-05 -2.453454E-02  2.232769E-04  4.027286E-03
       358   1  2.662295E+00  3.822604E-02  9.502321E-03 -8.521468E-02 -6.148919E-03  1.808247E-03
       358   2  2.662295E+00  3.822604E-02  9.502321E-03 -8.521468E-02  6.148919E-03 -1.808247E-03
       359   1  3.188519E+00  1.685047E-03  1.780000E-02 -1.342825E-01 -1.347425E-02  1.199253E-02
       359   2  3.188519E+00  1.685047E-03  1.780000E-02 -1.342825E-01  1.347425E-02 -1.199253E-02
       360   1  2.973912E+00 -7.553777E-02 -5.972479E-02  3.102112E-01  1.565526E-02 -1.784618E-02
       360   2  2.973912E+00 -7.553777E-02 -5.972479E-02  3.102112E-01 -1.565526E-02  1.784618E-02
       361   1  3.680700E+00 -8.881597E-02  3.438141E-02  7.244353E-02  1.942879E-03  1.347566E-02
       361   2  3.680700E+00 -8.881597E-02  3.438141E-02  7.244353E-02 -1.942879E-03 -1.347566E-02
       362   1  2.584260E+00  2.374450E-02 -2.779918E-04  6.152525E-02  5.960884E-03  1.311735E-03
       362   2  2.584260E+00  2.374450E-02 -2.779918E-04  6.152525E-02 -5.960884E-03 -1.311735E-03
       363   1  2.224432E+00  1.064086E-02 -1.544243E-02  9.174111E-02 -6.496302E-03  7.731750E-03
       363   2  2.224432E+00  1.064086E-02 -1.544243E-02  9.174111E-02  6.496302E-03 -7.731750E-03
       364   1  3.696706E+00 -1.387931E-01  2.637895E-02 -1.784561E-02 -5.150836E-03  1.615034E-02
       364   2  3.696706E+00 -1.387931E-01  2.637895E-02 -1.784561E-02  5.150836E-03 -1.615034E-02
       365   1  3.229638E+00 -1.805965E-01 -6.102108E-02 -2.852623E-01 -1.658739E-02 -5.185914E-03
       365   2  3.229638E+00 -1.805965E-01 -6.102108E-02 -2.852623E-01  1.658739E-02  5.185914E-03
       366   1  3.057508E+00  3.300416E-02  2.990077E-02  1.229850E-01  9.912610E-03  6.410853E-03
       366   2  3.057508E+00  3.300416E-02  2.990077E-02  1.229850E-01 -9.912610E-03 -6.410853E-03
       367   1  2.612937E+00 -1.559086E-02 -1.453549E-04 -2.243864E-02  1.727468E-03 -1.693003E-04
       367   2  2.612937E+00 -1.559086E-02 -1.453549E-04 -2.243864E-02 -1.727468E-03  1.693003E-04
       368   1  2.039788E+00  6.714714E-02 -2.014728E-02  4.867069E-02 -3.192917E-03  1.422787E-02
       368   2  2.039788E+00  6.714714E-02 -2.014728E-02  4.867069E-02  3.192917E-03 -1.422787E-02
       369   1  2.646819E+00 -3.545686E-02 -7.524050E-03 -2.103388E-02  2.562179E-03 -8.760910E-04
       369   2  2.646819E+00 -3.545686E-02 -7.524050E-03 -2.103388E-02 -2.562179E-03  8.760910E-04
       370   1  2.611151E+00 -6.224467E-03  4.170016E-03  3.368731E-02 -1.707115E-03 -2.354160E-03
       370   2  2.611151E+00 -6.224467E-03  4.170016E-03  3.368731E-02  1.707115E-03  2.354160E-03
       371   1  2.457245E+00  1.226214E-02  1.128559E-03  2.469045E-02 -1.671433E-03  5.582410E-04
       371   2  2.457245E+00  1.226214E-02  1.128559E-03  2.469045E-02  1.671433E-03 -5.582410E-04
       372   1  2.470389E+00  1.394560E-02 -3.169280E-03 -2.711546E-02  1.975956E-03  3.381835E-03
       372   2  2.470389E+00  1.394560E-02 -3.169280E-03 -2.711546E-02 -1.975956E-03 -3.381835E-03
       373   1  2.441479E+00 -2.856735E-02 -1.588453E-02  7.965400E-02 -4.864526E-03  4.386115E-03
       373   2  2.441479E+00 -2.856735E-02 -1.588453E-02  7.965400E-02  4.864526E-03 -4.386115E-03
       374   1  2.020450E+00  6.160240E-02 -1.780569E-02 -2.310176E-02  1.589779E-03  1.330950E-02
       374   2  2.020450E+00  6.160240E-02 -1.780569E-02 -2.310176E-02 -1.589779E-03 -1.330950E-02
       375   1  3.396311E+00  1.798215E-03  3.321355E-02  1.289755E-01  8.708873E-03  1.232577E-02
       375   2  3.396311E+00  1.798215E-03  3.321355E-02  1.289755E-01 -8.708873E-03 -1.232577E-02
       376   1  2.591154E+00 -4.202737E-02 -5.347238E-03  4.483879E-02 -2.529892E-03  4.947830E-04
       376   2  2.591154E+00 -4.202737E-02 -5.347238E-03  4.483879E-02  2.529892E-03 -4.947830E-04
       377   1  3.558310E+00 -2.278028E-01 -3.317601E-02  1.751047E-01  1.617809E-02  2.672659E-03
       377   2  3.558310E+00 -2.278028E-01 -3.317601E-02  1.751047E-01 -1.617809E-02 -2.672659E-03
       378   1  3.665268E+00 -1.888592E-01  3.144317E-03 -8.657321E-02 -4.227008E-03  8.719968E-03
       378   2  3.665268E+00 -1.888592E-01  3.144317E-03 -8.657321E-02  4.227008E-03 -8.719968E-03
       379   1  2.147239E+00  3.316871E-02 -2.026766E-02 -7.972630E-02  5.339053E-03  1.128073E-02
       379   2  2.147239E+00  3.316871E-02 -2.026766E-02 -7.972630E-02 -5.339053E-03 -1.128073E-02
       380   1  2.528275E+00  6.626459E-03  1.974078E-03  3.495389E-02 -2.537120E-03 -9.198951E-04
       380   2  2.528275E+00  6.626459E-03  1.974078E-03  3.495389E-02  2.537120E-03  9.198951E-04
       381   1  3.403096E+00 -1.263027E-01  1.751586E-01 -7.616815E-01 -8.143591E-02  7.423956E-02
       381   2  3.403096E+00 -1.263027E-01  1.751586E-01 -7.616815E-01  8.143591E-02 -7.423956E-02
       382   1  2.357439E+00  1.337843E-01  7.786730E-02  4.014431E-01 -5.804943E-03  1.235829E-02
       382   2  2.357439E+00  1.337843E-01  7.786730E-02  4.014431E-01  5.804943E-03 -1.235829E-02
       383   1  2.499484E+00  1.570164E-02 -3.263947E-02  2.609749E-02 -2.929163E-03  9.112432E-04
       383   2  2.499484E+00  1.570164E-02 -3.263947E-02  2.609749E-02  2.929163E-03 -9.112432E-04
       384   1  2.418931E+00  2.155656E-01  2.490007E-03 -5.081552E-02  2.874550E-03 -1.300771E-03
       384   2  2.418931E+00  2.155656E-01  2.490007E-03 -5.081552E-02 -2.874550E-03  1.300771E-03
       385   1  2.416270E+00  1.193956E-01 -7.456744E-03  4.384622E-02  1.169395E-03  1.408839E-03
       385   2  2.416270E+00  1.193956E-01 -7.456744E-03  4.384622E-02 -1.169395E-03 -1.408839E-03
       386   1  2.417743E+00  1.994687E-01 -3.949515E-03  4.021176E-02  2.686548E-03  1.370098E-03
       386   2  2.417743E+00  1.994687E-01 -3.949515E-03  4.021176E-02 -2.686548E-03 -1.370098E-03
       387   1  2.272601E+00  5.069995E-01 -3.979560E-02 -1.163770E-01 -6.792833E-03  3.345566E-04
       387   2  2.272601E+00  5.069995E-01 -3.979560E-02 -1.163770E-01  6.792833E-03 -3.345566E-04
       388   1  2.269328E+00  4.869117E-01 -3.777447E-02  1.222290E-01 -9.565346E-03  1.116829E-03
       388   2  2.269328E+00  4.869117E-01 -3.777447E-02  1.222290E-01  9.565346E-03 -1.116829E-03
       389   1  2.224123E+00  5.246927E-01 -3.015068E-02  5.893446E-02 -5.134892E-03 -6.040014E-04
       389   2  2.224123E+00  5.246927E-01 -3.015068E-02  5.893446E-02  5.134892E-03  6.040014E-04
       390   1  2.225441E+00  5.429781E-01 -2.806266E-02 -6.421097E-02 -4.121854E-03  9.340198E-04
       390   2  2.225441E+00  5.429781E-01 -2.806266E-02 -6.421097E-02  4.121854E-03 -9.340198E-04
       391   1  2.329899E+00  4.336040E-01 -6.285108E-02  2.083307E-01 -1.074132E-02 -5.622173E-03
       391   2  2.329899E+00  4.336040E-01 -6.285108E-02  2.083307E-01  1.074132E-02  5.622173E-03
       392   1  2.199680E+00  5.472670E-01 -2.488997E-02  1.179548E-02 -4.278656E-03 -4.594978E-05
       392   2  2.199680E+00  5.472670E-01 -2.488997E-02  1.179548E-02  4.278656E-03  4.594978E-05
       393   1  2.331504E+00  4.395488E-01 -7.041299E-02 -1.976965E-01 -7.499100E-03  4.238763E-03
       393   2  2.331504E+00  4.395488E-01 -7.041299E-02 -1.976965E-01  7.499100E-03 -4.238763E-03
       394   1  2.200122E+00  5.548280E-01 -2.335432E-02 -2.574578E-02 -3.770463E-03  5.216809E-04
       394   2  2.200122E+00  5.548280E-01 -2.335432E-02 -2.574578E-02  3.770463E-03 -5.216809E-04
       395   1  2.422624E+00  1.389331E-01  2.800069E-03 -6.015157E-02  1.458271E-03 -1.712327E-03
       395   2  2.422624E+00  1.389331E-01  2.800069E-03 -6.015157E-02 -1.458271E-03  1.712327E-03
       396   1  5.423121E+00  5.755658E-01  2.144826E-01 -5.763492E-01 -1.051959E-01 -1.604594E-02
       396   2  5.423121E+00  5.755658E-01  2.144826E-01 -5.763492E-01  1.051959E-01  1.604594E-02
       397   1  8.894709E+00  1.100942E+00  6.725973E-01 -7.790156E-01 -6.287113E-02 -1.070058E-01
       397   2  8.894709E+00  1.100942E+00  6.725973E-01 -7.790156E-01  6.287113E-02  1.070058E-01
       398   1  7.135613E+00  1.191325E+00  5.132936E-01  1.454455E+00 -1.085758E-01  5.742810E-02
       398   2  7.135613E+00  1.191325E+00  5.132936E-01  1.454455E+00  1.085758E-01 -5.742810E-02
       399   1  4.621159E+00  1.303132E+00  3.474226E-01 -1.752441E+00  1.421694E-01 -2.578681E-02
       399   2  4.621159E+00  1.303132E+00  3.474226E-01 -1.752441E+00 -1.421694E-01  2.578681E-02
       400   1  7.764788E+00  1.150926E+00  5.618891E-01 -1.153823E+00  7.859285E-02  8.032374E-02
       400   2  7.764788E+00  1.150926E+00  5.618891E-01 -1.153823E+00 -7.859285E-02 -8.032374E-02
       401   1 -1.879277E-01 -3.217948E+00 -3.536899E-01 -6.070929E-02 -7.522482E-02 -8.718097E-03
       401   2 -1.879277E-01 -3.217948E+00 -3.536899E-01 -6.070929E-02  7.522482E-02  8.718097E-03
       402   1  5.675627E+00  1.276398E+00  4.329885E-01 -1.713340E+00 -1.603699E-01  5.946906E-03
       402   2  5.675627E+00  1.276398E+00  4.329885E-01 -1.713340E+00  1.603699E-01 -5.946906E-03
       403   1  2.797635E+00  6.428438E-01  1.241363E-01  1.099030E+00  1.298443E-01  9.729009E-02
       403   2  2.797635E+00  6.428438E-01  1.241363E-01  1.099030E+00 -1.298443E-01 -9.729009E-02
       404   1  8.418180E+00  9.705789E-01  5.874566E-01 -2.698261E-01  1.504469E-02  1.010473E-01
       404   2  8.418180E+00  9.705789E-01  5.874566E-01 -2.698261E-01 -1.504469E-02 -1.010473E-01
       405   1 -1.595310E-01 -3.118057E+00 -3.438322E-01 -6.691979E-02  7.197388E-02 -3.969234E-02
       405   2 -1.595310E-01 -3.118057E+00 -3.438322E-01 -6.691979E-02 -7.197388E-02  3.969234E-02
       406   1  6.552847E+00  1.132067E+00  4.321354E-01  1.776966E+00  1.547453E-01 -2.165323E-02
       406   2  6.552847E+00  1.132067E+00  4.321354E-01  1.776966E+00 -1.547453E-01  2.165323E-02
       407   1 -1.604212E-01 -2.980681E+00 -3.306316E-01 -2.716794E-01 -6.862496E-02  5.135030E-02
       407   2 -1.604212E-01 -2.980681E+00 -3.306316E-01 -2.716794E-01  6.862496E-02 -5.135030E-02
       408   1  1.481183E-01 -1.730379E+00 -2.251312E-01  1.653939E-01  1.077120E-02  1.197249E-01
       408   2  1.481183E-01 -1.730379E+00 -2.251312E-01  1.653939E-01 -1.077120E-02 -1.197249E-01
       409   1 -1.307209E-01 -2.770174E+00 -3.062473E-01  1.280862E-01 -5.587664E-02 -6.718578E-02
       409   2 -1.307209E-01 -2.770174E+00 -3.062473E-01  1.280862E-01  5.587664E-02  6.718578E-02
       410   1  5.536324E-01 -7.851258E-01 -1.298940E-01 -2.034392E-01  3.768422E-02 -1.229297E-01
       410   2  5.536324E-01 -7.851258E-01 -1.298940E-01 -2.034392E-01 -3.768422E-02  1.229297E-01
       411   1 -2.098855E-01 -3.152412E+00 -3.479908E-01  1.715446E-01  7.578476E-02  2.398231E-02
       411   2 -2.098855E-01 -3.152412E+00 -3.479908E-01  1.715446E-01 -7.578476E-02 -2.398231E-02
       412   1  1.519665E+00  2.781918E-01  3.674833E-02 -7.571450E-01  9.086057E-02 -1.150646E-01
       412   2  1.519665E+00  2.781918E-01  3.674833E-02 -7.571450E-01 -9.086057E-02  1.150646E-01
       413   1  2.027815E+00  3.143624E-01  7.434452E-02 -8.263907E-01 -1.068512E-01  1.170449E-01
       413   2  2.027815E+00  3.143624E-01  7.434452E-02 -8.263907E-01  1.068512E-01 -1.170449E-01
       414   1  8.223623E+00  1.028599E+00  5.859801E-01  6.956272E-01 -4.933546E-02  9.373730E-02
       414   2  8.223623E+00  1.028599E+00  5.859801E-01  6.956272E-01  4.933546E-02 -9.373730E-02
       415   1  2.966763E+00  1.004597E+00  2.105608E-01 -1.357069E+00  1.269824E-01 -8.069590E-02
       415   2  2.966763E+00  1.004597E+00  2.105608E-01 -1.357069E+00 -1.269824E-01  8.069590E-02
       416   1 -2.135741E-02 -2.435811E+00 -2.763142E-01 -1.707992E-01  3.937325E-02 -9.221941E-02
       416   2 -2.135741E-02 -2.435811E+00 -2.763142E-01 -1.707992E-01 -3.937325E-02  9.221941E-02
       417   1  1.034775E-01 -1.829889E+00 -2.161657E-01  1.040999E-01 -1.776989E-02 -1.101869E-01
       417   2  1.034775E-01 -1.829889E+00 -2.161657E-01  1.040999E-01  1.776989E-02  1.101869E-01
       418   1  3.882031E-01 -1.158927E+00 -1.870938E-01 -2.902480E-02  2.881415E-02  1.290132E-01
       418   2  3.882031E-01 -1.158927E+00 -1.870938E-01 -2.902480E-02 -2.881415E-02 -1.290132E-01
       419   1  2.735372E-01 -1.310675E+00 -1.620772E-01  4.794397E-02 -1.490289E-02 -1.252259E-01
       419   2  2.735372E-01 -1.310675E+00 -1.620772E-01  4.794397E-02  1.490289E-02  1.252259E-01
       420   1  5.549691E+00  1.269347E+00  3.953883E-01  1.762081E+00 -1.380277E-01  6.004909E-03
       420   2  5.549691E+00  1.269347E+00  3.953883E-01  1.762081E+00  1.380277E-01 -6.004909E-03
       421   1  3.776446E+00  1.130081E+00  2.504426E-01  1.569189E+00 -1.371295E-01 -5.811611E-02
       421   2  3.776446E+00  1.130081E+00  2.504426E-01  1.569189E+00  1.371295E-01  5.811611E-02
       422   1  1.074921E+00 -1.064316E+00  2.742568E-02  4.339328E-01 -1.410825E-02  9.242400E-02
       422   2  1.074921E+00 -1.064316E+00  2.742568E-02  4.339328E-01  1.410825E-02 -9.242400E-02
       423   1  2.538350E+00 -1.879525E-02 -1.474936E-02  2.403317E-02 -2.616090E-03  7.454312E-03
       423   2  2.538350E+00 -1.879525E-02 -1.474936E-02  2.403317E-02  2.616090E-03 -7.454312E-03
       424   1  2.599813E+00 -5.132049E-01 -7.221666E-02  3.309195E-01 -2.161305E-03 -9.473630E-03
       424   2  2.599813E+00 -5.132049E-01 -7.221666E-02  3.309195E-01  2.161305E-03  9.473630E-03
       425   1  2.425276E+00  1.762411E-02 -1.165846E-02  5.940331E-02  2.555824E-04  7.866989E-05
       425   2  2.425276E+00  1.762411E-02 -1.165846E-02  5.940331E-02 -2.555824E-04 -7.866989E-05
       426   1  1.377671E+00 -8.881748E-01  7.670468E-02 -5.279018E-01 -3.819643E-03  9.359466E-02
       426   2  1.377671E+00 -8.881748E-01  7.670468E-02 -5.279018E-01  3.819643E-03 -9.359466E-02
       427   1  2.405488E+00  1.622184E-01  7.035273E-03 -9.996738E-02  1.713638E-03  8.646729E-03
       427   2  2.405488E+00  1.622184E-01  7.035273E-03 -9.996738E-02 -1.713638E-03 -8.646729E-03
       428   1  2.487604E+00  4.354545E-02  1.109153E-02  7.913693E-02 -1.977949E-03  6.121545E-05
       428   2  2.487604E+00  4.354545E-02  1.109153E-02  7.913693E-02  1.977949E-03 -6.121545E-05
       429   1  4.477090E+00  1.898578E-01 -3.737497E-01 -1.179987E+00 -1.230766E-01 -5.979919E-02
       429   2  4.477090E+00  1.898578E-01 -3.737497E-01 -1.179987E+00  1.230766E-01  5.979919E-02
       430   1  3.743918E-01 -7.383698E-01  5.463477E-02  1.934386E-01 -2.839002E-02  9.970063E-02
       430   2  3.743918E-01 -7.383698E-01  5.463477E-02  1.934386E-01  2.839002E-02 -9.970063E-02
       431   1  6.001366E+00 -7.208636E-02 -4.693916E-01 -8.293370E-02 -2.758150E-02 -1.367669E-01
       431   2  6.001366E+00 -7.208636E-02 -4.693916E-01 -8.293370E-02  2.758150E-02  1.367669E-01
       432   1  1.534126E+00  2.916986E-02 -1.767814E-01  7.928605E-01  7.497202E-02  8.214826E-02
       432   2  1.534126E+00  2.916986E-02 -1.767814E-01  7.928605E-01 -7.497202E-02 -8.214826E-02
       433   1  3.746781E+00  3.744298E-01 -3.190126E-01 -1.334652E+00  1.155155E-01  3.315254E-02
       433   2  3.746781E+00  3.744298E-01 -3.190126E-01 -1.334652E+00 -1.155155E-01 -3.315254E-02
       434   1 -1.248951E-03 -1.452293E+00  9.452680E-02  4.502748E-02  8.515949E-02  4.534452E-02
       434   2 -1.248951E-03 -1.452293E+00  9.452680E-02  4.502748E-02 -8.515949E-02 -4.534452E-02
       435   1  3.953139E+00  2.943778E-01 -3.128535E-01  1.340269E+00  1.229894E-01 -1.786431E-02
       435   2  3.953139E+00  2.943778E-01 -3.128535E-01  1.340269E+00 -1.229894E-01  1.786431E-02
       436   1  1.946569E+00  9.287824E-02 -2.353094E-01 -9.875074E-01 -9.655232E-02  5.934894E-02
       436   2  1.946569E+00  9.287824E-02 -2.353094E-01 -9.875074E-01  9.655232E-02 -5.934894E-02
       437   1  3.596175E-01 -5.954104E-01 -4.112431E-02 -2.007939E-01  7.331060E-03  9.881940E-02
       437   2  3.596175E-01 -5.954104E-01 -4.112431E-02 -2.007939E-01 -7.331060E-03 -9.881940E-02
       438   1  2.256063E+00  4.895021E-01 -1.611341E-01  1.240388E+00 -8.946368E-02 -5.428050E-02
       438   2  2.256063E+00  4.895021E-01 -1.611341E-01  1.240388E+00  8.946368E-02  5.428050E-02
       439   1  2.393154E+00  5.672733E-01  4.089158E-02 -1.125880E-01 -1.420834E-03  2.846728E-04
       439   2  2.393154E+00  5.672733E-01  4.089158E-02 -1.125880E-01  1.420834E-03 -2.846728E-04
       440   1  2.445894E+00  3.626664E-01  1.463310E-02 -5.197122E-02 -3.575642E-03  3.573612E-04
       440   2  2.445894E+00  3.626664E-01  1.463310E-02 -5.197122E-02  3.575642E-03 -3.573612E-04
       441   1  2.380413E+00 -4.163976E-03  1.392767E-02  8.068259E-02  5.649212E-04  1.192062E-02
       441   2  2.380413E+00 -4.163976E-03  1.392767E-02  8.068259E-02 -5.649212E-04 -1.192062E-02
       442   1  3.609683E+00  4.331593E-02  8.708383E-02  3.063648E-01 -3.701643E-03 -8.832493E-03
       442   2  3.609683E+00  4.331593E-02  8.708383E-02  3.063648E-01  3.701643E-03  8.832493E-03
       443   1  3.517146E+00 -3.548519E-03  3.265689E-02  6.070796E-02 -6.062804E-03  1.563316E-02
       443   2  3.517146E+00 -3.548519E-03  3.265689E-02  6.070796E-02  6.062804E-03 -1.563316E-02
       444   1  3.607727E+00  4.897482E-03  7.052659E-02 -2.052350E-01  3.278639E-03  4.923759E-03
       444   2  3.607727E+00  4.897482E-03  7.052659E-02 -2.052350E-01 -3.278639E-03 -4.923759E-03
       445   1  3.143604E+00  8.631970E-05 -3.779333E-02  1.370084E-01  4.734622E-03  1.506648E-02
       445   2  3.143604E+00  8.631970E-05 -3.779333E-02  1.370084E-01 -4.734622E-03 -1.506648E-02
       446   1  2.359711E+00  7.661104E-04  1.436208E-02 -5.754533E-02  1.733358E-03  1.339374E-02
       446   2  2.359711E+00  7.661104E-04  1.436208E-02 -5.754533E-02 -1.733358E-03 -1.339374E-02
       447   1  2.606589E+00  5.334410E-04  1.723710E-02  6.297902E-02 -5.926603E-04  1.708229E-03
       447   2  2.606589E+00  5.334410E-04  1.723710E-02  6.297902E-02  5.926603E-04 -1.708229E-03
       448   1  2.323583E+00 -4.494265E-03  1.022505E-02  1.469306E-02 -1.623538E-03  1.519144E-02
       448   2  2.323583E+00 -4.494265E-03  1.022505E-02  1.469306E-02  1.623538E-03 -1.519144E-02
       449   1  3.348274E+00 -1.642278E-02 -1.102971E-02  4.764142E-02  3.338974E-03  1.256831E-02
       449   2  3.348274E+00 -1.642278E-02 -1.102971E-02  4.764142E-02 -3.338974E-03 -1.256831E-02
       450   1  2.904532E+00 -7.892163E-03 -4.239358E-02  1.435818E-01  4.842814E-03  1.020917E-02
       450   2  2.904532E+00 -7.892163E-03 -4.239358E-02  1.435818E-01 -4.842814E-03 -1.020917E-02
       451   1  2.517985E+00  1.550139E-07  2.299937E-02  8.736946E-02 -2.938833E-03  5.448036E-03
       451   2  2.517985E+00  1.550139E-07  2.299937E-02  8.736946E-02  2.938833E-03 -5.448036E-03
       452   1  2.481205E+00 -6.551438E-04 -3.594557E-03  3.064448E-02 -8.455511E-04  8.141797E-05
       452   2  2.481205E+00 -6.551438E-04 -3.594557E-03  3.064448E-02  8.455511E-04 -8.141797E-05
       453   1  2.536603E+00 -1.349645E-03 -2.785359E-03  3.804889E-02 -8.886622E-04 -1.897630E-03
       453   2  2.536603E+00 -1.349645E-03 -2.785359E-03  3.804889E-02  8.886622E-04  1.897630E-03
       454   1  2.884511E+00 -1.371934E-01 -5.196055E-02 -3.747911E-01 -5.533042E-03  1.244557E-02
       454   2  2.884511E+00 -1.371934E-01 -5.196055E-02 -3.747911E-01  5.533042E-03 -1.244557E-02
       455   1  2.708097E+00 -1.853588E-03  3.216045E-02 -1.810017E-01 -3.145795E-03  4.783543E-03
       455   2  2.708097E+00 -1.853588E-03  3.216045E-02 -1.810017E-01  3.145795E-03 -4.783543E-03
       456   1  1.440622E+00 -1.554583E-01  9.631786E-02  3.459386E-01 -3.014218E-02  1.877382E-02
       456   2  1.440622E+00 -1.554583E-01  9.631786E-02  3.459386E-01  3.014218E-02 -1.877382E-02
       457   1  2.509561E+00  1.718161E-01 -4.081280E-02 -1.623831E-01 -8.664549E-03 -4.897458E-03
       457   2  2.509561E+00  1.718161E-01 -4.081280E-02 -1.623831E-01  8.664549E-03  4.897458E-03
       458   1  2.864035E+00 -5.091410E-01 -9.617610E-02  4.573953E-01  6.172452E-02  4.452243E-02
       458   2  2.864035E+00 -5.091410E-01 -9.617610E-02  4.573953E-01 -6.172452E-02 -4.452243E-02
       459   1  1.369866E+00 -5.150876E-01 -8.197745E-02 -8.892215E-01 -2.481927E-02 -3.701212E-02
       459   2  1.369866E+00 -5.150876E-01 -8.197745E-02 -8.892215E-01  2.481927E-02  3.701212E-02
       460   1  5.537639E+00  8.013626E-01  3.714799E-02  5.611885E-01  4.345746E-02 -9.645221E-02
       460   2  5.537639E+00  8.013626E-01  3.714799E-02  5.611885E-01 -4.345746E-02  9.645221E-02
       461   1  6.176133E+00  9.123688E-01  1.973021E-01 -6.310061E-02  4.932308E-02 -8.614839E-02
       461   2  6.176133E+00  9.123688E-01  1.973021E-01 -6.310061E-02 -4.932308E-02  8.614839E-02
       462   1  1.753910E+00  2.418803E-01  8.671569E-02 -8.466464E-02  1.125754E-02  9.521858E-03
       462   2  1.753910E+00  2.418803E-01  8.671569E-02 -8.466464E-02 -1.125754E-02 -9.521858E-03
       463   1  3.270738E+00 -2.695115E-01 -5.940957E-02 -4.408592E-02 -1.856205E-02  1.003684E-03
       463   2  3.270738E+00 -2.695115E-01 -5.940957E-02 -4.408592E-02  1.856205E-02 -1.003684E-03
       464   1  4.744009E-01 -5.147197E-01 -3.635010E-02  4.097389E-01 -4.654796E-02  2.973588E-02
       464   2  4.744009E-01 -5.147197E-01 -3.635010E-02  4.097389E-01  4.654796E-02 -2.973588E-02
       465   1  2.295373E+00  4.215516E-01 -2.334791E-02 -6.782137E-02 -1.885232E-03  1.098874E-03
       465   2  2.295373E+00  4.215516E-01 -2.334791E-02 -6.782137E-02  1.885232E-03 -1.098874E-03
       466   1  2.432616E+00  4.401076E-02  1.926449E-03  2.658159E-02 -8.197934E-04  1.698880E-03
       466   2  2.432616E+00  4.401076E-02  1.926449E-03  2.658159E-02  8.197934E-04 -1.698880E-03
       467   1  2.400667E+00  8.659084E-02 -1.488204E-02 -2.284579E-01  1.060042E-03  1.358714E-03
       467   2  2.400667E+00  8.659084E-02 -1.488204E-02 -2.284579E-01 -1.060042E-03 -1.358714E-03
       468   1  3.119194E+00 -4.217088E-01  8.311274E-02  4.285509E-01  1.107642E-02  2.185554E-02
       468   2  3.119194E+00 -4.217088E-01  8.311274E-02  4.285509E-01 -1.107642E-02 -2.185554E-02
       469   1  2.623441E+00  1.137370E-01 -2.620459E-02  1.029757E-01  2.450508E-03  9.836401E-03
       469   2  2.623441E+00  1.137370E-01 -2.620459E-02  1.029757E-01 -2.450508E-03 -9.836401E-03
       470   1  2.499680E+00  3.010383E-02  3.190919E-03 -4.731684E-02 -3.838575E-03 -1.482786E-03
       470   2  2.499680E+00  3.010383E-02  3.190919E-03 -4.731684E-02  3.838575E-03  1.482786E-03
       471   1  2.506011E+00  9.105374E-02 -5.281335E-02  1.474139E-01 -6.914712E-03  4.309156E-03
       471   2  2.506011E+00  9.105374E-02 -5.281335E-02  1.474139E-01  6.914712E-03 -4.309156E-03
       472   1  4.851868E+00  3.849923E-01  1.023583E-01  1.421321E-01 -6.571206E-02 -3.366458E-02
       472   2  4.851868E+00  3.849923E-01  1.023583E-01  1.421321E-01  6.571206E-02  3.366458E-02
       473   1  2.552505E+00  5.036663E-02 -1.911513E-02 -5.377985E-02 -2.550115E-03  1.130505E-02
       473   2  2.552505E+00  5.036663E-02 -1.911513E-02 -5.377985E-02  2.550115E-03 -1.130505E-02
       474   1  2.339170E+00 -2.967406E-01  1.005462E-02  5.320411E-01  1.748076E-03 -1.006266E-02
       474   2  2.339170E+00 -2.967406E-01  1.005462E-02  5.320411E-01 -1.748076E-03  1.006266E-02
       475   1  1.836453E+00 -2.937456E-01 -6.690886E-02 -6.222161E-01 -1.053259E-02 -1.483037E-02
       475   2  1.836453E+00 -2.937456E-01 -6.690886E-02 -6.222161E-01  1.053259E-02  1.483037E-02
       476   1  2.905878E+00  1.794158E-01 -4.809456E-02  1.216073E-01  5.496327E-03  1.276862E-02
       476   2  2.905878E+00  1.794158E-01 -4.809456E-02  1.216073E-01 -5.496327E-03 -1.276862E-02
       477   1  2.640257E+00  3.688954E-02  1.155787E-02 -1.755855E-01 -2.717830E-04  7.526863E-03
       477   2  2.640257E+00  3.688954E-02  1.155787E-02 -1.755855E-01  2.717830E-04 -7.526863E-03
       478   1  4.910834E-01 -7.322766E-01  1.876571E-02 -4.584155E-01 -4.951122E-02 -6.410513E-02
       478   2  4.910834E-01 -7.322766E-01  1.876571E-02 -4.584155E-01  4.951122E-02  6.410513E-02
       479   1  2.385660E+00  3.160259E-01 -4.656504E-03 -1.827274E-02 -3.566451E-03  3.402317E-04
       479   2  2.385660E+00  3.160259E-01 -4.656504E-03 -1.827274E-02  3.566451E-03 -3.402317E-04
       480   1  7.094832E-01 -7.255667E-01 -1.713715E-02 -7.173454E-01 -4.694246E-02 -7.189714E-02
       480   2  7.094832E-01 -7.255667E-01 -1.713715E-02 -7.173454E-01  4.694246E-02  7.189714E-02
       481   1  2.451138E+00  1.808989E-02 -2.065042E-02 -1.107799E-01 -1.704294E-03  5.231389E-04
       481   2  2.451138E+00  1.808989E-02 -2.065042E-02 -1.107799E-01  1.704294E-03 -5.231389E-04
       482   1  3.205745E+00  5.987127E-01  3.999617E-02  2.862662E-01  1.323869E-02  2.572841E-02
       482   2  3.205745E+00  5.987127E-01  3.999617E-02  2.862662E-01 -1.323869E-02 -2.572841E-02
       483   1  2.599450E+00 -4.591512E-02 -1.086809E-02 -2.895278E-02  5.060551E-05 -1.852443E-03
       483   2  2.599450E+00 -4.591512E-02 -1.086809E-02 -2.895278E-02 -5.060551E-05  1.852443E-03
       484   1  1.689831E+00 -1.431703E-01 -1.087803E-01  5.295122E-01 -1.263612E-02  1.618491E-02
       484   2  1.689831E+00 -1.431703E-01 -1.087803E-01  5.295122E-01  1.263612E-02 -1.618491E-02
       485   1  3.028489E+00 -4.918076E-01 -5.727627E-02 -1.717110E-01  1.307496E-02 -1.677986E-02
       485   2  3.028489E+00 -4.918076E-01 -5.727627E-02 -1.717110E-01 -1.307496E-02  1.677986E-02
       486   1  2.199642E+00 -3.452284E-01 -1.125064E-02  5.428372E-01  4.729701E-03 -1.074217E-02
       486   2  2.199642E+00 -3.452284E-01 -1.125064E-02  5.428372E-01 -4.729701E-03  1.074217E-02
       487   1  2.394753E+00  3.670920E-01  3.900856E-03  1.793406E-02  4.145739E-03  1.092231E-03
       487   2  2.394753E+00  3.670920E-01  3.900856E-03  1.793406E-02 -4.145739E-03 -1.092231E-03
       488   1  2.433780E+00  4.150593E-02 -2.742948E-03  6.140669E-03 -1.558943E-04  5.803447E-03
       488   2  2.433780E+00  4.150593E-02 -2.742948E-03  6.140669E-03  1.558943E-04 -5.803447E-03
       489   1  2.419698E+00 -4.332825E-01 -3.943536E-02  6.555871E-01 -6.480676E-02 -7.154056E-02
       489   2  2.419698E+00 -4.332825E-01 -3.943536E-02  6.555871E-01  6.480676E-02  7.154056E-02
       490   1  2.646080E+00  4.464280E-03  1.787107E-02 -3.818540E-02  1.645272E-03 -3.467148E-04
       490   2  2.646080E+00  4.464280E-03  1.787107E-02 -3.818540E-02 -1.645272E-03  3.467148E-04
       491   1  2.577064E+00 -1.965176E-03 -7.450397E-04 -3.119367E-02  5.466576E-04  4.803955E-04
       491   2  2.577064E+00 -1.965176E-03 -7.450397E-04 -3.119367E-02 -5.466576E-04 -4.803955E-04
       492   1  2.543352E+00 -1.932631E-03 -7.307586E-04 -3.188385E-02  2.617201E-04  2.299851E-03
       492   2  2.543352E+00 -1.932631E-03 -7.307586E-04 -3.188385E-02 -2.617201E-04 -2.299851E-03
       493   1  2.387910E+00  2.154246E-01  7.439453E-03  1.978450E-02 -1.498711E-03  1.196258E-02
       493   2  2.387910E+00  2.154246E-01  7.439453E-03  1.978450E-02  1.498711E-03 -1.196258E-02
       494   1  3.579725E+00  9.919277E-02 -6.491784E-02 -3.551645E-02  4.821839E-02  1.843030E-02
       494   2  3.579725E+00  9.919277E-02 -6.491784E-02 -3.551645E-02 -4.821839E-02 -1.843030E-02
       495   1  3.044987E+00 -2.773744E-01  1.084073E-01  2.172515E-01 -1.035620E-02 -7.745007E-03
       495   2  3.044987E+00 -2.773744E-01  1.084073E-01  2.172515E-01  1.035620E-02  7.745007E-03
       496   1  3.464736E+00  6.015859E-01 -2.227504E-02  7.090758E-02 -2.576240E-03  3.298991E-02
       496   2  3.464736E+00  6.015859E-01 -2.227504E-02  7.090758E-02  2.576240E-03 -3.298991E-02
       497   1  2.678844E+00  2.342120E-03 -1.789297E-03  7.743785E-02  3.928170E-03  2.373942E-03
       497   2  2.678844E+00  2.342120E-03 -1.789297E-03  7.743785E-02 -3.928170E-03 -2.373942E-03
       498   1  2.706189E+00 -2.543810E-02 -4.214246E-02  1.247260E-01  3.124535E-03  3.278391E-03
       498   2  2.706189E+00 -2.543810E-02 -4.214246E-02  1.247260E-01 -3.124535E-03 -3.278391E-03
       499   1  2.730900E+00 -7.725887E-03  3.816069E-02  1.683823E-01  3.337725E-03  1.802003E-03
       499   2  2.730900E+00 -7.725887E-03  3.816069E-02  1.683823E-01 -3.337725E-03 -1.802003E-03
       500   1  2.332042E+00  4.390404E-01  8.594388E-03 -4.060863E-02 -3.042053E-03  1.148811E-03
       500   2  2.332042E+00  4.390404E-01  8.594388E-03 -4.060863E-02  3.042053E-03 -1.148811E-03
       501   1  2.392496E+00  3.764074E-01  5.073603E-03 -5.924568E-03  4.530999E-03 -7.166633E-04
       501   2  2.392496E+00  3.764074E-01  5.073603E-03 -5.924568E-03 -4.530999E-03  7.166633E-04
       502   1  2.505535E+00 -6.774037E-02  1.079288E-04  1.703996E-01  5.535813E-04 -1.515919E-04
       502   2  2.505535E+00 -6.774037E-02  1.079288E-04  1.703996E-01 -5.535813E-04  1.515919E-04
       503   1  4.106523E+00  1.304737E-01  5.900787E-02 -4.116531E-01  5.107566E-02 -2.565388E-02
       503   2  4.106523E+00  1.304737E-01  5.900787E-02 -4.116531E-01 -5.107566E-02  2.565388E-02
       504   1  2.476221E+00  2.786607E-03  2.275828E-02 -9.791658E-02  6.618416E-04  8.511618E-03
       504   2  2.476221E+00  2.786607E-03  2.275828E-02 -9.791658E-02 -6.618416E-04 -8.511618E-03
       505   1  2.304614E+00  5.834400E-01  2.706089E-02 -6.730602E-02 -2.020700E-03  8.802332E-04
       505   2  2.304614E+00  5.834400E-01  2.706089E-02 -6.730602E-02  2.020700E-03 -8.802332E-04
       506   1  2.415701E+00  5.992751E-02 -7.603469E-03  3.227769E-02 -3.245523E-04  9.137379E-04
       506   2  2.415701E+00  5.992751E-02 -7.603469E-03  3.227769E-02  3.245523E-04 -9.137379E-04
       507   1  2.613294E+00  2.177045E-01  5.287468E-02  9.661333E-02 -2.149679E-03  1.609971E-03
       507   2  2.613294E+00  2.177045E-01  5.287468E-02  9.661333E-02  2.149679E-03 -1.609971E-03
       508   1  3.713430E+00 -6.073595E-01 -3.563524E-02  1.902743E-01  3.002383E-02  2.448411E-02
       508   2  3.713430E+00 -6.073595E-01 -3.563524E-02  1.902743E-01 -3.002383E-02 -2.448411E-02
       509   1  2.539003E+00 -7.207685E-03 -1.583633E-02 -6.152413E-02 -2.229594E-03 -5.021259E-04
       509   2  2.539003E+00 -7.207685E-03 -1.583633E-02 -6.152413E-02  2.229594E-03  5.021259E-04
       510   1  2.632056E+00 -1.247697E-02 -3.456516E-02 -1.020307E-01 -3.960963E-03  3.270431E-03
       510   2  2.632056E+00 -1.247697E-02 -3.456516E-02 -1.020307E-01  3.960963E-03 -3.270431E-03
       511   1  2.763076E+00 -1.203317E-02 -3.899553E-02 -1.476276E-01 -2.902801E-03  6.412542E-03
       511   2  2.763076E+00 -1.203317E-02 -3.899553E-02 -1.476276E-01  2.902801E-03 -6.412542E-03
       512   1  3.099700E+00  4.513413E-03 -2.204623E-02 -1.194924E-01 -4.451794E-03  1.671575E-02
       512   2  3.099700E+00  4.513413E-03 -2.204623E-02 -1.194924E-01  4.451794E-03 -1.671575E-02
       513   1  3.160943E+00 -4.163082E-02 -4.434478E-02 -1.770100E-01 -1.678031E-03  1.465454E-02
       513   2  3.160943E+00 -4.163082E-02 -4.434478E-02 -1.770100E-01  1.678031E-03 -1.465454E-02
       514   1  2.245707E+00  4.653261E-01 -1.688261E-02 -4.075428E-02 -1.768080E-03  4.534645E-04
       514   2  2.245707E+00  4.653261E-01 -1.688261E-02 -4.075428E-02  1.768080E-03 -4.534645E-04
       515   1  2.531650E+00  3.889357E-02 -2.377877E-03 -5.124773E-02 -5.073968E-04  1.166409E-03
       515   2  2.531650E+00  3.889357E-02 -2.377877E-03 -5.124773E-02  5.073968E-04 -1.166409E-03
       516   1  2.699366E+00  8.111028E-01  4.309650E-03 -4.245243E-01 -1.593245E-02  2.944409E-02
       516   2  2.699366E+00  8.111028E-01  4.309650E-03 -4.245243E-01  1.593245E-02 -2.944409E-02
       517   1  2.446652E+00  1.029426E-02  1.325739E-03 -1.418356E-02 -1.408930E-03 -2.798122E-05
       517   2  2.446652E+00  1.029426E-02  1.325739E-03 -1.418356E-02  1.408930E-03  2.798122E-05
       518   1  3.133914E+00  3.884444E-01  5.007342E-02 -4.331000E-01 -4.103253E-02  4.415101E-03
       518   2  3.133914E+00  3.884444E-01  5.007342E-02 -4.331000E-01  4.103253E-02 -4.415101E-03
       519   1  2.425849E+00  1.741675E-02 -1.983119E-03 -1.130364E-02  1.857824E-04 -1.618177E-03
       519   2  2.425849E+00  1.741675E-02 -1.983119E-03 -1.130364E-02 -1.857824E-04  1.618177E-03
       520   1  1.421278E+00  5.177384E-02  2.171253E-02 -4.081492E-01 -1.587592E-02 -7.917920E-03
       520   2  1.421278E+00  5.177384E-02  2.171253E-02 -4.081492E-01  1.587592E-02  7.917920E-03
       521   1  9.444384E-01 -9.594309E-01 -8.030093E-02  5.468858E-01 -6.315385E-03 -1.014123E-01
       521   2  9.444384E-01 -9.594309E-01 -8.030093E-02  5.468858E-01  6.315385E-03  1.014123E-01
       522   1  2.725226E+00 -4.797003E-01  2.119664E-03  4.005443E-01 -4.897962E-03  2.820040E-02
       522   2  2.725226E+00 -4.797003E-01  2.119664E-03  4.005443E-01  4.897962E-03 -2.820040E-02
       523   1  4.421382E+00 -1.373028E-01  8.629469E-02  1.310872E-01  6.929893E-02  7.814674E-03
       523   2  4.421382E+00 -1.373028E-01  8.629469E-02  1.310872E-01 -6.929893E-02 -7.814674E-03
       524   1  2.303144E+00  3.850173E-01 -3.708021E-03 -2.558402E-02 -2.709217E-03  5.207266E-04
       524   2  2.303144E+00  3.850173E-01 -3.708021E-03 -2.558402E-02  2.709217E-03 -5.207266E-04
       525   1  2.421490E+00  2.637245E-01 -8.655202E-04  2.167989E-02  3.920926E-03  7.667234E-04
       525   2  2.421490E+00  2.637245E-01 -8.655202E-04  2.167989E-02 -3.920926E-03 -7.667234E-04
       526   1  2.548201E+00 -3.980800E-02 -9.601829E-03 -6.078355E-02  3.560688E-03  8.622199E-04
       526   2  2.548201E+00 -3.980800E-02 -9.601829E-03 -6.078355E-02 -3.560688E-03 -8.622199E-04
       527   1  2.430944E+00  2.092042E-03 -3.177678E-04  4.942412E-03 -7.867861E-04  2.016285E-04
       527   2  2.430944E+00  2.092042E-03 -3.177678E-04  4.942412E-03  7.867861E-04 -2.016285E-04
       528   1  2.419943E+00  1.248027E-02 -3.539883E-04  4.817127E-03 -1.635010E-04  8.230904E-04
       528   2  2.419943E+00  1.248027E-02 -3.539883E-04  4.817127E-03  1.635010E-04 -8.230904E-04
       529   1  2.352914E+00  2.359850E-01 -8.719181E-03  6.135977E-02  2.865298E-03  8.173081E-04
       529   2  2.352914E+00  2.359850E-01 -8.719181E-03  6.135977E-02 -2.865298E-03 -8.173081E-04
       530   1  2.531820E+00 -1.988878E-01 -3.864466E-02  1.539499E-01 -1.535127E-03 -2.534582E-03
       530   2  2.531820E+00 -1.988878E-01 -3.864466E-02  1.539499E-01  1.535127E-03  2.534582E-03
       531   1  2.410850E+00  2.469598E-01  1.566627E-02  2.878165E-02  3.013647E-03  5.296265E-04
       531   2  2.410850E+00  2.469598E-01  1.566627E-02  2.878165E-02 -3.013647E-03 -5.296265E-04
       532   1  2.545325E+00  2.048384E-04  8.058323E-05 -3.300026E-02  1.883661E-03  1.374130E-03
       532   2  2.545325E+00  2.048384E-04  8.058323E-05 -3.300026E-02 -1.883661E-03 -1.374130E-03
       533   1  2.535768E-01 -5.023494E-01 -8.942184E-02 -3.589050E-01  7.044878E-02  2.646657E-02
       533   2  2.535768E-01 -5.023494E-01 -8.942184E-02 -3.589050E-01 -7.044878E-02 -2.646657E-02
       534   1  2.594150E+00  9.283034E-02  1.619628E-02  6.998325E-02 -1.455796E-03 -4.173051E-03
       534   2  2.594150E+00  9.283034E-02  1.619628E-02  6.998325E-02  1.455796E-03  4.173051E-03
       535   1  2.410096E+00  1.790700E-01  5.903866E-02  3.448681E-01 -2.551496E-03  1.425960E-02
       535   2  2.410096E+00  1.790700E-01  5.903866E-02  3.448681E-01  2.551496E-03 -1.425960E-02
       536   1  8.352568E-01 -1.499334E-01 -7.278635E-02 -4.077028E-01 -3.941677E-02 -6.238040E-03
       536   2  8.352568E-01 -1.499334E-01 -7.278635E-02 -4.077028E-01  3.941677E-02  6.238040E-03
       537   1  2.631409E+00  6.005896E-03  7.006161E-03 -1.027822E-02  3.266830E-04 -9.063563E-04
       537   2  2.631409E+00  6.005896E-03  7.006161E-03 -1.027822E-02 -3.266830E-04  9.063563E-04
       538   1  2.636796E+00  7.112615E-03  1.268018E-02  1.553386E-02 -8.895994E-04 -2.717541E-04
       538   2  2.636796E+00  7.112615E-03  1.268018E-02  1.553386E-02  8.895994E-04  2.717541E-04
       539   1  2.543817E+00 -8.433339E-03 -8.285731E-03  4.334343E-02 -1.065094E-03 -2.655858E-03
       539   2  2.543817E+00 -8.433339E-03 -8.285731E-03  4.334343E-02  1.065094E-03  2.655858E-03
       540   1  2.708197E+00  8.135144E-01  3.517476E-03  4.292211E-01 -1.742671E-02 -2.988318E-02
       540   2  2.708197E+00  8.135144E-01  3.517476E-03  4.292211E-01  1.742671E-02  2.988318E-02
       541   1  3.146685E+00  3.860386E-01  5.312015E-02  4.390164E-01 -4.257895E-02 -4.807117E-03
       541   2  3.146685E+00  3.860386E-01  5.312015E-02  4.390164E-01  4.257895E-02  4.807117E-03
       542   1  3.931419E+00  1.687768E-02 -1.601002E-01 -3.843918E-01 -8.077942E-02 -1.598769E-02
       542   2  3.931419E+00  1.687768E-02 -1.601002E-01 -3.843918E-01  8.077942E-02  1.598769E-02
       543   1  2.220785E+00 -5.473746E-01 -1.321793E-01 -6.957488E-01 -3.799076E-02  6.228270E-02
       543   2  2.220785E+00 -5.473746E-01 -1.321793E-01 -6.957488E-01  3.799076E-02 -6.228270E-02
       544   1  2.785198E+00  3.252613E-02  8.677811E-03  1.016253E-01  4.134936E-03  2.526508E-03
       544   2  2.785198E+00  3.252613E-02  8.677811E-03  1.016253E-01 -4.134936E-03 -2.526508E-03
       545   1  2.951360E+00  7.268476E-02  5.186963E-02  2.734579E-01  4.890968E-03  7.312675E-03
       545   2  2.951360E+00  7.268476E-02  5.186963E-02  2.734579E-01 -4.890968E-03 -7.312675E-03
       546   1  1.122142E+00 -7.382557E-01 -6.920928E-02  6.715788E-01 -1.392305E-02  8.702763E-02
       546   2  1.122142E+00 -7.382557E-01 -6.920928E-02  6.715788E-01  1.392305E-02 -8.702763E-02
       547   1  6.063639E-01 -7.754235E-01 -3.026168E-02 -5.304935E-01  3.609892E-02  6.591960E-02
       547   2  6.063639E-01 -7.754235E-01 -3.026168E-02 -5.304935E-01 -3.609892E-02 -6.591960E-02
       548   1  3.005770E+00 -4.595494E-01  8.604475E-02  4.158619E-01 -1.767884E-02 -1.988124E-02
       548   2  3.005770E+00 -4.595494E-01  8.604475E-02  4.158619E-01  1.767884E-02  1.988124E-02
       549   1  2.272302E+00  4.796871E-01  8.908494E-03 -3.136933E-02 -2.720773E-03  5.047163E-04
       549   2  2.272302E+00  4.796871E-01  8.908494E-03 -3.136933E-02  2.720773E-03 -5.047163E-04
       550   1  3.069943E+00 -6.590238E-01 -9.968885E-02  4.103005E-01 -1.963141E-02 -2.166384E-02
       550   2  3.069943E+00 -6.590238E-01 -9.968885E-02  4.103005E-01  1.963141E-02  2.166384E-02
       551   1  5.095564E+00  4.338647E-01  1.891360E-01  5.698063E-01  1.135219E-01  3.651321E-03
       551   2  5.095564E+00  4.338647E-01  1.891360E-01  5.698063E-01 -1.135219E-01 -3.651321E-03
       552   1  6.499512E+00  9.861653E-01  2.465070E-01 -1.522545E-01 -2.184357E-02 -9.160162E-02
       552   2  6.499512E+00  9.861653E-01  2.465070E-01 -1.522545E-01  2.184357E-02  9.160162E-02
       553   1  1.822992E+00  1.372656E-01 -4.101265E-02  1.609730E-01 -7.027764E-03 -2.517702E-03
       553   2  1.822992E+00  1.372656E-01 -4.101265E-02  1.609730E-01  7.027764E-03  2.517702E-03
       554   1  3.494479E+00  1.531280E-01  1.346301E-01  8.711302E-01 -8.915869E-02 -5.466769E-02
       554   2  3.494479E+00  1.531280E-01  1.346301E-01  8.711302E-01  8.915869E-02  5.466769E-02
       555   1  2.582882E+00  3.422247E-03  2.400824E-02 -7.769648E-02  1.650481E-03  2.043282E-03
       555   2  2.582882E+00  3.422247E-03  2.400824E-02 -7.769648E-02 -1.650481E-03 -2.043282E-03
       556   1  2.953888E+00 -4.230765E-01 -9.021653E-02  2.722699E-01  1.001435E-02  1.778687E-02
       556   2  2.953888E+00 -4.230765E-01 -9.021653E-02  2.722699E-01 -1.001435E-02 -1.778687E-02
       557   1  3.342091E+00 -2.389578E-01  3.071392E-02  1.484404E-01  4.967387E-03  2.271727E-02
       557   2  3.342091E+00 -2.389578E-01  3.071392E-02  1.484404E-01 -4.967387E-03 -2.271727E-02
       558   1  6.188338E-01 -7.481137E-01  7.926831E-02 -1.649825E-01  6.331879E-02  1.320388E-02
       558   2  6.188338E-01 -7.481137E-01  7.926831E-02 -1.649825E-01 -6.331879E-02 -1.320388E-02
       559   1  3.763982E+00 -1.617009E-01  6.945799E-02 -2.707360E-01  2.791461E-02  1.756407E-03
       559   2  3.763982E+00 -1.617009E-01  6.945799E-02 -2.707360E-01 -2.791461E-02 -1.756407E-03
       560   1  2.357763E+00 -1.699898E-02 -1.682204E-02 -9.190449E-02  6.383180E-03  5.037129E-03
       560   2  2.357763E+00 -1.699898E-02 -1.682204E-02 -9.190449E-02 -6.383180E-03 -5.037129E-03
       561   1  2.684112E+00 -1.522139E-01 -2.737004E-02  1.397699E-01  3.261683E-03  2.240828E-03
       561   2  2.684112E+00 -1.522139E-01 -2.737004E-02  1.397699E-01 -3.261683E-03 -2.240828E-03
       562   1  2.265320E+00  5.884437E-01  2.307984E-02 -3.173151E-02 -1.734642E-03  5.048425E-04
       562   2  2.265320E+00  5.884437E-01  2.307984E-02 -3.173151E-02  1.734642E-03 -5.048425E-04
       563   1  2.896570E+00 -6.561278E-02  4.709166E-02 -1.587324E-01  2.167697E-04  4.079873E-03
       563   2  2.896570E+00 -6.561278E-02  4.709166E-02 -1.587324E-01 -2.167697E-04 -4.079873E-03
       564   1 -8.667174E-03 -9.483403E-01 -2.945951E-02 -3.074806E-01 -8.023440E-02 -3.223806E-02
       564   2 -8.667174E-03 -9.483403E-01 -2.945951E-02 -3.074806E-01  8.023440E-02  3.223806E-02
       565   1  1.064484E+00  2.584538E-02  2.077399E-02 -3.137401E-02  1.977961E-02 -5.517557E-03
       565   2  1.064484E+00  2.584538E-02  2.077399E-02 -3.137401E-02 -1.977961E-02  5.517557E-03
       566   1  3.154151E+00  5.742609E-01  2.421172E-03 -1.179265E-01 -6.831802E-03  2.577231E-02
       566   2  3.154151E+00  5.742609E-01  2.421172E-03 -1.179265E-01  6.831802E-03 -2.577231E-02
       567   1  1.226018E+00 -5.258866E-01 -2.751391E-02 -8.242466E-01 -1.523928E-02 -6.643640E-02
       567   2  1.226018E+00 -5.258866E-01 -2.751391E-02 -8.242466E-01  1.523928E-02  6.643640E-02
       568   1  2.725692E+00 -2.214174E-01 -1.315964E-01 -7.535554E-01  5.922374E-02 -4.112571E-02
       568   2  2.725692E+00 -2.214174E-01 -1.315964E-01 -7.535554E-01 -5.922374E-02  4.112571E-02
       569   1  2.535241E+00 -9.523786E-02 -3.284246E-02 -1.396081E-01  1.651932E-03  2.279202E-03
       569   2  2.535241E+00 -9.523786E-02 -3.284246E-02 -1.396081E-01 -1.651932E-03 -2.279202E-03
       570   1  2.230603E+00  4.711398E-01 -1.674294E-02 -1.640123E-02 -1.422687E-03  8.179976E-06
       570   2  2.230603E+00  4.711398E-01 -1.674294E-02 -1.640123E-02  1.422687E-03 -8.179976E-06
       571   1  1.899964E+00  1.451880E-01  1.295933E-01  2.977914E-01 -1.235673E-02  1.302793E-02
       571   2  1.899964E+00  1.451880E-01  1.295933E-01  2.977914E-01  1.235673E-02 -1.302793E-02
       572   1  7.150101E-01 -6.805928E-01 -8.780525E-03  7.327746E-01  4.088614E-02 -7.775838E-02
       572   2  7.150101E-01 -6.805928E-01 -8.780525E-03  7.327746E-01 -4.088614E-02  7.775838E-02
       573   1  4.804740E+00  7.825909E-01 -1.452505E-01 -3.786999E-02  7.386905E-03  9.690648E-02
       573   2  4.804740E+00  7.825909E-01 -1.452505E-01 -3.786999E-02 -7.386905E-03 -9.690648E-02
       574   1  2.261643E+00  4.026888E-01 -8.931083E-03 -2.880839E-02 -2.529610E-03  1.638374E-04
       574   2  2.261643E+00  4.026888E-01 -8.931083E-03 -2.880839E-02  2.529610E-03 -1.638374E-04
       575   1  3.205220E+00  3.571270E-02 -1.391670E-01  7.163847E-01 -7.534264E-02 -2.064864E-02
       575   2  3.205220E+00  3.571270E-02 -1.391670E-01  7.163847E-01  7.534264E-02  2.064864E-02
       576   1  2.517541E+00 -2.895356E-03 -4.276094E-03 -1.821352E-02 -1.194392E-03  5.203884E-03
       576   2  2.517541E+00 -2.895356E-03 -4.276094E-03 -1.821352E-02  1.194392E-03 -5.203884E-03
       577   1  3.606751E+00  7.456534E-02  7.602774E-02 -4.097603E-01  1.351092E-02 -2.354906E-02
       577   2  3.606751E+00  7.456534E-02  7.602774E-02 -4.097603E-01 -1.351092E-02  2.354906E-02
       578   1  2.172071E+00  2.755520E-01  6.353647E-02  1.862063E-01 -6.527305E-03 -2.497504E-03
       578   2  2.172071E+00  2.755520E-01  6.353647E-02  1.862063E-01  6.527305E-03  2.497504E-03
       579   1  4.495877E+00  3.510588E-01 -1.249862E-01  4.150214E-01  7.924818E-02 -3.665159E-02
       579   2  4.495877E+00  3.510588E-01 -1.249862E-01  4.150214E-01 -7.924818E-02  3.665159E-02
       580   1  4.966269E+00  6.670556E-01 -1.601782E-01 -5.327961E-02 -3.994917E-02 -9.811571E-02
       580   2  4.966269E+00  6.670556E-01 -1.601782E-01 -5.327961E-02  3.994917E-02  9.811571E-02
       581   1  4.514698E+00 -4.776020E-02  1.020313E-01 -3.298384E-02 -6.652337E-02  1.311001E-02
       581   2  4.514698E+00 -4.776020E-02  1.020313E-01 -3.298384E-02  6.652337E-02 -1.311001E-02
       582   1  1.555312E+00 -5.633855E-01  3.919793E-02 -5.299057E-01  2.654246E-02  3.883446E-02
       582   2  1.555312E+00 -5.633855E-01  3.919793E-02 -5.299057E-01 -2.654246E-02 -3.883446E-02
       583   1  3.555260E+00  2.549001E-01 -5.239034E-02  3.029787E-01 -1.606053E-02 -2.469897E-02
       583   2  3.555260E+00  2.549001E-01 -5.239034E-02  3.029787E-01  1.606053E-02  2.469897E-02
       584   1  2.582176E+00  6.016293E-02 -4.280741E-03  1.471787E-01  2.350260E-03  1.015102E-02
       584   2  2.582176E+00  6.016293E-02 -4.280741E-03  1.471787E-01 -2.350260E-03 -1.015102E-02
       585   1  1.886809E+00 -4.775811E-01  7.199194E-02 -7.280660E-01  1.105995E-02  3.814636E-02
       585   2  1.886809E+00 -4.775811E-01  7.199194E-02 -7.280660E-01 -1.105995E-02 -3.814636E-02
       586   1  3.122114E+00  1.318463E-01 -4.535249E-02 -1.688141E-01 -7.179099E-03  1.108048E-02
       586   2  3.122114E+00  1.318463E-01 -4.535249E-02 -1.688141E-01  7.179099E-03 -1.108048E-02
       587   1  9.076274E-02 -1.004809E+00 -5.239813E-02 -3.780598E-01  7.388807E-02  5.218655E-02
       587   2  9.076274E-02 -1.004809E+00 -5.239813E-02 -3.780598E-01 -7.388807E-02 -5.218655E-02
       588   1  3.656782E+00 -1.997303E-01 -6.723408E-02 -2.385641E-01  2.115671E-02 -5.616752E-04
       588   2  3.656782E+00 -1.997303E-01 -6.723408E-02 -2.385641E-01 -2.115671E-02  5.616752E-04
       589   1  2.722919E+00  1.419381E-01  2.898057E-02  2.636038E-01  2.422535E-03  9.837610E-03
       589   2  2.722919E+00  1.419381E-01  2.898057E-02  2.636038E-01 -2.422535E-03 -9.837610E-03
       590   1  2.351796E+00  5.909754E-02 -4.977105E-02  3.247458E-01 -1.301497E-03  6.559818E-03
       590   2  2.351796E+00  5.909754E-02 -4.977105E-02  3.247458E-01  1.301497E-03 -6.559818E-03
       591   1  3.642450E+00 -1.471568E-01  1.150209E-01  1.280148E-01 -1.335088E-02  1.674049E-02
       591   2  3.642450E+00 -1.471568E-01  1.150209E-01  1.280148E-01  1.335088E-02 -1.674049E-02
       592   1  2.923487E+00  4.303361E-02  3.021638E-02 -1.223179E-01 -5.871517E-03  4.346998E-03
       592   2  2.923487E+00  4.303361E-02  3.021638E-02 -1.223179E-01  5.871517E-03 -4.346998E-03
       593   1  2.806115E+00  1.206936E-01 -2.528490E-02 -1.775319E-01 -5.279285E-03  1.446053E-02
       593   2  2.806115E+00  1.206936E-01 -2.528490E-02 -1.775319E-01  5.279285E-03 -1.446053E-02
       594   1  3.578263E+00 -1.938284E-02  4.133852E-02 -1.323274E-01 -1.532730E-03  1.476328E-02
       594   2  3.578263E+00 -1.938284E-02  4.133852E-02 -1.323274E-01  1.532730E-03 -1.476328E-02
       595   1  2.924975E+00 -1.376770E-01 -3.217172E-02 -1.824199E-01 -1.119656E-02  4.998467E-03
       595   2  2.924975E+00 -1.376770E-01 -3.217172E-02 -1.824199E-01  1.119656E-02 -4.998467E-03
       596   1  3.117572E+00 -7.881552E-01 -7.966158E-02  4.065214E-01  6.929438E-03  3.888413E-02
       596   2  3.117572E+00 -7.881552E-01 -7.966158E-02  4.065214E-01 -6.929438E-03 -3.888413E-02
       597   1  2.023206E+00  1.103375E-01 -6.172033E-02  2.625244E-01 -1.011921E-02  7.274640E-03
       597   2  2.023206E+00  1.103375E-01 -6.172033E-02  2.625244E-01  1.011921E-02 -7.274640E-03
       598   1  2.268643E+00  4.913448E-01  1.204510E-02 -1.797144E-02 -2.598141E-03  7.483197E-05
       598   2  2.268643E+00  4.913448E-01  1.204510E-02 -1.797144E-02  2.598141E-03 -7.483197E-05
       599   1  2.719480E+00  4.793174E-01  9.155317E-02 -2.616800E-01 -1.180208E-02 -7.639930E-04
       599   2  2.719480E+00  4.793174E-01  9.155317E-02 -2.616800E-01  1.180208E-02  7.639930E-04
       600   1  3.946930E+00  5.761996E-01 -6.320652E-02 -1.231826E-01  3.724197E-02  4.152093E-02
       600   2  3.946930E+00  5.761996E-01 -6.320652E-02 -1.231826E-01 -3.724197E-02 -4.152093E-02
       601   1  5.888519E+00  7.057340E-01  1.811116E-01  5.029489E-01  1.181806E-01 -4.743481E-02
       601   2  5.888519E+00  7.057340E-01  1.811116E-01  5.029489E-01 -1.181806E-01  4.743481E-02
       602   1  2.651103E+00 -1.198132E-01 -4.031634E-02 -1.934536E-01 -3.132363E-03  1.580737E-03
       602   2  2.651103E+00 -1.198132E-01 -4.031634E-02 -1.934536E-01  3.132363E-03 -1.580737E-03
       603   1  2.597460E+00 -1.244966E-02 -2.329886E-03  1.675638E-01  1.779207E-03  7.855948E-03
       603   2  2.597460E+00 -1.244966E-02 -2.329886E-03  1.675638E-01 -1.779207E-03 -7.855948E-03
       604   1  2.274216E+00 -7.470519E-02 -8.524032E-02  4.694298E-01 -5.906161E-03  1.165563E-02
       604   2  2.274216E+00 -7.470519E-02 -8.524032E-02  4.694298E-01  5.906161E-03 -1.165563E-02
       605   1  2.610254E+00  3.464276E-01  3.274314E-02  1.848732E-01 -6.918660E-03  4.121816E-03
       605   2  2.610254E+00  3.464276E-01  3.274314E-02  1.848732E-01  6.918660E-03 -4.121816E-03
       606   1  2.417419E+00  2.709235E-01  1.669205E-05 -2.544013E-02  4.588303E-03 -8.249190E-04
       606   2  2.417419E+00  2.709235E-01  1.669205E-05 -2.544013E-02 -4.588303E-03  8.249190E-04
       607   1  2.917136E+00  5.571031E-02  4.013292E-02 -2.830012E-01 -1.080191E-02  6.398480E-03
       607   2  2.917136E+00  5.571031E-02  4.013292E-02 -2.830012E-01  1.080191E-02 -6.398480E-03
       608   1  2.732852E+00 -4.997072E-01 -2.646276E-02 -4.975195E-01 -9.316189E-03  2.434834E-02
       608   2  2.732852E+00 -4.997072E-01 -2.646276E-02 -4.975195E-01  9.316189E-03 -2.434834E-02
       609   1  2.346767E+00  2.107226E-01  4.903473E-03 -8.806442E-02  3.908445E-03  2.687591E-04
       609   2  2.346767E+00  2.107226E-01  4.903473E-03 -8.806442E-02 -3.908445E-03 -2.687591E-04
       610   1  2.591214E+00 -7.036521E-01 -7.807422E-02  5.852080E-01 -6.007347E-03 -2.200688E-02
       610   2  2.591214E+00 -7.036521E-01 -7.807422E-02  5.852080E-01  6.007347E-03  2.200688E-02
       611   1  3.395344E+00  6.176228E-01  3.253455E-02 -3.220108E-01 -1.922484E-02  3.332197E-02
       611   2  3.395344E+00  6.176228E-01  3.253455E-02 -3.220108E-01  1.922484E-02 -3.332197E-02
       612   1  2.513631E+00  1.021187E-01  1.479308E-03  7.578393E-02 -7.963792E-03  3.781889E-03
       612   2  2.513631E+00  1.021187E-01  1.479308E-03  7.578393E-02  7.963792E-03 -3.781889E-03
       613   1  4.352329E+00  5.586150E-01 -1.893363E-01  4.792514E-01 -5.716715E-02  6.306800E-02
       613   2  4.352329E+00  5.586150E-01 -1.893363E-01  4.792514E-01  5.716715E-02 -6.306800E-02
       614   1  2.505535E+00  1.036046E-01  1.567977E-02 -1.810849E-01  2.968053E-04  1.910135E-04
       614   2  2.505535E+00  1.036046E-01  1.567977E-02 -1.810849E-01 -2.968053E-04 -1.910135E-04
       615   1  2.272795E+00  5.844143E-01  2.539578E-02  5.135821E-03 -1.475852E-03 -6.694509E-05
       615   2  2.272795E+00  5.844143E-01  2.539578E-02  5.135821E-03  1.475852E-03  6.694509E-05
       616   1  2.264580E+00  3.822303E-01 -1.679641E-02 -1.854727E-02 -2.363851E-03 -3.119379E-04
       616   2  2.264580E+00  3.822303E-01 -1.679641E-02 -1.854727E-02  2.363851E-03  3.119379E-04
       617   1  2.700269E+00 -5.480001E-02  1.916758E-02  7.963084E-02 -1.904390E-03  6.619814E-04
       617   2  2.700269E+00 -5.480001E-02  1.916758E-02  7.963084E-02  1.904390E-03 -6.619814E-04
       618   1  3.511189E+00  5.617616E-02  5.051767E-02  3.788169E-01 -1.505190E-02 -3.645361E-02
       618   2  3.511189E+00  5.617616E-02  5.051767E-02  3.788169E-01  1.505190E-02  3.645361E-02
       619   1  2.480676E+00  5.652484E-02 -2.705058E-04  1.568803E-02  1.207132E-04 -3.419018E-03
       619   2  2.480676E+00  5.652484E-02 -2.705058E-04  1.568803E-02 -1.207132E-04  3.419018E-03
       620   1  9.634026E-01 -7.871039E-01  1.945346E-02 -6.321298E-01 -2.410236E-02 -5.590227E-02
       620   2  9.634026E-01 -7.871039E-01  1.945346E-02 -6.321298E-01  2.410236E-02  5.590227E-02
       621   1  2.281806E+00  2.108105E-01 -1.898810E-02 -1.970716E-02  4.077771E-03 -2.760615E-04
       621   2  2.281806E+00  2.108105E-01 -1.898810E-02 -1.970716E-02 -4.077771E-03  2.760615E-04
       622   1  2.554260E+00  3.113719E-02  6.457201E-03 -5.150215E-02  2.018921E-04 -3.405777E-04
       622   2  2.554260E+00  3.113719E-02  6.457201E-03 -5.150215E-02 -2.018921E-04  3.405777E-04
       623   1  1.224168E+00 -6.688864E-01  2.971262E-02 -9.292623E-01 -2.077790E-02 -6.729849E-02
       623   2  1.224168E+00 -6.688864E-01  2.971262E-02 -9.292623E-01  2.077790E-02  6.729849E-02
       624   1  2.571420E+00 -4.701211E-02  2.892131E-02  1.739414E-01  2.746890E-04 -6.566055E-05
       624   2  2.571420E+00 -4.701211E-02  2.892131E-02  1.739414E-01 -2.746890E-04  6.566055E-05
       625   1  2.248920E+00  4.506273E-01 -1.984783E-02  1.590269E-02 -1.226151E-03 -4.497861E-04
       625   2  2.248920E+00  4.506273E-01 -1.984783E-02  1.590269E-02  1.226151E-03  4.497861E-04
       626   1  2.566763E+00 -1.129935E-01 -3.262871E-02  1.204815E-01 -7.270335E-04 -5.526272E-04
       626   2  2.566763E+00 -1.129935E-01 -3.262871E-02  1.204815E-01  7.270335E-04  5.526272E-04
       627   1  5.089099E+00  6.035201E-01 -2.538065E-02 -4.586920E-02  5.009266E-02 -6.836882E-02
       627   2  5.089099E+00  6.035201E-01 -2.538065E-02 -4.586920E-02 -5.009266E-02  6.836882E-02
       628   1  2.552249E+00  9.534268E-04 -8.404270E-03  1.079329E-02 -2.947307E-04 -3.767804E-03
       628   2  2.552249E+00  9.534268E-04 -8.404270E-03  1.079329E-02  2.947307E-04  3.767804E-03
       629   1  3.788341E+00 -5.191540E-02 -1.580802E-01  5.023046E-01  7.039507E-02  5.673127E-03
       629   2  3.788341E+00 -5.191540E-02 -1.580802E-01  5.023046E-01 -7.039507E-02 -5.673127E-03
       630   1  4.930772E+00  7.701654E-01 -1.758360E-01  4.471768E-02  2.908307E-04 -1.080696E-01
       630   2  4.930772E+00  7.701654E-01 -1.758360E-01  4.471768E-02 -2.908307E-04  1.080696E-01
       631   1  3.915593E+00  1.064011E-01 -9.076851E-02  2.004745E-01 -3.856579E-02 -2.834587E-02
       631   2  3.915593E+00  1.064011E-01 -9.076851E-02  2.004745E-01  3.856579E-02  2.834587E-02
       632   1  3.152574E+00 -5.725637E-02  3.622887E-02  2.725921E-01  4.725434E-03  1.424774E-02
       632   2  3.152574E+00 -5.725637E-02  3.622887E-02  2.725921E-01 -4.725434E-03 -1.424774E-02
       633   1  2.312203E+00  4.817943E-01  1.810007E-02  7.847450E-03 -2.433492E-03 -3.995525E-04
       633   2  2.312203E+00  4.817943E-01  1.810007E-02  7.847450E-03  2.433492E-03  3.995525E-04
       634   1  2.525591E+00  4.369324E-02  1.605940E-02  1.064410E-01 -2.360017E-04 -1.205266E-03
       634   2  2.525591E+00  4.369324E-02  1.605940E-02  1.064410E-01  2.360017E-04  1.205266E-03
       635   1  4.002107E+00  2.353875E-01  7.419093E-03 -9.017159E-02  7.109031E-03 -5.737891E-02
       635   2  4.002107E+00  2.353875E-01  7.419093E-03 -9.017159E-02 -7.109031E-03  5.737891E-02
       636   1  5.156480E-01 -6.794839E-01 -1.046610E-01 -6.393445E-01 -5.476828E-02 -3.219354E-02
       636   2  5.156480E-01 -6.794839E-01 -1.046610E-01 -6.393445E-01  5.476828E-02  3.219354E-02
       637   1  2.658684E+00  3.548380E-01  2.711448E-02 -4.146148E-02 -2.298035E-03  1.608785E-02
       637   2  2.658684E+00  3.548380E-01  2.711448E-02 -4.146148E-02  2.298035E-03 -1.608785E-02
       638   1  2.412810E+00 -8.442281E-02  1.175358E-01  4.931453E-01 -2.441800E-03  2.154627E-02
       638   2  2.412810E+00 -8.442281E-02  1.175358E-01  4.931453E-01  2.441800E-03 -2.154627E-02
       639   1  1.451695E+00 -4.979356E-01  1.776396E-02 -7.196579E-01 -1.046888E-02 -3.821616E-02
       639   2  1.451695E+00 -4.979356E-01  1.776396E-02 -7.196579E-01  1.046888E-02  3.821616E-02
       640   1  6.175359E-01 -7.738694E-01  7.235528E-02  3.356812E-01 -4.977892E-02  3.600204E-02
       640   2  6.175359E-01 -7.738694E-01  7.235528E-02  3.356812E-01  4.977892E-02 -3.600204E-02
       641   1  4.851805E+00  8.338138E-01  1.150236E-01 -6.046930E-02  4.456182E-02  4.458390E-02
       641   2  4.851805E+00  8.338138E-01  1.150236E-01 -6.046930E-02 -4.456182E-02 -4.458390E-02
       642   1  2.699503E+00 -1.239362E-01 -7.101310E-03  9.948018E-02 -1.042929E-03  2.964193E-03
       642   2  2.699503E+00 -1.239362E-01 -7.101310E-03  9.948018E-02  1.042929E-03 -2.964193E-03
       643   1  1.996148E+00  4.378520E-02 -4.726678E-02  4.024483E-01 -2.037569E-03  1.397731E-02
       643   2  1.996148E+00  4.378520E-02 -4.726678E-02  4.024483E-01  2.037569E-03 -1.397731E-02
       644   1  3.612711E+00 -3.666146E-01 -9.407641E-02 -6.296797E-02 -4.751407E-02  1.163261E-02
       644   2  3.612711E+00 -3.666146E-01 -9.407641E-02 -6.296797E-02  4.751407E-02 -1.163261E-02
       645   1  2.304346E+00  3.351263E-01 -2.540144E-02  1.036429E-02 -2.400300E-03 -4.516085E-04
       645   2  2.304346E+00  3.351263E-01 -2.540144E-02  1.036429E-02  2.400300E-03  4.516085E-04
       646   1  2.522237E+00 -2.238128E-02 -1.417347E-02  8.831499E-02 -1.280754E-03  5.254972E-04
       646   2  2.522237E+00 -2.238128E-02 -1.417347E-02  8.831499E-02  1.280754E-03 -5.254972E-04
       647   1  2.947487E+00  4.724759E-01  3.854943E-02 -2.316642E-01 -5.166155E-03  1.391251E-02
       647   2  2.947487E+00  4.724759E-01  3.854943E-02 -2.316642E-01  5.166155E-03 -1.391251E-02
       648   1  2.205463E+00 -4.335699E-01  1.058517E-02  9.500472E-01 -2.433202E-02 -6.899906E-02
       648   2  2.205463E+00 -4.335699E-01  1.058517E-02  9.500472E-01  2.433202E-02  6.899906E-02
       649   1  2.809349E+00  2.870525E-01 -1.080901E-02 -7.567478E-02  1.065235E-05  1.371194E-02
       649   2  2.809349E+00  2.870525E-01 -1.080901E-02 -7.567478E-02 -1.065235E-05 -1.371194E-02
       650   1  2.835868E+00 -1.627216E-01 -2.791243E-02 -1.384475E-01 -8.865425E-07  5.038469E-03
       650   2  2.835868E+00 -1.627216E-01 -2.791243E-02 -1.384475E-01  8.865425E-07 -5.038469E-03
       651   1  2.317655E+00  5.701666E-01  3.072258E-02  4.887544E-02 -1.253250E-03 -4.865674E-04
       651   2  2.317655E+00  5.701666E-01  3.072258E-02  4.887544E-02  1.253250E-03  4.865674E-04
       652   1  2.636308E+00 -3.511886E-02 -5.027692E-03  2.669277E-03 -6.879105E-04 -1.143036E-04
       652   2  2.636308E+00 -3.511886E-02 -5.027692E-03  2.669277E-03  6.879105E-04  1.143036E-04
       653   1  4.133710E+00  3.756781E-01  2.308616E-02  3.819891E-01 -3.233757E-02 -3.490260E-02
       653   2  4.133710E+00  3.756781E-01  2.308616E-02  3.819891E-01  3.233757E-02  3.490260E-02
       654   1  2.298289E+00  4.107529E-01 -2.480505E-02  6.333414E-02 -8.168606E-04 -1.086491E-03
       654   2  2.298289E+00  4.107529E-01 -2.480505E-02  6.333414E-02  8.168606E-04  1.086491E-03
       655   1  2.868248E+00 -5.698834E-01  7.991834E-02 -6.498067E-01  4.101367E-02 -6.808936E-02
       655   2  2.868248E+00 -5.698834E-01  7.991834E-02 -6.498067E-01 -4.101367E-02  6.808936E-02
       656   1  4.644763E-01 -7.721488E-01  5.099844E-02 -9.026684E-02 -6.197177E-02 -2.479386E-03
       656   2  4.644763E-01 -7.721488E-01  5.099844E-02 -9.026684E-02  6.197177E-02  2.479386E-03
       657   1  5.114465E+00  7.177586E-01  1.079190E-01  6.490367E-02 -3.402755E-02 -6.211877E-02
       657   2  5.114465E+00  7.177586E-01  1.079190E-01  6.490367E-02  3.402755E-02  6.211877E-02
       658   1  4.016344E+00  5.434957E-01  1.238507E-03  3.709160E-02 -5.278972E-03 -4.098124E-02
       658   2  4.016344E+00  5.434957E-01  1.238507E-03  3.709160E-02  5.278972E-03  4.098124E-02
       659   1  2.387909E+00  4.533417E-01  2.362563E-02  5.137785E-02 -2.879054E-03 -1.001644E-03
       659   2  2.387909E+00  4.533417E-01  2.362563E-02  5.137785E-02  2.879054E-03  1.001644E-03
       660   1  2.417608E+00  1.894137E-02 -5.664150E-03  1.884223E-02 -1.161930E-03  1.198151E-03
       660   2  2.417608E+00  1.894137E-02 -5.664150E-03  1.884223E-02  1.161930E-03 -1.198151E-03
       661   1  3.684016E+00  4.452516E-01  4.441419E-02 -4.122668E-01  7.253531E-03 -5.742329E-02
       661   2  3.684016E+00  4.452516E-01  4.441419E-02 -4.122668E-01 -7.253531E-03  5.742329E-02
       662   1  5.613950E-01 -7.435467E-01  7.000120E-02  2.440361E-01  5.669420E-02 -1.852411E-02
       662   2  5.613950E-01 -7.435467E-01  7.000120E-02  2.440361E-01 -5.669420E-02  1.852411E-02
       663   1  2.831638E+00 -6.434691E-01  1.128896E-01  6.007980E-01  3.807114E-02  5.766934E-02
       663   2  2.831638E+00 -6.434691E-01  1.128896E-01  6.007980E-01 -3.807114E-02 -5.766934E-02
       664   1  2.779036E+00  4.680435E-01  1.076557E-01  3.041432E-01 -1.225039E-02  2.131808E-04
       664   2  2.779036E+00  4.680435E-01  1.076557E-01  3.041432E-01  1.225039E-02 -2.131808E-04
       665   1  2.376278E+00  2.694004E-01 -3.465344E-02  6.062836E-02 -2.963394E-03 -8.794491E-04
       665   2  2.376278E+00  2.694004E-01 -3.465344E-02  6.062836E-02  2.963394E-03  8.794491E-04
       666   1  2.532731E+00 -1.602069E-02 -1.139219E-02 -6.917389E-02 -5.263133E-04 -9.211673E-04
       666   2  2.532731E+00 -1.602069E-02 -1.139219E-02 -6.917389E-02  5.263133E-04  9.211673E-04
       667   1  2.454386E+00  1.921722E-04 -9.733114E-03 -3.174159E-02 -2.355337E-03 -2.522074E-03
       667   2  2.454386E+00  1.921722E-04 -9.733114E-03 -3.174159E-02  2.355337E-03  2.522074E-03
       668   1  2.544036E+00  2.511616E-03  6.385560E-03  7.989810E-02 -8.219359E-04  1.634398E-04
       668   2  2.544036E+00  2.511616E-03  6.385560E-03  7.989810E-02  8.219359E-04 -1.634398E-04
       669   1  9.380626E-01 -7.497962E-01  8.920064E-02  6.069584E-01  4.519114E-02 -5.108661E-02
       669   2  9.380626E-01 -7.497962E-01  8.920064E-02  6.069584E-01 -4.519114E-02  5.108661E-02
       670   1  3.640395E+00 -1.984742E-01 -3.364485E-02  2.807271E-01 -2.580074E-02 -1.211668E-02
       670   2  3.640395E+00 -1.984742E-01 -3.364485E-02  2.807271E-01  2.580074E-02  1.211668E-02
       671   1  2.457906E+00  3.369393E-01 -7.919888E-02  2.913354E-01 -6.263297E-03 -1.236206E-03
       671   2  2.457906E+00  3.369393E-01 -7.919888E-02  2.913354E-01  6.263297E-03  1.236206E-03
       672   1  2.417480E+00  2.456373E-02 -9.374682E-03 -4.240774E-02 -1.497449E-03 -2.707626E-04
       672   2  2.417480E+00  2.456373E-02 -9.374682E-03 -4.240774E-02  1.497449E-03  2.707626E-04
       673   1  2.464052E+00  3.403794E-01 -8.024880E-02 -2.994687E-01 -5.261133E-03  1.759430E-04
       673   2  2.464052E+00  3.403794E-01 -8.024880E-02 -2.994687E-01  5.261133E-03 -1.759430E-04
       674   1  2.393772E+00  5.485418E-01  4.604990E-02  1.066718E-01  1.198731E-03  1.334371E-03
       674   2  2.393772E+00  5.485418E-01  4.604990E-02  1.066718E-01 -1.198731E-03 -1.334371E-03
       675   1  2.563415E+00  4.868867E-02  1.498371E-02 -7.890902E-02 -1.046741E-03  1.130142E-03
       675   2  2.563415E+00  4.868867E-02  1.498371E-02 -7.890902E-02  1.046741E-03 -1.130142E-03
       676   1  2.497792E+00  1.598554E-01 -3.753491E-02  1.176444E-01 -8.016823E-03  3.102397E-03
       676   2  2.497792E+00  1.598554E-01 -3.753491E-02  1.176444E-01  8.016823E-03 -3.102397E-03
       677   1  4.135256E+00  6.212587E-01  5.934246E-03  1.418691E-01  1.592050E-02  3.869605E-02
       677   2  4.135256E+00  6.212587E-01  5.934246E-03  1.418691E-01 -1.592050E-02 -3.869605E-02
       678   1  2.436460E+00  1.777702E-04 -4.599202E-03  1.850990E-02 -8.046218E-04  1.058695E-03
       678   2  2.436460E+00  1.777702E-04 -4.599202E-03  1.850990E-02  8.046218E-04 -1.058695E-03
       679   1  2.572491E+00 -1.770545E-01  1.052896E-01 -4.406111E-01  2.851092E-03  2.619985E-02
       679   2  2.572491E+00 -1.770545E-01  1.052896E-01 -4.406111E-01 -2.851092E-03 -2.619985E-02
       680   1  2.486178E+00  4.128781E-01  2.302264E-02  1.145991E-01 -4.315858E-03 -2.318460E-03
       680   2  2.486178E+00  4.128781E-01  2.302264E-02  1.145991E-01  4.315858E-03  2.318460E-03
       681   1  2.500146E+00  3.160877E-03 -5.028313E-03  8.017408E-02 -3.688928E-05  6.677490E-04
       681   2  2.500146E+00  3.160877E-03 -5.028313E-03  8.017408E-02  3.688928E-05 -6.677490E-04
       682   1  2.374326E+00  3.635477E-01 -2.485156E-02  1.261129E-01  4.443524E-03 -2.806996E-03
       682   2  2.374326E+00  3.635477E-01 -2.485156E-02  1.261129E-01 -4.443524E-03  2.806996E-03
       683   1  9.944448E-01 -2.379006E-01  7.233548E-02 -3.089057E-01 -4.158483E-02 -1.132497E-02
       683   2  9.944448E-01 -2.379006E-01  7.233548E-02 -3.089057E-01  4.158483E-02  1.132497E-02
       684   1  3.513951E+00  5.446794E-01  1.381578E-02  2.688631E-01  6.589206E-03 -5.758205E-02
       684   2  3.513951E+00  5.446794E-01  1.381578E-02  2.688631E-01 -6.589206E-03  5.758205E-02
       685   1  2.481062E+00  5.052508E-01  3.488271E-02  1.776972E-01  2.331171E-03 -5.147812E-03
       685   2  2.481062E+00  5.052508E-01  3.488271E-02  1.776972E-01 -2.331171E-03  5.147812E-03
       686   1  9.135817E-01 -2.117357E-01  9.514315E-02  6.986712E-02  4.407924E-02  1.039257E-03
       686   2  9.135817E-01 -2.117357E-01  9.514315E-02  6.986712E-02 -4.407924E-02 -1.039257E-03
       687   1  2.411317E+00  1.134840E-01  1.797807E-03  1.401699E-01  5.802485E-04  8.756534E-03
       687   2  2.411317E+00  1.134840E-01  1.797807E-03  1.401699E-01 -5.802485E-04 -8.756534E-03
       688   1  1.358616E+00  1.639496E-01  3.761014E-02  1.060741E-01 -1.650883E-02  5.125648E-04
       688   2  1.358616E+00  1.639496E-01  3.761014E-02  1.060741E-01  1.650883E-02 -5.125648E-04
       689   1  1.095350E+00 -2.404137E-01  9.376622E-02 -4.371167E-01  2.335832E-02  1.950361E-02
       689   2  1.095350E+00 -2.404137E-01  9.376622E-02 -4.371167E-01 -2.335832E-02 -1.950361E-02
       690   1  3.941597E+00  2.963918E-02 -7.470161E-02 -5.671322E-03  5.030318E-02 -1.703943E-02
       690   2  3.941597E+00  2.963918E-02 -7.470161E-02 -5.671322E-03 -5.030318E-02  1.703943E-02
       691   1  2.485252E+00  1.783289E-02 -1.403844E-04  7.442333E-02 -8.702295E-04  1.193031E-03
       691   2  2.485252E+00  1.783289E-02 -1.403844E-04  7.442333E-02  8.702295E-04 -1.193031E-03
       692   1  5.117905E+00 -1.697057E-01 -4.895607E-01  1.204903E+00  1.216340E-01 -6.710332E-02
       692   2  5.117905E+00 -1.697057E-01 -4.895607E-01  1.204903E+00 -1.216340E-01  6.710332E-02
       693   1  3.853944E-01 -3.829086E-01 -3.062145E-02  3.719849E-01 -2.205846E-02 -8.992651E-02
       693   2  3.853944E-01 -3.829086E-01 -3.062145E-02  3.719849E-01  2.205846E-02  8.992651E-02
       694   1  4.878568E+00  6.891987E-01  7.698262E-02 -1.614100E-01  3.351145E-02 -5.862532E-02
       694   2  4.878568E+00  6.891987E-01  7.698262E-02 -1.614100E-01 -3.351145E-02  5.862532E-02
       695   1  2.465132E+00  4.126501E-02  1.053573E-02  4.659654E-02 -7.774513E-04  1.215632E-03
       695   2  2.465132E+00  4.126501E-02  1.053573E-02  4.659654E-02  7.774513E-04 -1.215632E-03
       696   1  3.292877E+00 -4.813337E-01  6.554854E-02  6.460231E-01 -5.397421E-02 -4.905820E-02
       696   2  3.292877E+00 -4.813337E-01  6.554854E-02  6.460231E-01  5.397421E-02  4.905820E-02
       697   1  2.410730E+00  2.611855E-01  1.662150E-02 -2.760716E-02  2.428885E-03 -9.759155E-05
       697   2  2.410730E+00  2.611855E-01  1.662150E-02 -2.760716E-02 -2.428885E-03  9.759155E-05
       698   1  1.844572E+00 -6.958581E-01 -1.367827E-01  7.223515E-01  1.795439E-02  7.372196E-02
       698   2  1.844572E+00 -6.958581E-01 -1.367827E-01  7.223515E-01 -1.795439E-02 -7.372196E-02
       699   1  3.457914E+00 -3.659304E-01 -8.850670E-02  1.979214E-01 -5.217977E-03  1.076172E-02
       699   2  3.457914E+00 -3.659304E-01 -8.850670E-02  1.979214E-01  5.217977E-03 -1.076172E-02
       700   1  1.015552E+00 -1.662451E-01 -1.078696E-01  3.917113E-01 -2.834413E-02  1.977476E-02
       700   2  1.015552E+00 -1.662451E-01 -1.078696E-01  3.917113E-01  2.834413E-02 -1.977476E-02
       701   1  2.574643E+00 -2.038926E-01 -8.281895E-02  7.817755E-01 -5.532108E-02 -4.756668E-02
       701   2  2.574643E+00 -2.038926E-01 -8.281895E-02  7.817755E-01  5.532108E-02  4.756668E-02
       702   1  4.321664E+00  1.565364E-01  1.852018E-02 -2.991151E-01  3.293353E-02 -2.411858E-02
       702   2  4.321664E+00  1.565364E-01  1.852018E-02 -2.991151E-01 -3.293353E-02  2.411858E-02
       703   1  2.493408E+00  8.624337E-02  2.086898E-02 -8.378437E-02 -2.432482E-03  3.277743E-05
       703   2  2.493408E+00  8.624337E-02  2.086898E-02 -8.378437E-02  2.432482E-03 -3.277743E-05
       704   1  2.464105E+00  9.497160E-02  1.871808E-02  7.696510E-02  8.571596E-04  1.045981E-03
       704   2  2.464105E+00  9.497160E-02  1.871808E-02  7.696510E-02 -8.571596E-04 -1.045981E-03
       705   1  2.588769E+00  8.950208E-02  2.935225E-02 -1.436995E-01 -2.276083E-03  8.629396E-04
       705   2  2.588769E+00  8.950208E-02  2.935225E-02 -1.436995E-01  2.276083E-03 -8.629396E-04
       706   1  4.868963E+00  6.707889E-01 -1.012302E-01  8.753360E-02  3.226472E-02 -7.489295E-02
       706   2  4.868963E+00  6.707889E-01 -1.012302E-01  8.753360E-02 -3.226472E-02  7.489295E-02
       707   1  2.058533E+00 -6.934082E-01 -4.947373E-02  7.499080E-01  1.030318E-03  4.436788E-02
       707   2  2.058533E+00 -6.934082E-01 -4.947373E-02  7.499080E-01 -1.030318E-03 -4.436788E-02
       708   1  2.929630E+00  3.681055E-01 -2.186428E-02  2.093878E-02 -1.667079E-04  1.330037E-02
       708   2  2.929630E+00  3.681055E-01 -2.186428E-02  2.093878E-02  1.667079E-04 -1.330037E-02
       709   1  2.869464E+00 -9.397707E-02  8.415284E-02  4.266650E-01 -2.834097E-03  1.343367E-02
       709   2  2.869464E+00 -9.397707E-02  8.415284E-02  4.266650E-01  2.834097E-03 -1.343367E-02
       710   1  1.451315E+00 -4.444951E-01 -1.166775E-01  7.347335E-01 -2.672036E-02  4.096484E-02
       710   2  1.451315E+00 -4.444951E-01 -1.166775E-01  7.347335E-01  2.672036E-02 -4.096484E-02
       711   1  3.098862E+00 -3.795672E-01 -8.268576E-02  4.754225E-01 -4.581937E-02 -2.573410E-02
       711   2  3.098862E+00 -3.795672E-01 -8.268576E-02  4.754225E-01  4.581937E-02  2.573410E-02
       712   1  4.074964E+00 -8.166326E-02  9.604284E-02 -3.984447E-01  6.237178E-02 -1.301655E-02
       712   2  4.074964E+00 -8.166326E-02  9.604284E-02 -3.984447E-01 -6.237178E-02  1.301655E-02
       713   1  2.470985E+00  5.064713E-03 -3.139324E-02 -1.823672E-01 -4.546996E-04  2.472353E-03
       713   2  2.470985E+00  5.064713E-03 -3.139324E-02 -1.823672E-01  4.546996E-04 -2.472353E-03
       714   1  2.253896E-01 -6.468020E-01 -1.056370E-01  5.474803E-01  6.286245E-02 -3.586297E-02
       714   2  2.253896E-01 -6.468020E-01 -1.056370E-01  5.474803E-01 -6.286245E-02  3.586297E-02
       715   1  3.965930E+00  3.891825E-01 -3.952728E-02 -1.460323E-01  1.811763E-02 -3.251751E-02
       715   2  3.965930E+00  3.891825E-01 -3.952728E-02 -1.460323E-01 -1.811763E-02  3.251751E-02
       716   1  8.862268E-02 -5.987090E-01 -8.544634E-02  1.938533E-01 -6.851440E-02  1.243693E-02
       716   2  8.862268E-02 -5.987090E-01 -8.544634E-02  1.938533E-01  6.851440E-02 -1.243693E-02
       717   1  2.800879E+00 -1.200749E-01 -4.004976E-02  3.329208E-01 -2.240578E-03  1.966706E-02
       717   2  2.800879E+00 -1.200749E-01 -4.004976E-02  3.329208E-01  2.240578E-03 -1.966706E-02
       718   1  2.341281E+00  2.365423E-01 -1.442966E-02 -6.061952E-02  1.863704E-03 -1.052331E-03
       718   2  2.341281E+00  2.365423E-01 -1.442966E-02 -6.061952E-02 -1.863704E-03  1.052331E-03
       719   1  3.558515E+00  1.316974E-01  3.330318E-02 -2.161048E-01 -3.397187E-02  1.468652E-02
       719   2  3.558515E+00  1.316974E-01  3.330318E-02 -2.161048E-01  3.397187E-02 -1.468652E-02
       720   1  3.638071E+00 -9.474579E-03 -7.117632E-02  1.739887E-01 -5.376419E-02  1.205897E-02
       720   2  3.638071E+00 -9.474579E-03 -7.117632E-02  1.739887E-01  5.376419E-02 -1.205897E-02
       721   1  3.427187E+00 -2.544977E-01  3.634145E-02  7.070822E-03  3.784240E-02 -1.119322E-02
       721   2  3.427187E+00 -2.544977E-01  3.634145E-02  7.070822E-03 -3.784240E-02  1.119322E-02
       722   1  5.985330E-01 -1.549924E-01 -6.364562E-02  7.447680E-02 -4.606927E-02  1.443692E-03
       722   2  5.985330E-01 -1.549924E-01 -6.364562E-02  7.447680E-02  4.606927E-02 -1.443692E-03
       723   1  4.018945E+00 -4.355356E-02  1.262187E-01  4.120044E-01 -7.148362E-02 -2.612438E-02
       723   2  4.018945E+00 -4.355356E-02  1.262187E-01  4.120044E-01  7.148362E-02  2.612438E-02
       724   1  4.805622E+00  3.444125E-01  8.948477E-02 -7.037881E-02  7.642940E-02 -2.191503E-02
       724   2  4.805622E+00  3.444125E-01  8.948477E-02 -7.037881E-02 -7.642940E-02  2.191503E-02
       725   1  4.897794E+00  8.760438E-01  8.046638E-02 -5.049786E-02  4.055717E-03  5.658884E-02
       725   2  4.897794E+00  8.760438E-01  8.046638E-02 -5.049786E-02 -4.055717E-03 -5.658884E-02
       726   1  2.094462E+00 -7.360503E-01  1.143132E-01  6.728677E-01  1.099616E-03  7.784459E-02
       726   2  2.094462E+00 -7.360503E-01  1.143132E-01  6.728677E-01 -1.099616E-03 -7.784459E-02
       727   1  1.373157E+00 -7.993566E-01  4.831023E-02  7.658377E-01  1.030320E-02 -5.814798E-02
       727   2  1.373157E+00 -7.993566E-01  4.831023E-02  7.658377E-01 -1.030320E-02  5.814798E-02
       728   1  3.001138E+00 -7.135739E-01  3.278090E-02 -7.588266E-01 -2.299111E-02  7.220088E-02
       728   2  3.001138E+00 -7.135739E-01  3.278090E-02 -7.588266E-01  2.299111E-02 -7.220088E-02
       729   1  6.955733E-01 -7.296892E-01  7.104610E-02 -4.640052E-01 -5.439959E-02 -3.089656E-02
       729   2  6.955733E-01 -7.296892E-01  7.104610E-02 -4.640052E-01  5.439959E-02  3.089656E-02
       730   1  3.583989E+00 -3.562668E-01  1.082492E-01 -6.660418E-01  5.846890E-02 -4.180469E-02
       730   2  3.583989E+00 -3.562668E-01  1.082492E-01 -6.660418E-01 -5.846890E-02  4.180469E-02
       731   1  2.545150E+00 -8.498609E-02 -1.055407E-01  1.331065E-01 -1.219072E-02  6.760015E-03
       731   2  2.545150E+00 -8.498609E-02 -1.055407E-01  1.331065E-01  1.219072E-02 -6.760015E-03
       732   1  2.999519E+00 -6.421704E-01 -8.329622E-02 -3.807427E-01 -2.347258E-02  3.208610E-02
       732   2  2.999519E+00 -6.421704E-01 -8.329622E-02 -3.807427E-01  2.347258E-02 -3.208610E-02
       733   1  1.091800E+00 -7.361465E-01 -1.185663E-01  7.382766E-01 -3.008897E-02  6.082512E-02
       733   2  1.091800E+00 -7.361465E-01 -1.185663E-01  7.382766E-01  3.008897E-02 -6.082512E-02
       734   1  9.341391E-02 -5.399488E-01 -8.911816E-02  1.795214E-01  7.112045E-02 -2.755369E-03
       734   2  9.341391E-02 -5.399488E-01 -8.911816E-02  1.795214E-01 -7.112045E-02  2.755369E-03
       735   1  8.612936E-01 -7.861394E-01  6.022132E-02 -3.392882E-01  4.997544E-02  4.385990E-02
       735   2  8.612936E-01 -7.861394E-01  6.022132E-02 -3.392882E-01 -4.997544E-02 -4.385990E-02
       736   1  4.146451E+00  7.866004E-01 -4.220240E-02 -7.872009E-02  8.397568E-03 -7.280731E-02
       736   2  4.146451E+00  7.866004E-01 -4.220240E-02 -7.872009E-02 -8.397568E-03  7.280731E-02
       737   1  5.003356E+00  8.061870E-01  9.406806E-02 -5.616736E-02  3.137227E-03 -6.990833E-02
       737   2  5.003356E+00  8.061870E-01  9.406806E-02 -5.616736E-02 -3.137227E-03  6.990833E-02
       738   1  1.167400E+00  1.952545E-02  3.665765E-02  1.860574E-02 -2.689566E-02 -6.713021E-03
       738   2  1.167400E+00  1.952545E-02  3.665765E-02  1.860574E-02  2.689566E-02  6.713021E-03
       739   1  4.207153E+00  7.191259E-01 -7.556275E-02  2.110222E-01 -1.924476E-02 -7.516200E-02
       739   2  4.207153E+00  7.191259E-01 -7.556275E-02  2.110222E-01  1.924476E-02  7.516200E-02
       740   1  2.621019E+00 -5.196143E-01  1.107779E-02  6.269589E-01 -3.797147E-02 -3.996884E-02
       740   2  2.621019E+00 -5.196143E-01  1.107779E-02  6.269589E-01  3.797147E-02  3.996884E-02
       741   1  1.014674E+00 -3.462749E-01  8.069769E-02  4.505800E-01  2.422292E-02 -2.204579E-02
       741   2  1.014674E+00 -3.462749E-01  8.069769E-02  4.505800E-01 -2.422292E-02  2.204579E-02
       742   1  2.431708E+00  5.388400E-03 -1.896391E-02  9.876462E-02 -7.301246E-04 -1.351014E-03
       742   2  2.431708E+00  5.388400E-03 -1.896391E-02  9.876462E-02  7.301246E-04  1.351014E-03
       743   1  4.070681E+00 -3.440989E-01  1.010390E-01  1.069797E-01 -4.437999E-02  1.612482E-02
       743   2  4.070681E+00 -3.440989E-01  1.010390E-01  1.069797E-01  4.437999E-02 -1.612482E-02
       744   1  5.794870E-01 -1.541713E-01 -6.253058E-02  2.301013E-02  3.425257E-02 -9.236541E-03
       744   2  5.794870E-01 -1.541713E-01 -6.253058E-02  2.301013E-02 -3.425257E-02  9.236541E-03
       745   1  4.172572E+00  5.331974E-01 -7.040123E-02  1.582648E-01 -3.143554E-02 -6.132829E-02
       745   2  4.172572E+00  5.331974E-01 -7.040123E-02  1.582648E-01  3.143554E-02  6.132829E-02
       746   1  3.691913E+00 -2.425523E-01 -2.873872E-02  2.238002E-01 -3.810592E-02 -4.535483E-03
       746   2  3.691913E+00 -2.425523E-01 -2.873872E-02  2.238002E-01  3.810592E-02  4.535483E-03
       747   1  3.535816E+00 -6.811551E-01  6.082798E-02 -3.296589E-01 -2.377588E-02  3.183195E-02
       747   2  3.535816E+00 -6.811551E-01  6.082798E-02 -3.296589E-01  2.377588E-02 -3.183195E-02
       748   1  2.033039E+00 -4.135121E-01  9.298683E-02  5.335888E-01 -9.751965E-03  4.613057E-02
       748   2  2.033039E+00 -4.135121E-01  9.298683E-02  5.335888E-01  9.751965E-03 -4.613057E-02
       749   1  1.813578E+00 -6.001946E-01 -1.345235E-01 -6.684767E-01  1.004821E-02  3.175820E-02
       749   2  1.813578E+00 -6.001946E-01 -1.345235E-01 -6.684767E-01 -1.004821E-02 -3.175820E-02
       750   1  6.237514E-01 -3.295982E-01 -8.796903E-02  4.658714E-01  4.572923E-02 -7.512973E-03
       750   2  6.237514E-01 -3.295982E-01 -8.796903E-02  4.658714E-01 -4.572923E-02  7.512973E-03
       751   1  3.245192E+00 -5.549077E-01 -9.239675E-02 -6.415849E-02 -1.641720E-02  1.141724E-02
       751   2  3.245192E+00 -5.549077E-01 -9.239675E-02 -6.415849E-02  1.641720E-02 -1.141724E-02
       752   1  3.421929E+00 -4.567219E-01  5.784432E-03 -4.406097E-01  3.809856E-02 -1.585215E-02
       752   2  3.421929E+00 -4.567219E-01  5.784432E-03 -4.406097E-01 -3.809856E-02  1.585215E-02
       753   1  4.128542E+00  8.756125E-01 -6.909512E-02  9.143234E-03  1.999468E-02  6.485496E-02
       753   2  4.128542E+00  8.756125E-01 -6.909512E-02  9.143234E-03 -1.999468E-02 -6.485496E-02
       754   1  2.937378E+00 -5.442049E-01 -4.453660E-02 -7.244871E-01  2.140021E-02 -3.441970E-02
       754   2  2.937378E+00 -5.442049E-01 -4.453660E-02 -7.244871E-01 -2.140021E-02  3.441970E-02
       755   1  1.710224E-01 -5.251276E-01 -7.467809E-02 -2.536236E-01 -6.698773E-02 -1.194252E-02
       755   2  1.710224E-01 -5.251276E-01 -7.467809E-02 -2.536236E-01  6.698773E-02  1.194252E-02
       756   1  3.263322E+00 -3.629770E-01 -8.330445E-02 -3.667563E-01  4.834308E-02 -9.833054E-03
       756   2  3.263322E+00 -3.629770E-01 -8.330445E-02 -3.667563E-01 -4.834308E-02  9.833054E-03
       757   1  7.395922E-01 -6.452712E-01 -6.705069E-02  7.748559E-01  3.982129E-02 -3.606122E-02
       757   2  7.395922E-01 -6.452712E-01 -6.705069E-02  7.748559E-01 -3.982129E-02  3.606122E-02
       758   1  4.242494E+00  5.178237E-01 -5.865834E-02 -2.755971E-01  4.067042E-02 -5.975112E-02
       758   2  4.242494E+00  5.178237E-01 -5.865834E-02 -2.755971E-01 -4.067042E-02  5.975112E-02
       759   1  2.840432E+00 -6.006663E-01 -3.635075E-02  6.488398E-01  3.441383E-02  5.017354E-02
       759   2  2.840432E+00 -6.006663E-01 -3.635075E-02  6.488398E-01 -3.441383E-02 -5.017354E-02
       760   1  1.258058E+00 -5.523026E-01  3.113313E-02  8.977086E-01  2.161559E-02 -3.207563E-02
       760   2  1.258058E+00 -5.523026E-01  3.113313E-02  8.977086E-01 -2.161559E-02  3.207563E-02
       761   1  4.918207E+00  6.383351E-01  9.446397E-02  2.857669E-02  4.134938E-02 -5.874743E-02
       761   2  4.918207E+00  6.383351E-01  9.446397E-02  2.857669E-02 -4.134938E-02  5.874743E-02
       762   1  8.572980E-01 -2.659102E-01  9.116919E-02  5.973876E-02 -4.249793E-02  4.669566E-03
       762   2  8.572980E-01 -2.659102E-01  9.116919E-02  5.973876E-02  4.249793E-02 -4.669566E-03
       763   1  4.265330E+00  4.164632E-01 -7.156584E-02 -1.889714E-01  4.289520E-02 -5.881007E-02
       763   2  4.265330E+00  4.164632E-01 -7.156584E-02 -1.889714E-01 -4.289520E-02  5.881007E-02
       764   1  2.293791E+00 -6.743923E-01  3.775489E-02 -5.579476E-01 -2.239156E-02  7.156904E-02
       764   2  2.293791E+00 -6.743923E-01  3.775489E-02 -5.579476E-01  2.239156E-02 -7.156904E-02
       765   1  1.333399E+00 -7.544811E-01 -1.022763E-01  8.544388E-01  1.053529E-02 -6.489470E-02
       765   2  1.333399E+00 -7.544811E-01 -1.022763E-01  8.544388E-01 -1.053529E-02  6.489470E-02
