    1C
    1U2D plate with hole - plate_001                                    
    1UUSER                                                              
    1UDATE              05.september.2026                               
    1UTIME              00:31:04                                        
    1UHOST                                                              
    1UPGM               CalculiX                                        
    1UVERSION           Version 2.21                             
    1UCOMPILETIME       Sat Jul 29 10:52:01 CEST 2023                    
    1UDIR                                                               
    1UDBN                                                               
    1UMAT    1STEEL                                                     
    2C                           433                                     1
 -1         1 1.02274E+02 5.37391E+01 0.00000E+00
 -1         2 0.00000E+00 0.00000E+00 0.00000E+00
 -1         3 1.64644E+02 0.00000E+00 0.00000E+00
 -1         4 0.00000E+00 8.69239E+01 0.00000E+00
 -1         5 1.64644E+02 8.69239E+01 0.00000E+00
 -1         6 1.02068E+02 5.61689E+01 0.00000E+00
 -1         7 1.01453E+02 5.85287E+01 0.00000E+00
 -1         8 1.00449E+02 6.07508E+01 0.00000E+00
 -1         9 9.90831E+01 6.27711E+01 0.00000E+00
 -1        10 9.73958E+01 6.45316E+01 0.00000E+00
 -1        11 9.54352E+01 6.59817E+01 0.00000E+00
 -1        12 9.32578E+01 6.70795E+01 0.00000E+00
 -1        13 9.09261E+01 6.77936E+01 0.00000E+00
 -1        14 8.85074E+01 6.81033E+01 0.00000E+00
 -1        15 8.60710E+01 6.79998E+01 0.00000E+00
 -1        16 8.36872E+01 6.74860E+01 0.00000E+00
 -1        17 8.14245E+01 6.65768E+01 0.00000E+00
 -1        18 7.93481E+01 6.52983E+01 0.00000E+00
 -1        19 7.75175E+01 6.36872E+01 0.00000E+00
 -1        20 7.59856E+01 6.17899E+01 0.00000E+00
 -1        21 7.47963E+01 5.96611E+01 0.00000E+00
 -1        22 7.39840E+01 5.73618E+01 0.00000E+00
 -1        23 7.35719E+01 5.49584E+01 0.00000E+00
 -1        24 7.35719E+01 5.25199E+01 0.00000E+00
 -1        25 7.39840E+01 5.01164E+01 0.00000E+00
 -1        26 7.47963E+01 4.78172E+01 0.00000E+00
 -1        27 7.59856E+01 4.56883E+01 0.00000E+00
 -1        28 7.75175E+01 4.37910E+01 0.00000E+00
 -1        29 7.93481E+01 4.21800E+01 0.00000E+00
 -1        30 8.14245E+01 4.09014E+01 0.00000E+00
 -1        31 8.36872E+01 3.99922E+01 0.00000E+00
 -1        32 8.60710E+01 3.94784E+01 0.00000E+00
 -1        33 8.85074E+01 3.93750E+01 0.00000E+00
 -1        34 9.09261E+01 3.96847E+01 0.00000E+00
 -1        35 9.32578E+01 4.03987E+01 0.00000E+00
 -1        36 9.54352E+01 4.14966E+01 0.00000E+00
 -1        37 9.73958E+01 4.29466E+01 0.00000E+00
 -1        38 9.90831E+01 4.47071E+01 0.00000E+00
 -1        39 1.00449E+02 4.67275E+01 0.00000E+00
 -1        40 1.01453E+02 4.89495E+01 0.00000E+00
 -1        41 1.02068E+02 5.13094E+01 0.00000E+00
 -1        42 7.84018E+00 0.00000E+00 0.00000E+00
 -1        43 1.56804E+01 0.00000E+00 0.00000E+00
 -1        44 2.35205E+01 0.00000E+00 0.00000E+00
 -1        45 3.13607E+01 0.00000E+00 0.00000E+00
 -1        46 3.92009E+01 0.00000E+00 0.00000E+00
 -1        47 4.70411E+01 0.00000E+00 0.00000E+00
 -1        48 5.48813E+01 0.00000E+00 0.00000E+00
 -1        49 6.27214E+01 0.00000E+00 0.00000E+00
 -1        50 7.05616E+01 0.00000E+00 0.00000E+00
 -1        51 7.84018E+01 0.00000E+00 0.00000E+00
 -1        52 8.62420E+01 0.00000E+00 0.00000E+00
 -1        53 9.40822E+01 0.00000E+00 0.00000E+00
 -1        54 1.01922E+02 0.00000E+00 0.00000E+00
 -1        55 1.09763E+02 0.00000E+00 0.00000E+00
 -1        56 1.17603E+02 0.00000E+00 0.00000E+00
 -1        57 1.25443E+02 0.00000E+00 0.00000E+00
 -1        58 1.33283E+02 0.00000E+00 0.00000E+00
 -1        59 1.41123E+02 0.00000E+00 0.00000E+00
 -1        60 1.48963E+02 0.00000E+00 0.00000E+00
 -1        61 1.56804E+02 0.00000E+00 0.00000E+00
 -1        62 0.00000E+00 7.90217E+01 0.00000E+00
 -1        63 0.00000E+00 7.11195E+01 0.00000E+00
 -1        64 0.00000E+00 6.32174E+01 0.00000E+00
 -1        65 0.00000E+00 5.53152E+01 0.00000E+00
 -1        66 0.00000E+00 4.74130E+01 0.00000E+00
 -1        67 0.00000E+00 3.95108E+01 0.00000E+00
 -1        68 0.00000E+00 3.16087E+01 0.00000E+00
 -1        69 0.00000E+00 2.37065E+01 0.00000E+00
 -1        70 0.00000E+00 1.58043E+01 0.00000E+00
 -1        71 0.00000E+00 7.90217E+00 0.00000E+00
 -1        72 1.64644E+02 7.90217E+00 0.00000E+00
 -1        73 1.64644E+02 1.58043E+01 0.00000E+00
 -1        74 1.64644E+02 2.37065E+01 0.00000E+00
 -1        75 1.64644E+02 3.16087E+01 0.00000E+00
 -1        76 1.64644E+02 3.95108E+01 0.00000E+00
 -1        77 1.64644E+02 4.74130E+01 0.00000E+00
 -1        78 1.64644E+02 5.53152E+01 0.00000E+00
 -1        79 1.64644E+02 6.32174E+01 0.00000E+00
 -1        80 1.64644E+02 7.11195E+01 0.00000E+00
 -1        81 1.64644E+02 7.90217E+01 0.00000E+00
 -1        82 1.56804E+02 8.69239E+01 0.00000E+00
 -1        83 1.48963E+02 8.69239E+01 0.00000E+00
 -1        84 1.41123E+02 8.69239E+01 0.00000E+00
 -1        85 1.33283E+02 8.69239E+01 0.00000E+00
 -1        86 1.25443E+02 8.69239E+01 0.00000E+00
 -1        87 1.17603E+02 8.69239E+01 0.00000E+00
 -1        88 1.09763E+02 8.69239E+01 0.00000E+00
 -1        89 1.01922E+02 8.69239E+01 0.00000E+00
 -1        90 9.40822E+01 8.69239E+01 0.00000E+00
 -1        91 8.62420E+01 8.69239E+01 0.00000E+00
 -1        92 7.84018E+01 8.69239E+01 0.00000E+00
 -1        93 7.05616E+01 8.69239E+01 0.00000E+00
 -1        94 6.27214E+01 8.69239E+01 0.00000E+00
 -1        95 5.48813E+01 8.69239E+01 0.00000E+00
 -1        96 4.70411E+01 8.69239E+01 0.00000E+00
 -1        97 3.92009E+01 8.69239E+01 0.00000E+00
 -1        98 3.13607E+01 8.69239E+01 0.00000E+00
 -1        99 2.35205E+01 8.69239E+01 0.00000E+00
 -1       100 1.56804E+01 8.69239E+01 0.00000E+00
 -1       101 7.84018E+00 8.69239E+01 0.00000E+00
 -1       102 7.17175E+01 5.10520E+01 0.00000E+00
 -1       103 1.02924E+02 4.72292E+01 0.00000E+00
 -1       104 1.04320E+02 5.51802E+01 0.00000E+00
 -1       105 7.51658E+01 4.34592E+01 0.00000E+00
 -1       106 6.50316E+00 4.35290E+01 0.00000E+00
 -1       107 4.32085E+01 7.28380E+00 0.00000E+00
 -1       108 9.75947E+01 4.04741E+01 0.00000E+00
 -1       109 1.57775E+02 3.57477E+01 0.00000E+00
 -1       110 7.89700E+01 3.97914E+01 0.00000E+00
 -1       111 7.16965E+01 5.65170E+01 0.00000E+00
 -1       112 8.44342E+01 3.76709E+01 0.00000E+00
 -1       113 8.98833E+01 3.74744E+01 0.00000E+00
 -1       114 1.03012E+02 6.03290E+01 0.00000E+00
 -1       115 9.99528E+01 6.49881E+01 0.00000E+00
 -1       116 7.36118E+01 6.19727E+01 0.00000E+00
 -1       117 7.67480E+01 6.64760E+01 0.00000E+00
 -1       118 4.21893E+01 8.04480E+01 0.00000E+00
 -1       119 1.21523E+02 6.78979E+00 0.00000E+00
 -1       120 1.29347E+02 7.94665E+01 0.00000E+00
 -1       121 6.68924E+01 6.65372E+00 0.00000E+00
 -1       122 9.79822E+01 6.65515E+00 0.00000E+00
 -1       123 8.23219E+01 6.38468E+00 0.00000E+00
 -1       124 1.57800E+02 5.92663E+01 0.00000E+00
 -1       125 5.85440E+01 8.04962E+01 0.00000E+00
 -1       126 6.77132E+00 5.93972E+01 0.00000E+00
 -1       127 6.68372E+00 2.76601E+01 0.00000E+00
 -1       128 2.75926E+01 7.97129E+01 0.00000E+00
 -1       129 1.37293E+02 6.86687E+00 0.00000E+00
 -1       130 2.72571E+01 6.50156E+00 0.00000E+00
 -1       131 9.55170E+01 6.83610E+01 0.00000E+00
 -1       132 1.14218E+02 7.90666E+01 0.00000E+00
 -1       133 8.17053E+01 6.89299E+01 0.00000E+00
 -1       134 9.01401E+01 7.00393E+01 0.00000E+00
 -1       135 1.45289E+02 8.06905E+01 0.00000E+00
 -1       136 1.57739E+02 1.99734E+01 0.00000E+00
 -1       137 7.41271E+01 7.99174E+01 0.00000E+00
 -1       138 9.85155E+01 7.96077E+01 0.00000E+00
 -1       139 6.67030E+00 7.49247E+01 0.00000E+00
 -1       140 7.13484E+00 1.17260E+01 0.00000E+00
 -1       141 1.52884E+02 6.78979E+00 0.00000E+00
 -1       142 1.56789E+02 7.47345E+01 0.00000E+00
 -1       143 9.95817E+01 4.20393E+01 0.00000E+00
 -1       144 1.00126E+02 3.94461E+01 0.00000E+00
 -1       145 9.76004E+01 3.76663E+01 0.00000E+00
 -1       146 1.00171E+02 3.64734E+01 0.00000E+00
 -1       147 9.72800E+01 3.37454E+01 0.00000E+00
 -1       148 1.01937E+02 3.27438E+01 0.00000E+00
 -1       149 1.03582E+02 3.82377E+01 0.00000E+00
 -1       150 1.08060E+02 3.33333E+01 0.00000E+00
 -1       151 9.78104E+01 2.80959E+01 0.00000E+00
 -1       152 1.09426E+02 4.08339E+01 0.00000E+00
 -1       153 1.15057E+02 3.54668E+01 0.00000E+00
 -1       154 1.16778E+02 4.30190E+01 0.00000E+00
 -1       155 1.22631E+02 3.77993E+01 0.00000E+00
 -1       156 1.24260E+02 4.57343E+01 0.00000E+00
 -1       157 1.30293E+02 4.04070E+01 0.00000E+00
 -1       158 1.31860E+02 4.82605E+01 0.00000E+00
 -1       159 1.25811E+02 5.36090E+01 0.00000E+00
 -1       160 1.33411E+02 5.61150E+01 0.00000E+00
 -1       161 1.28760E+02 3.25561E+01 0.00000E+00
 -1       162 1.13372E+02 2.74806E+01 0.00000E+00
 -1       163 1.39444E+02 5.08331E+01 0.00000E+00
 -1       164 1.36332E+02 3.51256E+01 0.00000E+00
 -1       165 1.34691E+02 2.75140E+01 0.00000E+00
 -1       166 1.27387E+02 6.13792E+01 0.00000E+00
 -1       167 1.19788E+02 5.88774E+01 0.00000E+00
 -1       168 1.40989E+02 5.86854E+01 0.00000E+00
 -1       169 1.27088E+02 2.48402E+01 0.00000E+00
 -1       170 1.42334E+02 2.98851E+01 0.00000E+00
 -1       171 1.43913E+02 3.76909E+01 0.00000E+00
 -1       172 1.40198E+02 2.08595E+01 0.00000E+00
 -1       173 1.21362E+02 6.66434E+01 0.00000E+00
 -1       174 1.13819E+02 6.38031E+01 0.00000E+00
 -1       175 1.11728E+02 4.75869E+01 0.00000E+00
 -1       176 1.13788E+02 5.68840E+01 0.00000E+00
 -1       177 1.46738E+02 5.33156E+01 0.00000E+00
 -1       178 1.01813E+02 4.33948E+01 0.00000E+00
 -1       179 9.20168E+01 3.15950E+01 0.00000E+00
 -1       180 9.18830E+01 2.48857E+01 0.00000E+00
 -1       181 8.54170E+01 2.86981E+01 0.00000E+00
 -1       182 8.54011E+01 2.14217E+01 0.00000E+00
 -1       183 7.89054E+01 2.53023E+01 0.00000E+00
 -1       184 9.81994E+01 2.03961E+01 0.00000E+00
 -1       185 7.86845E+01 1.78971E+01 0.00000E+00
 -1       186 7.19550E+01 2.19472E+01 0.00000E+00
 -1       187 7.27112E+01 2.99055E+01 0.00000E+00
 -1       188 6.54411E+01 2.65883E+01 0.00000E+00
 -1       189 6.61945E+01 3.45453E+01 0.00000E+00
 -1       190 5.89236E+01 3.12278E+01 0.00000E+00
 -1       191 5.97290E+01 3.90736E+01 0.00000E+00
 -1       192 5.24102E+01 3.58423E+01 0.00000E+00
 -1       193 5.32208E+01 4.36901E+01 0.00000E+00
 -1       194 4.58949E+01 4.04735E+01 0.00000E+00
 -1       195 4.66540E+01 4.84361E+01 0.00000E+00
 -1       196 3.93654E+01 4.51376E+01 0.00000E+00
 -1       197 3.86087E+01 3.71695E+01 0.00000E+00
 -1       198 4.01262E+01 5.30972E+01 0.00000E+00
 -1       199 5.39181E+01 5.17874E+01 0.00000E+00
 -1       200 3.28482E+01 4.97759E+01 0.00000E+00
 -1       201 3.36070E+01 5.77398E+01 0.00000E+00
 -1       202 5.17063E+01 2.78161E+01 0.00000E+00
 -1       203 4.06566E+01 6.09811E+01 0.00000E+00
 -1       204 2.63303E+01 5.44157E+01 0.00000E+00
 -1       205 2.55716E+01 4.64517E+01 0.00000E+00
 -1       206 2.70890E+01 6.23795E+01 0.00000E+00
 -1       207 1.92092E+01 5.10760E+01 0.00000E+00
 -1       208 6.69533E+01 4.25092E+01 0.00000E+00
 -1       209 6.46680E+01 1.87931E+01 0.00000E+00
 -1       210 1.84119E+01 4.31158E+01 0.00000E+00
 -1       211 2.48322E+01 3.84860E+01 0.00000E+00
 -1       212 1.76828E+01 3.51490E+01 0.00000E+00
 -1       213 2.40816E+01 3.05213E+01 0.00000E+00
 -1       214 9.44513E+01 3.59511E+01 0.00000E+00
 -1       215 1.28871E+02 6.94283E+01 0.00000E+00
 -1       216 7.95347E+01 3.22460E+01 0.00000E+00
 -1       217 1.03853E+02 5.79303E+01 0.00000E+00
 -1       218 1.05380E+02 5.96473E+01 0.00000E+00
 -1       219 1.04791E+02 6.28950E+01 0.00000E+00
 -1       220 1.04227E+02 5.23536E+01 0.00000E+00
 -1       221 8.71733E+01 3.73288E+01 0.00000E+00
 -1       222 7.50110E+01 6.40410E+01 0.00000E+00
 -1       223 7.24041E+01 6.44501E+01 0.00000E+00
 -1       224 7.08313E+01 6.18772E+01 0.00000E+00
 -1       225 6.94239E+01 6.44563E+01 0.00000E+00
 -1       226 7.11978E+01 6.78094E+01 0.00000E+00
 -1       227 6.68253E+01 6.08598E+01 0.00000E+00
 -1       228 6.49964E+01 6.68676E+01 0.00000E+00
 -1       229 6.71502E+01 7.22903E+01 0.00000E+00
 -1       230 6.09195E+01 6.17705E+01 0.00000E+00
 -1       231 6.36337E+01 5.68950E+01 0.00000E+00
 -1       232 5.75280E+01 6.82194E+01 0.00000E+00
 -1       233 5.35502E+01 6.11183E+01 0.00000E+00
 -1       234 5.00346E+01 6.92988E+01 0.00000E+00
 -1       235 1.01873E+02 6.27582E+01 0.00000E+00
 -1       236 1.02255E+02 6.52482E+01 0.00000E+00
 -1       237 1.00680E+02 6.76306E+01 0.00000E+00
 -1       238 1.04715E+02 6.75822E+01 0.00000E+00
 -1       239 1.01848E+02 7.10044E+01 0.00000E+00
 -1       240 1.07550E+02 7.30599E+01 0.00000E+00
 -1       241 7.15361E+01 5.37499E+01 0.00000E+00
 -1       242 6.93209E+01 5.23582E+01 0.00000E+00
 -1       243 6.94690E+01 4.95067E+01 0.00000E+00
 -1       244 6.63587E+01 5.03909E+01 0.00000E+00
 -1       245 6.94243E+01 5.53574E+01 0.00000E+00
 -1       246 6.12898E+01 4.64883E+01 0.00000E+00
 -1       247 8.75450E+01 7.03690E+01 0.00000E+00
 -1       248 8.92143E+01 7.26126E+01 0.00000E+00
 -1       249 8.64498E+01 7.28188E+01 0.00000E+00
 -1       250 9.22566E+01 7.21121E+01 0.00000E+00
 -1       251 8.83546E+01 7.62751E+01 0.00000E+00
 -1       252 8.46717E+01 7.59676E+01 0.00000E+00
 -1       253 7.93953E+01 6.79135E+01 0.00000E+00
 -1       254 7.95297E+01 7.07801E+01 0.00000E+00
 -1       255 7.73183E+01 6.96482E+01 0.00000E+00
 -1       256 8.23681E+01 7.13230E+01 0.00000E+00
 -1       257 8.00279E+01 7.34500E+01 0.00000E+00
 -1       258 7.69551E+01 4.14988E+01 0.00000E+00
 -1       259 7.43036E+01 4.09927E+01 0.00000E+00
 -1       260 7.62196E+01 3.88626E+01 0.00000E+00
 -1       261 7.37216E+01 3.80715E+01 0.00000E+00
 -1       262 1.03704E+02 4.96681E+01 0.00000E+00
 -1       263 7.36303E+01 4.56731E+01 0.00000E+00
 -1       264 7.22161E+01 4.31793E+01 0.00000E+00
 -1       265 7.04479E+01 4.55947E+01 0.00000E+00
 -1       266 8.15520E+01 3.85459E+01 0.00000E+00
 -1       267 7.90137E+01 3.68540E+01 0.00000E+00
 -1       268 7.23701E+01 5.95355E+01 0.00000E+00
 -1       269 6.98954E+01 5.85024E+01 0.00000E+00
 -1       270 9.80704E+01 6.68990E+01 0.00000E+00
 -1       271 1.69557E+01 2.71836E+01 0.00000E+00
 -1       272 2.33295E+01 2.25570E+01 0.00000E+00
 -1       273 3.05754E+01 2.58845E+01 0.00000E+00
 -1       274 1.62284E+01 1.92224E+01 0.00000E+00
 -1       275 3.00569E+01 1.82543E+01 0.00000E+00
 -1       276 3.71305E+01 2.13013E+01 0.00000E+00
 -1       277 1.49678E+02 2.33375E+01 0.00000E+00
 -1       278 1.46584E+02 1.66241E+01 0.00000E+00
 -1       279 8.53264E+01 3.52476E+01 0.00000E+00
 -1       280 8.23741E+01 3.59557E+01 0.00000E+00
 -1       281 8.87575E+01 3.49641E+01 0.00000E+00
 -1       282 1.06584E+02 5.38308E+01 0.00000E+00
 -1       283 1.06173E+02 5.06053E+01 0.00000E+00
 -1       284 1.05477E+02 4.77031E+01 0.00000E+00
 -1       285 1.03911E+02 4.52600E+01 0.00000E+00
 -1       286 1.06303E+02 5.69956E+01 0.00000E+00
 -1       287 1.17927E+02 5.10743E+01 0.00000E+00
 -1       288 1.49843E+02 6.13524E+01 0.00000E+00
 -1       289 1.42536E+02 6.65315E+01 0.00000E+00
 -1       290 1.50107E+02 6.91174E+01 0.00000E+00
 -1       291 7.22866E+01 7.35166E+01 0.00000E+00
 -1       292 3.65425E+01 1.34984E+01 0.00000E+00
 -1       293 4.37931E+01 1.62395E+01 0.00000E+00
 -1       294 5.09382E+01 1.15580E+01 0.00000E+00
 -1       295 7.22253E+01 4.82240E+01 0.00000E+00
 -1       296 9.83799E+01 6.97067E+01 0.00000E+00
 -1       297 9.55105E+01 7.11125E+01 0.00000E+00
 -1       298 1.22103E+02 7.45787E+01 0.00000E+00
 -1       299 1.36041E+02 7.36541E+01 0.00000E+00
 -1       300 8.50455E+01 7.06904E+01 0.00000E+00
 -1       301 5.12281E+01 1.94271E+01 0.00000E+00
 -1       302 1.21104E+02 2.99675E+01 0.00000E+00
 -1       303 1.19392E+02 2.21357E+01 0.00000E+00
 -1       304 1.11665E+02 1.98765E+01 0.00000E+00
 -1       305 1.26084E+02 1.62667E+01 0.00000E+00
 -1       306 1.05201E+02 2.58000E+01 0.00000E+00
 -1       307 1.17178E+02 1.39705E+01 0.00000E+00
 -1       308 1.09256E+02 1.30165E+01 0.00000E+00
 -1       309 1.29601E+02 8.31592E+00 0.00000E+00
 -1       310 1.34504E+02 1.41680E+01 0.00000E+00
 -1       311 5.76371E+01 1.45863E+01 0.00000E+00
 -1       312 1.08825E+02 5.99644E+01 0.00000E+00
 -1       313 9.29347E+01 6.94163E+01 0.00000E+00
 -1       314 9.47173E+01 7.51610E+01 0.00000E+00
 -1       315 7.12386E+01 1.36859E+01 0.00000E+00
 -1       316 9.51750E+01 3.90015E+01 0.00000E+00
 -1       317 1.45469E+02 4.55697E+01 0.00000E+00
 -1       318 1.52198E+02 4.83319E+01 0.00000E+00
 -1       319 8.35641E+01 3.31119E+01 0.00000E+00
 -1       320 1.37885E+02 4.29811E+01 0.00000E+00
 -1       321 1.34873E+02 6.42989E+01 0.00000E+00
 -1       322 1.50487E+02 3.24367E+01 0.00000E+00
 -1       323 4.44717E+01 2.44214E+01 0.00000E+00
 -1       324 1.15345E+02 7.18859E+01 0.00000E+00
 -1       325 4.69507E+01 5.65515E+01 0.00000E+00
 -1       326 4.51566E+01 3.24887E+01 0.00000E+00
 -1       327 3.20927E+01 4.18116E+01 0.00000E+00
 -1       328 3.43277E+01 6.56903E+01 0.00000E+00
 -1       329 2.76730E+01 7.05744E+01 0.00000E+00
 -1       330 2.06073E+01 6.70500E+01 0.00000E+00
 -1       331 3.59776E+01 7.41596E+01 0.00000E+00
 -1       332 4.22206E+01 6.80302E+01 0.00000E+00
 -1       333 2.00295E+01 5.90399E+01 0.00000E+00
 -1       334 3.13398E+01 3.38471E+01 0.00000E+00
 -1       335 2.32823E+01 1.37308E+01 0.00000E+00
 -1       336 1.51649E+01 1.15568E+01 0.00000E+00
 -1       337 3.78480E+01 2.92097E+01 0.00000E+00
 -1       338 2.09059E+01 7.49796E+01 0.00000E+00
 -1       339 1.36717E+01 7.12056E+01 0.00000E+00
 -1       340 6.44372E+00 3.55933E+01 0.00000E+00
 -1       341 6.84348E+00 1.97554E+01 0.00000E+00
 -1       342 6.84348E+00 6.71684E+01 0.00000E+00
 -1       343 1.57671E+02 6.69861E+01 0.00000E+00
 -1       344 6.56906E+00 5.14961E+01 0.00000E+00
 -1       345 1.57494E+02 2.78017E+01 0.00000E+00
 -1       346 5.81863E+01 2.32938E+01 0.00000E+00
 -1       347 9.86540E+01 7.32325E+01 0.00000E+00
 -1       348 9.22659E+01 7.90714E+01 0.00000E+00
 -1       349 1.51343E+02 4.04619E+01 0.00000E+00
 -1       350 7.46364E+01 6.34745E+00 0.00000E+00
 -1       351 9.01587E+01 6.68765E+00 0.00000E+00
 -1       352 9.42566E+01 1.32603E+01 0.00000E+00
 -1       353 5.05108E+01 8.05863E+01 0.00000E+00
 -1       354 5.82312E+01 7.16850E+00 0.00000E+00
 -1       355 1.05829E+02 8.01736E+01 0.00000E+00
 -1       356 6.66526E+01 7.91951E+01 0.00000E+00
 -1       357 1.45047E+02 6.61583E+00 0.00000E+00
 -1       358 1.09007E+02 5.16135E+01 0.00000E+00
 -1       359 1.28928E+01 7.96479E+01 0.00000E+00
 -1       360 1.01817E+02 1.29853E+01 0.00000E+00
 -1       361 1.35324E+01 6.32535E+01 0.00000E+00
 -1       362 8.57685E+01 1.37077E+01 0.00000E+00
 -1       363 1.58630E+02 1.20111E+01 0.00000E+00
 -1       364 1.52611E+02 8.09398E+01 0.00000E+00
 -1       365 9.26772E+01 3.80221E+01 0.00000E+00
 -1       366 9.15572E+01 3.56013E+01 0.00000E+00
 -1       367 6.73057E+01 4.67086E+01 0.00000E+00
 -1       368 1.13642E+02 6.27490E+00 0.00000E+00
 -1       369 1.31941E+01 5.54177E+01 0.00000E+00
 -1       370 3.49717E+01 6.32676E+00 0.00000E+00
 -1       371 1.58170E+02 4.39822E+01 0.00000E+00
 -1       372 1.04682E+02 4.23797E+01 0.00000E+00
 -1       373 3.52642E+01 8.16336E+01 0.00000E+00
 -1       374 1.08618E+02 6.46268E+01 0.00000E+00
 -1       375 8.03987E+01 7.78315E+01 0.00000E+00
 -1       376 1.07220E+02 4.53738E+01 0.00000E+00
 -1       377 1.05762E+02 6.32337E+00 0.00000E+00
 -1       378 1.98947E+01 6.28035E+00 0.00000E+00
 -1       379 1.27662E+01 4.74628E+01 0.00000E+00
 -1       380 1.37615E+02 8.06978E+01 0.00000E+00
 -1       381 1.21743E+02 8.13919E+01 0.00000E+00
 -1       382 7.46164E+01 6.94454E+01 0.00000E+00
 -1       383 7.53941E+01 3.52249E+01 0.00000E+00
 -1       384 1.43094E+02 7.37008E+01 0.00000E+00
 -1       385 1.58406E+02 5.20131E+01 0.00000E+00
 -1       386 1.18105E+01 5.63519E+00 0.00000E+00
 -1       387 5.38870E+01 7.45101E+01 0.00000E+00
 -1       388 6.62716E+01 5.39745E+01 0.00000E+00
 -1       389 7.07438E+01 3.89190E+01 0.00000E+00
 -1       390 1.23101E+01 3.94195E+01 0.00000E+00
 -1       391 1.32618E+02 2.07867E+01 0.00000E+00
 -1       392 2.01184E+01 8.16376E+01 0.00000E+00
 -1       393 8.66862E+01 3.26256E+01 0.00000E+00
 -1       394 5.87493E+01 5.66279E+01 0.00000E+00
 -1       395 6.17097E+01 5.23723E+01 0.00000E+00
 -1       396 4.66825E+01 6.31960E+01 0.00000E+00
 -1       397 1.19812E+01 3.15135E+01 0.00000E+00
 -1       398 1.02667E+02 7.58726E+01 0.00000E+00
 -1       399 5.09612E+01 5.02151E+00 0.00000E+00
 -1       400 4.55995E+01 7.42518E+01 0.00000E+00
 -1       401 1.41479E+02 1.21711E+01 0.00000E+00
 -1       402 8.63453E+01 8.14167E+01 0.00000E+00
 -1       403 6.35869E+01 1.23599E+01 0.00000E+00
 -1       404 6.13789E+01 7.37968E+01 0.00000E+00
 -1       405 1.05228E+02 1.84149E+01 0.00000E+00
 -1       406 1.01957E+02 4.10995E+01 0.00000E+00
 -1       407 7.15589E+01 3.50140E+01 0.00000E+00
 -1       408 1.52946E+02 5.52450E+01 0.00000E+00
 -1       409 1.49578E+02 7.58366E+01 0.00000E+00
 -1       410 1.52814E+02 1.56280E+01 0.00000E+00
 -1       411 5.77878E+00 8.11287E+01 0.00000E+00
 -1       412 1.58865E+02 8.11287E+01 0.00000E+00
 -1       413 1.16524E+01 2.35233E+01 0.00000E+00
 -1       414 1.58915E+02 5.74556E+00 0.00000E+00
 -1       415 1.12612E+02 5.23090E+01 0.00000E+00
 -1       416 5.67388E+00 5.69112E+00 0.00000E+00
 -1       417 6.72101E+01 5.71178E+01 0.00000E+00
 -1       418 7.84018E+01 1.13604E+01 0.00000E+00
 -1       419 3.04801E+01 1.19604E+01 0.00000E+00
 -1       420 9.11552E+01 1.89420E+01 0.00000E+00
 -1       421 9.13617E+01 7.50465E+01 0.00000E+00
 -1       422 7.39954E+01 6.64444E+01 0.00000E+00
 -1       423 7.01084E+01 4.75262E+01 0.00000E+00
 -1       424 8.42036E+01 7.29910E+01 0.00000E+00
 -1       425 1.48105E+02 1.14667E+01 0.00000E+00
 -1       426 1.10275E+02 6.83909E+01 0.00000E+00
 -1       427 1.12219E+01 1.58043E+01 0.00000E+00
 -1       428 1.09520E+02 5.52662E+01 0.00000E+00
 -1       429 7.64555E+01 7.31297E+01 0.00000E+00
 -1       430 8.37074E+01 6.92814E+01 0.00000E+00
 -1       431 1.01636E+02 4.54637E+01 0.00000E+00
 -1       432 1.07921E+02 4.85765E+01 0.00000E+00
 -1       433 8.24829E+01 7.41550E+01 0.00000E+00
 -3
    3C                           765                                     1
 -1         1    7    0    1
 -2       181       319       216
 -1         2    7    0    1
 -2       305       307       119
 -1         3    7    0    1
 -2       215       299       120
 -1         4    7    0    1
 -2       240       324       132
 -1         5    7    0    1
 -2       299       321       289
 -1         6    7    0    1
 -2       124       343       288
 -1         7    7    0    1
 -2       267       280       266
 -1         8    7    0    1
 -2       136       345       277
 -1         9    7    0    1
 -2       145       316       214
 -1        10    7    0    1
 -2       147       214       179
 -1        11    7    0    1
 -2       132       355       240
 -1        12    7    0    1
 -2        58       309        57
 -1        13    7    0    1
 -2       255       429       382
 -1        14    7    0    1
 -2       119       309       305
 -1        15    7    0    1
 -2       120       298       215
 -1        16    7    0    1
 -2       264       265       208
 -1        17    7    0    1
 -2       219       374       238
 -1        18    7    0    1
 -2       288       343       290
 -1        19    7    0    1
 -2       132       324       298
 -1        20    7    0    1
 -2       250       313       297
 -1        21    7    0    1
 -2       331       400       118
 -1        22    7    0    1
 -2       298       381       132
 -1        23    7    0    1
 -2       329       331       128
 -1        24    7    0    1
 -2       189       389       208
 -1        25    7    0    1
 -2       179       366       281
 -1        26    7    0    1
 -2       277       410       136
 -1        27    7    0    1
 -2       215       321       299
 -1        28    7    0    1
 -2       253       255       117
 -1        29    7    0    1
 -2       214       366       179
 -1        30    7    0    1
 -2       231       417       227
 -1        31    7    0    1
 -2       281       366       113
 -1        32    7    0    1
 -2       282       286       104
 -1        33    7    0    1
 -2       233       325       199
 -1        34    7    0    1
 -2         9       235       115
 -1        35    7    0    1
 -2        22       268       111
 -1        36    7    0    1
 -2        11       270       131
 -1        37    7    0    1
 -2        31       266       112
 -1        38    7    0    1
 -2         7       217       114
 -1        39    7    0    1
 -2        18       253       117
 -1        40    7    0    1
 -2        20       222       116
 -1        41    7    0    1
 -2        13       313       134
 -1        42    7    0    1
 -2       107       293       292
 -1        43    7    0    1
 -2       281       393       179
 -1        44    7    0    1
 -2       277       345       322
 -1        45    7    0    1
 -2       199       394       233
 -1        46    7    0    1
 -2       237       296       270
 -1        47    7    0    1
 -2       332       400       331
 -1        48    7    0    1
 -2       107       294       293
 -1        49    7    0    1
 -2       224       269       268
 -1        50    7    0    1
 -2       219       236       235
 -1        51    7    0    1
 -2       129       309        58
 -1        52    7    0    1
 -2        57       309       119
 -1        53    7    0    1
 -2       175       376       152
 -1        54    7    0    1
 -2       310       401       172
 -1        55    7    0    1
 -2       118       373       331
 -1        56    7    0    1
 -2       172       401       278
 -1        57    7    0    1
 -2       216       280       267
 -1        58    7    0    1
 -2       289       384       299
 -1        59    7    0    1
 -2       218       312       219
 -1        60    7    0    1
 -2       375       402        92
 -1        61    7    0    1
 -2       162       304       303
 -1        62    7    0    1
 -2       134       313       250
 -1        63    7    0    1
 -2        92       402        91
 -1        64    7    0    1
 -2       128       338       329
 -1        65    7    0    1
 -2       285       431       178
 -1        66    7    0    1
 -2       331       373       128
 -1        67    7    0    1
 -2       246       367       244
 -1        68    7    0    1
 -2       154       287       175
 -1        69    7    0    1
 -2       270       296       131
 -1        70    7    0    1
 -2       222       223       116
 -1        71    7    0    1
 -2       217       218       114
 -1        72    7    0    1
 -2       235       236       115
 -1        73    7    0    1
 -2       290       343       142
 -1        74    7    0    1
 -2       309       310       305
 -1        75    7    0    1
 -2       268       269       111
 -1        76    7    0    1
 -2       266       280       112
 -1        77    7    0    1
 -2       150       306       162
 -1        78    7    0    1
 -2       294       354       311
 -1        79    7    0    1
 -2       104       286       217
 -1        80    7    0    1
 -2       117       422       222
 -1        81    7    0    1
 -2       208       389       264
 -1        82    7    0    1
 -2       287       415       175
 -1        83    7    0    1
 -2       189       208       191
 -1        84    7    0    1
 -2       181       216       183
 -1        85    7    0    1
 -2       148       306       150
 -1        86    7    0    1
 -2       142       409       290
 -1        87    7    0    1
 -2       162       303       302
 -1        88    7    0    1
 -2       243       295       102
 -1        89    7    0    1
 -2       258       260       110
 -1        90    7    0    1
 -2       263       295       265
 -1        91    7    0    1
 -2       389       407       261
 -1        92    7    0    1
 -2       221       281       113
 -1        93    7    0    1
 -2       322       345       109
 -1        94    7    0    1
 -2        77       385       371
 -1        95    7    0    1
 -2       303       307       305
 -1        96    7    0    1
 -2       278       410       277
 -1        97    7    0    1
 -2       174       312       176
 -1        98    7    0    1
 -2       101       359       100
 -1        99    7    0    1
 -2       247       300        15
 -1       100    7    0    1
 -2       143       178        38
 -1       101    7    0    1
 -2       137       356       291
 -1       102    7    0    1
 -2       255       382       117
 -1       103    7    0    1
 -2       154       175       152
 -1       104    7    0    1
 -2       110       267       266
 -1       105    7    0    1
 -2       314       347       138
 -1       106    7    0    1
 -2       380       384       135
 -1       107    7    0    1
 -2       316       365       214
 -1       108    7    0    1
 -2       226       228       225
 -1       109    7    0    1
 -2       174       176       167
 -1       110    7    0    1
 -2       294       399       354
 -1       111    7    0    1
 -2       152       376       372
 -1       112    7    0    1
 -2       152       372       149
 -1       113    7    0    1
 -2       335       378       130
 -1       114    7    0    1
 -2       239       296       237
 -1       115    7    0    1
 -2       338       359       339
 -1       116    7    0    1
 -2        19       222        20
 -1       117    7    0    1
 -2        17       253        18
 -1       118    7    0    1
 -2         6       217         7
 -1       119    7    0    1
 -2        37       143        38
 -1       120    7    0    1
 -2        30       266        31
 -1       121    7    0    1
 -2        12       313        13
 -1       122    7    0    1
 -2        14       247        15
 -1       123    7    0    1
 -2        10       270        11
 -1       124    7    0    1
 -2         8       235         9
 -1       125    7    0    1
 -2        21       268        22
 -1       126    7    0    1
 -2       155       302       161
 -1       127    7    0    1
 -2       227       269       224
 -1       128    7    0    1
 -2       299       384       380
 -1       129    7    0    1
 -2       189       407       389
 -1       130    7    0    1
 -2       202       323       301
 -1       131    7    0    1
 -2       292       370       107
 -1       132    7    0    1
 -2       291       356       229
 -1       133    7    0    1
 -2       310       391       305
 -1       134    7    0    1
 -2       161       302       169
 -1       135    7    0    1
 -2       156       287       154
 -1       136    7    0    1
 -2       111       269       245
 -1       137    7    0    1
 -2       112       280       279
 -1       138    7    0    1
 -2       148       149       146
 -1       139    7    0    1
 -2       353       400       387
 -1       140    7    0    1
 -2         1       220       104
 -1       141    7    0    1
 -2        35       365       316
 -1       142    7    0    1
 -2        33       221       113
 -1       143    7    0    1
 -2        27       263       105
 -1       144    7    0    1
 -2       111       241        23
 -1       145    7    0    1
 -2        29       258       110
 -1       146    7    0    1
 -2        26       295       263
 -1       147    7    0    1
 -2       102       295        25
 -1       148    7    0    1
 -2       105       258        28
 -1       149    7    0    1
 -2       113       365        34
 -1       150    7    0    1
 -2        36       316       108
 -1       151    7    0    1
 -2       103       262        40
 -1       152    7    0    1
 -2        24       241       102
 -1       153    7    0    1
 -2       112       221        32
 -1       154    7    0    1
 -2        41       262       220
 -1       155    7    0    1
 -2       209       346       311
 -1       156    7    0    1
 -2       145       214       147
 -1       157    7    0    1
 -2       307       368       119
 -1       158    7    0    1
 -2       183       216       187
 -1       159    7    0    1
 -2       240       426       324
 -1       160    7    0    1
 -2       108       316       145
 -1       161    7    0    1
 -2       311       346       301
 -1       162    7    0    1
 -2       294       301       293
 -1       163    7    0    1
 -2       301       323       293
 -1       164    7    0    1
 -2       193       246       199
 -1       165    7    0    1
 -2       374       426       238
 -1       166    7    0    1
 -2        91       402        90
 -1       167    7    0    1
 -2       371       385       318
 -1       168    7    0    1
 -2       216       383       187
 -1       169    7    0    1
 -2       162       306       304
 -1       170    7    0    1
 -2       304       307       303
 -1       171    7    0    1
 -2       172       391       310
 -1       172    7    0    1
 -2       288       408       124
 -1       173    7    0    1
 -2       241       245       242
 -1       174    7    0    1
 -2       226       382       291
 -1       175    7    0    1
 -2       208       246       191
 -1       176    7    0    1
 -2       262       284       283
 -1       177    7    0    1
 -2       105       264       259
 -1       178    7    0    1
 -2       159       287       156
 -1       179    7    0    1
 -2        90       402       348
 -1       180    7    0    1
 -2       130       419       335
 -1       181    7    0    1
 -2       109       349       322
 -1       182    7    0    1
 -2       301       346       202
 -1       183    7    0    1
 -2       302       303       169
 -1       184    7    0    1
 -2       101       411       359
 -1       185    7    0    1
 -2       139       342       339
 -1       186    7    0    1
 -2       185       362       182
 -1       187    7    0    1
 -2       176       287       167
 -1       188    7    0    1
 -2       184       306       151
 -1       189    7    0    1
 -2       153       302       155
 -1       190    7    0    1
 -2       387       400       234
 -1       191    7    0    1
 -2       178       372       285
 -1       192    7    0    1
 -2       129       310       309
 -1       193    7    0    1
 -2       121       350       315
 -1       194    7    0    1
 -2       122       377       360
 -1       195    7    0    1
 -2       220       283       282
 -1       196    7    0    1
 -2       342       361       339
 -1       197    7    0    1
 -2       263       264       105
 -1       198    7    0    1
 -2       241       242       102
 -1       199    7    0    1
 -2       111       245       241
 -1       200    7    0    1
 -2       112       279       221
 -1       201    7    0    1
 -2       262       283       220
 -1       202    7    0    1
 -2       103       284       262
 -1       203    7    0    1
 -2       113       366       365
 -1       204    7    0    1
 -2       105       259       258
 -1       205    7    0    1
 -2       294       311       301
 -1       206    7    0    1
 -2       300       430        15
 -1       207    7    0    1
 -2       178       431        38
 -1       208    7    0    1
 -2        15       430        16
 -1       209    7    0    1
 -2        38       431        39
 -1       210    7    0    1
 -2       260       267       110
 -1       211    7    0    1
 -2       304       308       307
 -1       212    7    0    1
 -2       179       393       181
 -1       213    7    0    1
 -2       303       305       169
 -1       214    7    0    1
 -2       317       320       171
 -1       215    7    0    1
 -2       308       368       307
 -1       216    7    0    1
 -2       186       315       185
 -1       217    7    0    1
 -2       171       320       164
 -1       218    7    0    1
 -2       299       380       120
 -1       219    7    0    1
 -2       164       320       157
 -1       220    7    0    1
 -2       163       320       317
 -1       221    7    0    1
 -2       158       320       163
 -1       222    7    0    1
 -2       289       321       168
 -1       223    7    0    1
 -2       168       321       160
 -1       224    7    0    1
 -2       170       322       171
 -1       225    7    0    1
 -2       166       321       215
 -1       226    7    0    1
 -2       202       326       323
 -1       227    7    0    1
 -2       192       326       202
 -1       228    7    0    1
 -2       173       324       174
 -1       229    7    0    1
 -2       197       337       326
 -1       230    7    0    1
 -2       326       337       323
 -1       231    7    0    1
 -2       197       326       194
 -1       232    7    0    1
 -2       198       325       203
 -1       233    7    0    1
 -2       195       325       198
 -1       234    7    0    1
 -2       213       334       211
 -1       235    7    0    1
 -2       211       334       327
 -1       236    7    0    1
 -2       273       334       213
 -1       237    7    0    1
 -2       327       334       197
 -1       238    7    0    1
 -2       196       327       197
 -1       239    7    0    1
 -2       334       337       197
 -1       240    7    0    1
 -2       211       327       205
 -1       241    7    0    1
 -2       205       327       200
 -1       242    7    0    1
 -2       204       333       207
 -1       243    7    0    1
 -2       328       329       206
 -1       244    7    0    1
 -2       328       332       331
 -1       245    7    0    1
 -2       206       333       204
 -1       246    7    0    1
 -2       201       328       206
 -1       247    7    0    1
 -2       328       331       329
 -1       248    7    0    1
 -2       329       330       206
 -1       249    7    0    1
 -2       330       333       206
 -1       250    7    0    1
 -2       292       293       276
 -1       251    7    0    1
 -2       293       323       276
 -1       252    7    0    1
 -2       275       292       276
 -1       253    7    0    1
 -2       271       274       272
 -1       254    7    0    1
 -2       275       276       273
 -1       255    7    0    1
 -2       272       275       273
 -1       256    7    0    1
 -2       271       272       213
 -1       257    7    0    1
 -2       272       273       213
 -1       258    7    0    1
 -2       274       335       272
 -1       259    7    0    1
 -2       272       335       275
 -1       260    7    0    1
 -2       274       336       335
 -1       261    7    0    1
 -2       212       271       213
 -1       262    7    0    1
 -2       212       213       211
 -1       263    7    0    1
 -2       210       212       211
 -1       264    7    0    1
 -2       210       211       205
 -1       265    7    0    1
 -2       207       210       205
 -1       266    7    0    1
 -2       203       332       328
 -1       267    7    0    1
 -2       204       207       205
 -1       268    7    0    1
 -2       203       328       201
 -1       269    7    0    1
 -2       201       206       204
 -1       270    7    0    1
 -2       204       205       200
 -1       271    7    0    1
 -2       201       204       200
 -1       272    7    0    1
 -2       198       203       201
 -1       273    7    0    1
 -2       200       327       196
 -1       274    7    0    1
 -2       198       201       200
 -1       275    7    0    1
 -2       198       200       196
 -1       276    7    0    1
 -2       273       337       334
 -1       277    7    0    1
 -2       276       337       273
 -1       278    7    0    1
 -2       199       325       195
 -1       279    7    0    1
 -2       196       197       194
 -1       280    7    0    1
 -2       195       198       196
 -1       281    7    0    1
 -2       323       337       276
 -1       282    7    0    1
 -2       298       324       173
 -1       283    7    0    1
 -2       288       290       289
 -1       284    7    0    1
 -2       193       199       195
 -1       285    7    0    1
 -2       195       196       194
 -1       286    7    0    1
 -2       215       298       173
 -1       287    7    0    1
 -2       317       318       177
 -1       288    7    0    1
 -2       288       289       168
 -1       289    7    0    1
 -2       194       326       192
 -1       290    7    0    1
 -2       193       195       194
 -1       291    7    0    1
 -2       277       322       170
 -1       292    7    0    1
 -2       177       288       168
 -1       293    7    0    1
 -2       166       215       173
 -1       294    7    0    1
 -2       173       174       167
 -1       295    7    0    1
 -2       172       278       277
 -1       296    7    0    1
 -2       163       317       177
 -1       297    7    0    1
 -2       193       194       192
 -1       298    7    0    1
 -2       163       177       168
 -1       299    7    0    1
 -2       172       277       170
 -1       300    7    0    1
 -2       166       173       167
 -1       301    7    0    1
 -2       191       193       192
 -1       302    7    0    1
 -2       192       202       190
 -1       303    7    0    1
 -2       165       172       170
 -1       304    7    0    1
 -2       163       168       160
 -1       305    7    0    1
 -2       170       171       164
 -1       306    7    0    1
 -2       160       321       166
 -1       307    7    0    1
 -2       166       167       159
 -1       308    7    0    1
 -2       191       192       190
 -1       309    7    0    1
 -2       161       169       165
 -1       310    7    0    1
 -2       158       163       160
 -1       311    7    0    1
 -2       160       166       159
 -1       312    7    0    1
 -2       165       170       164
 -1       313    7    0    1
 -2       189       191       190
 -1       314    7    0    1
 -2       161       165       164
 -1       315    7    0    1
 -2       158       160       159
 -1       316    7    0    1
 -2       209       315       186
 -1       317    7    0    1
 -2       189       190       188
 -1       318    7    0    1
 -2       220       282       104
 -1       319    7    0    1
 -2       228       404       232
 -1       320    7    0    1
 -2       161       164       157
 -1       321    7    0    1
 -2       158       159       156
 -1       322    7    0    1
 -2       157       320       158
 -1       323    7    0    1
 -2       188       209       186
 -1       324    7    0    1
 -2       187       189       188
 -1       325    7    0    1
 -2       157       158       156
 -1       326    7    0    1
 -2       155       161       157
 -1       327    7    0    1
 -2       187       188       186
 -1       328    7    0    1
 -2       329       338       330
 -1       329    7    0    1
 -2       322       349       171
 -1       330    7    0    1
 -2       338       339       330
 -1       331    7    0    1
 -2       317       349       318
 -1       332    7    0    1
 -2       155       157       156
 -1       333    7    0    1
 -2       183       187       186
 -1       334    7    0    1
 -2       188       346       209
 -1       335    7    0    1
 -2       202       346       190
 -1       336    7    0    1
 -2       352       360       184
 -1       337    7    0    1
 -2       171       349       317
 -1       338    7    0    1
 -2       190       346       188
 -1       339    7    0    1
 -2        63       139        62
 -1       340    7    0    1
 -2        75       345        74
 -1       341    7    0    1
 -2        80       343        79
 -1       342    7    0    1
 -2        74       136        73
 -1       343    7    0    1
 -2        76       109        75
 -1       344    7    0    1
 -2        79       124        78
 -1       345    7    0    1
 -2        65       126        64
 -1       346    7    0    1
 -2        71       140        70
 -1       347    7    0    1
 -2        64       342        63
 -1       348    7    0    1
 -2        67       106        66
 -1       349    7    0    1
 -2        69       127        68
 -1       350    7    0    1
 -2        70       341        69
 -1       351    7    0    1
 -2        68       340        67
 -1       352    7    0    1
 -2        66       344        65
 -1       353    7    0    1
 -2        81       142        80
 -1       354    7    0    1
 -2       155       156       154
 -1       355    7    0    1
 -2       183       186       185
 -1       356    7    0    1
 -2       147       179       151
 -1       357    7    0    1
 -2       338       392       359
 -1       358    7    0    1
 -2        84       135        83
 -1       359    7    0    1
 -2        86       120        85
 -1       360    7    0    1
 -2        90       138        89
 -1       361    7    0    1
 -2        95       125        94
 -1       362    7    0    1
 -2        99       128        98
 -1       363    7    0    1
 -2        51       350        50
 -1       364    7    0    1
 -2        88       132        87
 -1       365    7    0    1
 -2        93       137        92
 -1       366    7    0    1
 -2        97       118        96
 -1       367    7    0    1
 -2        47       107        46
 -1       368    7    0    1
 -2        52       123        51
 -1       369    7    0    1
 -2        57       119        56
 -1       370    7    0    1
 -2        59       129        58
 -1       371    7    0    1
 -2        61       141        60
 -1       372    7    0    1
 -2        45       130        44
 -1       373    7    0    1
 -2        50       121        49
 -1       374    7    0    1
 -2        53       351        52
 -1       375    7    0    1
 -2        96       353        95
 -1       376    7    0    1
 -2        49       354        48
 -1       377    7    0    1
 -2        89       355        88
 -1       378    7    0    1
 -2        94       356        93
 -1       379    7    0    1
 -2        54       122        53
 -1       380    7    0    1
 -2        60       357        59
 -1       381    7    0    1
 -2       237       270       115
 -1       382    7    0    1
 -2       232       234       233
 -1       383    7    0    1
 -2       336       378       335
 -1       384    7    0    1
 -2        79       343       124
 -1       385    7    0    1
 -2        74       345       136
 -1       386    7    0    1
 -2       109       345        75
 -1       387    7    0    1
 -2       126       342        64
 -1       388    7    0    1
 -2        69       341       127
 -1       389    7    0    1
 -2       127       340        68
 -1       390    7    0    1
 -2        65       344       126
 -1       391    7    0    1
 -2       140       341        70
 -1       392    7    0    1
 -2        67       340       106
 -1       393    7    0    1
 -2        63       342       139
 -1       394    7    0    1
 -2       106       344        66
 -1       395    7    0    1
 -2       142       343        80
 -1       396    7    0    1
 -2       297       313       131
 -1       397    7    0    1
 -2        13       134        14
 -1       398    7    0    1
 -2        34       365        35
 -1       399    7    0    1
 -2        29       110        30
 -1       400    7    0    1
 -2        31       112        32
 -1       401    7    0    1
 -2        23       241        24
 -1       402    7    0    1
 -2        11       131        12
 -1       403    7    0    1
 -2        18       117        19
 -1       404    7    0    1
 -2        32       221        33
 -1       405    7    0    1
 -2        41       220         1
 -1       406    7    0    1
 -2        16       133        17
 -1       407    7    0    1
 -2        22       111        23
 -1       408    7    0    1
 -2         7       114         8
 -1       409    7    0    1
 -2        24       102        25
 -1       410    7    0    1
 -2        26       263        27
 -1       411    7    0    1
 -2         1       104         6
 -1       412    7    0    1
 -2        27       105        28
 -1       413    7    0    1
 -2         9       115        10
 -1       414    7    0    1
 -2        33       113        34
 -1       415    7    0    1
 -2        28       258        29
 -1       416    7    0    1
 -2        40       262        41
 -1       417    7    0    1
 -2        25       295        26
 -1       418    7    0    1
 -2        20       116        21
 -1       419    7    0    1
 -2        39       103        40
 -1       420    7    0    1
 -2        35       316        36
 -1       421    7    0    1
 -2        36       108        37
 -1       422    7    0    1
 -2       224       268       116
 -1       423    7    0    1
 -2       378       386        43
 -1       424    7    0    1
 -2       162       302       153
 -1       425    7    0    1
 -2       363       410       141
 -1       426    7    0    1
 -2       219       235       114
 -1       427    7    0    1
 -2       122       352       351
 -1       428    7    0    1
 -2       410       425       141
 -1       429    7    0    1
 -2       131       313        12
 -1       430    7    0    1
 -2       116       268        21
 -1       431    7    0    1
 -2       134       247        14
 -1       432    7    0    1
 -2       117       222        19
 -1       433    7    0    1
 -2       110       266        30
 -1       434    7    0    1
 -2       104       217         6
 -1       435    7    0    1
 -2       133       253        17
 -1       436    7    0    1
 -2       115       270        10
 -1       437    7    0    1
 -2       114       235         8
 -1       438    7    0    1
 -2       108       143        37
 -1       439    7    0    1
 -2       126       361       342
 -1       440    7    0    1
 -2       339       361       330
 -1       441    7    0    1
 -2       123       350        51
 -1       442    7    0    1
 -2       138       355        89
 -1       443    7    0    1
 -2        88       355       132
 -1       444    7    0    1
 -2        93       356       137
 -1       445    7    0    1
 -2        95       353       125
 -1       446    7    0    1
 -2       122       351        53
 -1       447    7    0    1
 -2       121       354        49
 -1       448    7    0    1
 -2        52       351       123
 -1       449    7    0    1
 -2       125       356        94
 -1       450    7    0    1
 -2       118       353        96
 -1       451    7    0    1
 -2        50       350       121
 -1       452    7    0    1
 -2       141       357        60
 -1       453    7    0    1
 -2        59       357       129
 -1       454    7    0    1
 -2       120       381       298
 -1       455    7    0    1
 -2       360       377       308
 -1       456    7    0    1
 -2       230       231       227
 -1       457    7    0    1
 -2       339       359       139
 -1       458    7    0    1
 -2       382       422       117
 -1       459    7    0    1
 -2       208       367       246
 -1       460    7    0    1
 -2       256       430       300
 -1       461    7    0    1
 -2       249       300       247
 -1       462    7    0    1
 -2       167       287       159
 -1       463    7    0    1
 -2       151       306       148
 -1       464    7    0    1
 -2       227       417       269
 -1       465    7    0    1
 -2       126       369       361
 -1       466    7    0    1
 -2        73       363        72
 -1       467    7    0    1
 -2       290       384       289
 -1       468    7    0    1
 -2       229       404       228
 -1       469    7    0    1
 -2       185       418       362
 -1       470    7    0    1
 -2        83       364        82
 -1       471    7    0    1
 -2       140       386       336
 -1       472    7    0    1
 -2       297       314       250
 -1       473    7    0    1
 -2       352       362       351
 -1       474    7    0    1
 -2       153       155       154
 -1       475    7    0    1
 -2       191       246       193
 -1       476    7    0    1
 -2       183       185       182
 -1       477    7    0    1
 -2       122       360       352
 -1       478    7    0    1
 -2       243       423       295
 -1       479    7    0    1
 -2       330       361       333
 -1       480    7    0    1
 -2       295       423       265
 -1       481    7    0    1
 -2       364       409       142
 -1       482    7    0    1
 -2       181       183       182
 -1       483    7    0    1
 -2       107       399       294
 -1       484    7    0    1
 -2       232       233       230
 -1       485    7    0    1
 -2       187       407       189
 -1       486    7    0    1
 -2       153       154       152
 -1       487    7    0    1
 -2        77       371        76
 -1       488    7    0    1
 -2        44       378        43
 -1       489    7    0    1
 -2       143       406       178
 -1       490    7    0    1
 -2       119       368        56
 -1       491    7    0    1
 -2       107       370        46
 -1       492    7    0    1
 -2        45       370       130
 -1       493    7    0    1
 -2       351       362       123
 -1       494    7    0    1
 -2       267       383       216
 -1       495    7    0    1
 -2       150       162       153
 -1       496    7    0    1
 -2       179       181       180
 -1       497    7    0    1
 -2       128       373        98
 -1       498    7    0    1
 -2        97       373       118
 -1       499    7    0    1
 -2       315       403       121
 -1       500    7    0    1
 -2       361       369       333
 -1       501    7    0    1
 -2        78       385        77
 -1       502    7    0    1
 -2       165       391       172
 -1       503    7    0    1
 -2       375       429       257
 -1       504    7    0    1
 -2        54       377       122
 -1       505    7    0    1
 -2       344       369       126
 -1       506    7    0    1
 -2       136       363        73
 -1       507    7    0    1
 -2       336       386       378
 -1       508    7    0    1
 -2       382       429       291
 -1       509    7    0    1
 -2       135       364        83
 -1       510    7    0    1
 -2        84       380       135
 -1       511    7    0    1
 -2       120       380        85
 -1       512    7    0    1
 -2        86       381       120
 -1       513    7    0    1
 -2       132       381        87
 -1       514    7    0    1
 -2       344       379       369
 -1       515    7    0    1
 -2       335       419       275
 -1       516    7    0    1
 -2        62       411         4
 -1       517    7    0    1
 -2         5       412        81
 -1       518    7    0    1
 -2         4       411       101
 -1       519    7    0    1
 -2        82       412         5
 -1       520    7    0    1
 -2       246       395       199
 -1       521    7    0    1
 -2       103       431       285
 -1       522    7    0    1
 -2       226       229       228
 -1       523    7    0    1
 -2       254       429       255
 -1       524    7    0    1
 -2       333       369       207
 -1       525    7    0    1
 -2        76       371       109
 -1       526    7    0    1
 -2        56       368        55
 -1       527    7    0    1
 -2        72       414         3
 -1       528    7    0    1
 -2         3       414        61
 -1       529    7    0    1
 -2       109       371       349
 -1       530    7    0    1
 -2       305       391       169
 -1       531    7    0    1
 -2       349       371       318
 -1       532    7    0    1
 -2        46       370        45
 -1       533    7    0    1
 -2       286       428       312
 -1       534    7    0    1
 -2       128       392       338
 -1       535    7    0    1
 -2       332       396       234
 -1       536    7    0    1
 -2       244       395       246
 -1       537    7    0    1
 -2        47       399       107
 -1       538    7    0    1
 -2       354       399        48
 -1       539    7    0    1
 -2        99       392       128
 -1       540    7    0    1
 -2         2       416        71
 -1       541    7    0    1
 -2        42       416         2
 -1       542    7    0    1
 -2       296       297       131
 -1       543    7    0    1
 -2       236       237       115
 -1       544    7    0    1
 -2        98       373        97
 -1       545    7    0    1
 -2       118       400       353
 -1       546    7    0    1
 -2       223       224       116
 -1       547    7    0    1
 -2       218       219       114
 -1       548    7    0    1
 -2       150       152       149
 -1       549    7    0    1
 -2       369       379       207
 -1       550    7    0    1
 -2       148       150       149
 -1       551    7    0    1
 -2       133       254       253
 -1       552    7    0    1
 -2       134       248       247
 -1       553    7    0    1
 -2       233       396       325
 -1       554    7    0    1
 -2       108       144       143
 -1       555    7    0    1
 -2       368       377        55
 -1       556    7    0    1
 -2       356       404       229
 -1       557    7    0    1
 -2       125       404       356
 -1       558    7    0    1
 -2       282       428       286
 -1       559    7    0    1
 -2       291       429       137
 -1       560    7    0    1
 -2        55       377        54
 -1       561    7    0    1
 -2       209       403       315
 -1       562    7    0    1
 -2       106       379       344
 -1       563    7    0    1
 -2       304       405       308
 -1       564    7    0    1
 -2       242       243       102
 -1       565    7    0    1
 -2       176       415       287
 -1       566    7    0    1
 -2       181       182       180
 -1       567    7    0    1
 -2       263       265       264
 -1       568    7    0    1
 -2       259       260       258
 -1       569    7    0    1
 -2       308       377       368
 -1       570    7    0    1
 -2       106       390       379
 -1       571    7    0    1
 -2       233       394       230
 -1       572    7    0    1
 -2       103       285       284
 -1       573    7    0    1
 -2       279       281       221
 -1       574    7    0    1
 -2       207       379       210
 -1       575    7    0    1
 -2       108       145       144
 -1       576    7    0    1
 -2       130       378        44
 -1       577    7    0    1
 -2       137       375        92
 -1       578    7    0    1
 -2       325       396       203
 -1       579    7    0    1
 -2       133       256       254
 -1       580    7    0    1
 -2       134       250       248
 -1       581    7    0    1
 -2       296       347       297
 -1       582    7    0    1
 -2       312       374       219
 -1       583    7    0    1
 -2       138       348       314
 -1       584    7    0    1
 -2       362       418       123
 -1       585    7    0    1
 -2       174       374       312
 -1       586    7    0    1
 -2       180       184       151
 -1       587    7    0    1
 -2       217       286       218
 -1       588    7    0    1
 -2       137       429       375
 -1       589    7    0    1
 -2       315       418       185
 -1       590    7    0    1
 -2       234       400       332
 -1       591    7    0    1
 -2       355       398       240
 -1       592    7    0    1
 -2        85       380        84
 -1       593    7    0    1
 -2       184       420       352
 -1       594    7    0    1
 -2        87       381        86
 -1       595    7    0    1
 -2       184       405       306
 -1       596    7    0    1
 -2       226       291       229
 -1       597    7    0    1
 -2       203       396       332
 -1       598    7    0    1
 -2       379       390       210
 -1       599    7    0    1
 -2       359       411       139
 -1       600    7    0    1
 -2       216       319       280
 -1       601    7    0    1
 -2       133       430       256
 -1       602    7    0    1
 -2       308       405       360
 -1       603    7    0    1
 -2       350       418       315
 -1       604    7    0    1
 -2       232       387       234
 -1       605    7    0    1
 -2       336       427       140
 -1       606    7    0    1
 -2       124       385        78
 -1       607    7    0    1
 -2       360       405       184
 -1       608    7    0    1
 -2       238       426       240
 -1       609    7    0    1
 -2       177       408       288
 -1       610    7    0    1
 -2       150       153       152
 -1       611    7    0    1
 -2       179       180       151
 -1       612    7    0    1
 -2        43       386        42
 -1       613    7    0    1
 -2       365       366       214
 -1       614    7    0    1
 -2       290       409       384
 -1       615    7    0    1
 -2       340       390       106
 -1       616    7    0    1
 -2       210       390       212
 -1       617    7    0    1
 -2       354       403       311
 -1       618    7    0    1
 -2        90       348       138
 -1       619    7    0    1
 -2       100       392        99
 -1       620    7    0    1
 -2       367       423       243
 -1       621    7    0    1
 -2       318       408       177
 -1       622    7    0    1
 -2       370       419       130
 -1       623    7    0    1
 -2       265       423       367
 -1       624    7    0    1
 -2       169       391       165
 -1       625    7    0    1
 -2       340       397       390
 -1       626    7    0    1
 -2       121       403       354
 -1       627    7    0    1
 -2       300       424       256
 -1       628    7    0    1
 -2       359       392       100
 -1       629    7    0    1
 -2       254       255       253
 -1       630    7    0    1
 -2       248       249       247
 -1       631    7    0    1
 -2       297       347       314
 -1       632    7    0    1
 -2       353       387       125
 -1       633    7    0    1
 -2       390       397       212
 -1       634    7    0    1
 -2       401       425       278
 -1       635    7    0    1
 -2       251       402       252
 -1       636    7    0    1
 -2       244       367       243
 -1       637    7    0    1
 -2       352       420       362
 -1       638    7    0    1
 -2       228       232       230
 -1       639    7    0    1
 -2       265       367       208
 -1       640    7    0    1
 -2       269       417       245
 -1       641    7    0    1
 -2       280       319       279
 -1       642    7    0    1
 -2       311       403       209
 -1       643    7    0    1
 -2       234       396       233
 -1       644    7    0    1
 -2       239       347       296
 -1       645    7    0    1
 -2       212       397       271
 -1       646    7    0    1
 -2       129       401       310
 -1       647    7    0    1
 -2       180       420       184
 -1       648    7    0    1
 -2       178       406       372
 -1       649    7    0    1
 -2       362       420       182
 -1       650    7    0    1
 -2       306       405       304
 -1       651    7    0    1
 -2       127       397       340
 -1       652    7    0    1
 -2        48       399        47
 -1       653    7    0    1
 -2       348       421       314
 -1       654    7    0    1
 -2       127       413       397
 -1       655    7    0    1
 -2       264       389       259
 -1       656    7    0    1
 -2       245       388       242
 -1       657    7    0    1
 -2       250       421       248
 -1       658    7    0    1
 -2       251       421       348
 -1       659    7    0    1
 -2       397       413       271
 -1       660    7    0    1
 -2       363       414        72
 -1       661    7    0    1
 -2       252       402       375
 -1       662    7    0    1
 -2       283       358       282
 -1       663    7    0    1
 -2       223       422       226
 -1       664    7    0    1
 -2       140       416       386
 -1       665    7    0    1
 -2       271       413       274
 -1       666    7    0    1
 -2       292       419       370
 -1       667    7    0    1
 -2       364       412        82
 -1       668    7    0    1
 -2       357       401       129
 -1       669    7    0    1
 -2       284       432       283
 -1       670    7    0    1
 -2       347       398       138
 -1       671    7    0    1
 -2        71       416       140
 -1       672    7    0    1
 -2        81       412       142
 -1       673    7    0    1
 -2       139       411        62
 -1       674    7    0    1
 -2       341       413       127
 -1       675    7    0    1
 -2       275       419       292
 -1       676    7    0    1
 -2       274       427       336
 -1       677    7    0    1
 -2       181       393       319
 -1       678    7    0    1
 -2        61       414       141
 -1       679    7    0    1
 -2       324       426       174
 -1       680    7    0    1
 -2       413       427       274
 -1       681    7    0    1
 -2       357       425       401
 -1       682    7    0    1
 -2       341       427       413
 -1       683    7    0    1
 -2       388       395       244
 -1       684    7    0    1
 -2       348       402       251
 -1       685    7    0    1
 -2       140       427       341
 -1       686    7    0    1
 -2       415       428       358
 -1       687    7    0    1
 -2       123       418       350
 -1       688    7    0    1
 -2       199       395       394
 -1       689    7    0    1
 -2       312       428       176
 -1       690    7    0    1
 -2       257       429       254
 -1       691    7    0    1
 -2       141       425       357
 -1       692    7    0    1
 -2        16       430       133
 -1       693    7    0    1
 -2        39       431       103
 -1       694    7    0    1
 -2       252       424       249
 -1       695    7    0    1
 -2       141       414       363
 -1       696    7    0    1
 -2       149       406       144
 -1       697    7    0    1
 -2       385       408       318
 -1       698    7    0    1
 -2       222       422       223
 -1       699    7    0    1
 -2       138       398       355
 -1       700    7    0    1
 -2       230       394       231
 -1       701    7    0    1
 -2       144       406       143
 -1       702    7    0    1
 -2       257       433       375
 -1       703    7    0    1
 -2       142       412       364
 -1       704    7    0    1
 -2       136       410       363
 -1       705    7    0    1
 -2       135       409       364
 -1       706    7    0    1
 -2       249       424       300
 -1       707    7    0    1
 -2       223       226       225
 -1       708    7    0    1
 -2       182       420       180
 -1       709    7    0    1
 -2       232       404       387
 -1       710    7    0    1
 -2       228       230       227
 -1       711    7    0    1
 -2       146       149       144
 -1       712    7    0    1
 -2       260       383       267
 -1       713    7    0    1
 -2       384       409       135
 -1       714    7    0    1
 -2       283       432       358
 -1       715    7    0    1
 -2       375       433       252
 -1       716    7    0    1
 -2       245       417       388
 -1       717    7    0    1
 -2       387       404       125
 -1       718    7    0    1
 -2       124       408       385
 -1       719    7    0    1
 -2       147       151       148
 -1       720    7    0    1
 -2       145       147       146
 -1       721    7    0    1
 -2       383       407       187
 -1       722    7    0    1
 -2       231       395       388
 -1       723    7    0    1
 -2       145       146       144
 -1       724    7    0    1
 -2       256       257       254
 -1       725    7    0    1
 -2       279       393       281
 -1       726    7    0    1
 -2       223       225       224
 -1       727    7    0    1
 -2       285       376       284
 -1       728    7    0    1
 -2       236       238       237
 -1       729    7    0    1
 -2       242       244       243
 -1       730    7    0    1
 -2       259       261       260
 -1       731    7    0    1
 -2       386       416        42
 -1       732    7    0    1
 -2       238       239       237
 -1       733    7    0    1
 -2       225       227       224
 -1       734    7    0    1
 -2       358       428       282
 -1       735    7    0    1
 -2       286       312       218
 -1       736    7    0    1
 -2       251       252       249
 -1       737    7    0    1
 -2       248       251       249
 -1       738    7    0    1
 -2       394       395       231
 -1       739    7    0    1
 -2       248       421       251
 -1       740    7    0    1
 -2       372       406       149
 -1       741    7    0    1
 -2       358       432       175
 -1       742    7    0    1
 -2       278       425       410
 -1       743    7    0    1
 -2       239       398       347
 -1       744    7    0    1
 -2       176       428       415
 -1       745    7    0    1
 -2       314       421       250
 -1       746    7    0    1
 -2       147       148       146
 -1       747    7    0    1
 -2       238       240       239
 -1       748    7    0    1
 -2       225       228       227
 -1       749    7    0    1
 -2       174       426       374
 -1       750    7    0    1
 -2       175       415       358
 -1       751    7    0    1
 -2       240       398       239
 -1       752    7    0    1
 -2       261       407       383
 -1       753    7    0    1
 -2       319       393       279
 -1       754    7    0    1
 -2       259       389       261
 -1       755    7    0    1
 -2       242       388       244
 -1       756    7    0    1
 -2       261       383       260
 -1       757    7    0    1
 -2       376       432       284
 -1       758    7    0    1
 -2       252       433       424
 -1       759    7    0    1
 -2       226       422       382
 -1       760    7    0    1
 -2       175       432       376
 -1       761    7    0    1
 -2       424       433       256
 -1       762    7    0    1
 -2       388       417       231
 -1       763    7    0    1
 -2       256       433       257
 -1       764    7    0    1
 -2       219       238       236
 -1       765    7    0    1
 -2       372       376       285
 -3
    1PSTEP                         1           1           1          
  100CL  101 1.000000000         433                     0    1           1
 -4  DISP        4    1
 -5  D1          1    2    1    0
 -5  D2          1    2    2    0
 -5  D3          1    2    3    0
 -5  ALL         1    2    0    0    1ALL
 -1         1 1.73787E-03-1.54327E-04 0.00000E+00
 -1         2 0.00000E+00 0.00000E+00 0.00000E+00
 -1         3 1.93854E-03-2.53014E-04 0.00000E+00
 -1         4 0.00000E+00 0.00000E+00 0.00000E+00
 -1         5 2.35231E-03-4.76842E-04 0.00000E+00
 -1         6 1.73879E-03-1.89155E-04 0.00000E+00
 -1         7 1.72366E-03-2.22872E-04 0.00000E+00
 -1         8 1.69264E-03-2.55426E-04 0.00000E+00
 -1         9 1.64633E-03-2.86500E-04 0.00000E+00
 -1        10 1.58478E-03-3.16155E-04 0.00000E+00
 -1        11 1.51023E-03-3.42528E-04 0.00000E+00
 -1        12 1.42473E-03-3.62666E-04 0.00000E+00
 -1        13 1.33086E-03-3.74886E-04 0.00000E+00
 -1        14 1.23166E-03-3.76593E-04 0.00000E+00
 -1        15 1.13228E-03-3.70104E-04 0.00000E+00
 -1        16 1.02938E-03-3.47843E-04 0.00000E+00
 -1        17 9.35358E-04-3.22596E-04 0.00000E+00
 -1        18 8.49351E-04-2.89429E-04 0.00000E+00
 -1        19 7.74521E-04-2.52950E-04 0.00000E+00
 -1        20 7.10387E-04-2.14990E-04 0.00000E+00
 -1        21 6.61207E-04-1.77234E-04 0.00000E+00
 -1        22 6.26615E-04-1.40407E-04 0.00000E+00
 -1        23 6.07623E-04-1.03617E-04 0.00000E+00
 -1        24 6.05435E-04-6.81368E-05 0.00000E+00
 -1        25 6.19108E-04-3.52010E-05 0.00000E+00
 -1        26 6.47780E-04-5.33887E-06 0.00000E+00
 -1        27 6.91295E-04 2.26022E-05 0.00000E+00
 -1        28 7.47703E-04 4.70986E-05 0.00000E+00
 -1        29 8.15841E-04 6.75949E-05 0.00000E+00
 -1        30 8.93374E-04 8.33450E-05 0.00000E+00
 -1        31 9.78076E-04 9.24396E-05 0.00000E+00
 -1        32 1.06740E-03 9.42469E-05 0.00000E+00
 -1        33 1.15977E-03 9.00212E-05 0.00000E+00
 -1        34 1.25264E-03 7.93890E-05 0.00000E+00
 -1        35 1.34304E-03 6.25823E-05 0.00000E+00
 -1        36 1.42928E-03 4.02166E-05 0.00000E+00
 -1        37 1.50910E-03 1.22960E-05 0.00000E+00
 -1        38 1.57902E-03-1.86699E-05 0.00000E+00
 -1        39 1.63986E-03-4.92614E-05 0.00000E+00
 -1        40 1.68694E-03-8.26194E-05 0.00000E+00
 -1        41 1.72049E-03-1.18420E-04 0.00000E+00
 -1        42 1.12560E-04 6.31553E-05 0.00000E+00
 -1        43 2.05244E-04 9.37658E-05 0.00000E+00
 -1        44 2.95673E-04 1.12764E-04 0.00000E+00
 -1        45 3.87783E-04 1.25305E-04 0.00000E+00
 -1        46 4.82807E-04 1.35483E-04 0.00000E+00
 -1        47 5.80535E-04 1.46690E-04 0.00000E+00
 -1        48 6.79409E-04 1.60747E-04 0.00000E+00
 -1        49 7.76679E-04 1.78963E-04 0.00000E+00
 -1        50 8.68327E-04 1.97227E-04 0.00000E+00
 -1        51 9.51428E-04 2.08671E-04 0.00000E+00
 -1        52 1.02706E-03 2.04511E-04 0.00000E+00
 -1        53 1.10200E-03 1.79718E-04 0.00000E+00
 -1        54 1.18202E-03 1.37176E-04 0.00000E+00
 -1        55 1.27042E-03 8.39810E-05 0.00000E+00
 -1        56 1.36611E-03 2.86563E-05 0.00000E+00
 -1        57 1.46541E-03-2.41710E-05 0.00000E+00
 -1        58 1.56493E-03-7.34811E-05 0.00000E+00
 -1        59 1.66244E-03-1.18601E-04 0.00000E+00
 -1        60 1.75674E-03-1.62327E-04 0.00000E+00
 -1        61 1.84832E-03-2.06725E-04 0.00000E+00
 -1        62 0.00000E+00 0.00000E+00 0.00000E+00
 -1        63 0.00000E+00 0.00000E+00 0.00000E+00
 -1        64 0.00000E+00 0.00000E+00 0.00000E+00
 -1        65 0.00000E+00 0.00000E+00 0.00000E+00
 -1        66 0.00000E+00 0.00000E+00 0.00000E+00
 -1        67 0.00000E+00 0.00000E+00 0.00000E+00
 -1        68 0.00000E+00 0.00000E+00 0.00000E+00
 -1        69 0.00000E+00 0.00000E+00 0.00000E+00
 -1        70 0.00000E+00 0.00000E+00 0.00000E+00
 -1        71 0.00000E+00 0.00000E+00 0.00000E+00
 -1        72 1.98619E-03-2.80374E-04 0.00000E+00
 -1        73 2.03581E-03-3.06201E-04 0.00000E+00
 -1        74 2.08602E-03-3.29147E-04 0.00000E+00
 -1        75 2.13480E-03-3.48439E-04 0.00000E+00
 -1        76 2.18005E-03-3.64123E-04 0.00000E+00
 -1        77 2.21988E-03-3.77388E-04 0.00000E+00
 -1        78 2.25315E-03-3.90289E-04 0.00000E+00
 -1        79 2.27994E-03-4.05562E-04 0.00000E+00
 -1        80 2.30299E-03-4.25192E-04 0.00000E+00
 -1        81 2.32630E-03-4.49595E-04 0.00000E+00
 -1        82 2.26192E-03-4.49124E-04 0.00000E+00
 -1        83 2.16896E-03-4.18281E-04 0.00000E+00
 -1        84 2.07010E-03-3.84727E-04 0.00000E+00
 -1        85 1.96178E-03-3.52987E-04 0.00000E+00
 -1        86 1.84296E-03-3.31251E-04 0.00000E+00
 -1        87 1.70961E-03-3.22879E-04 0.00000E+00
 -1        88 1.57034E-03-3.45117E-04 0.00000E+00
 -1        89 1.43457E-03-3.93575E-04 0.00000E+00
 -1        90 1.32202E-03-4.46907E-04 0.00000E+00
 -1        91 1.23320E-03-4.44028E-04 0.00000E+00
 -1        92 1.13755E-03-3.82091E-04 0.00000E+00
 -1        93 1.01427E-03-2.87731E-04 0.00000E+00
 -1        94 8.75348E-04-2.09848E-04 0.00000E+00
 -1        95 7.37322E-04-1.62583E-04 0.00000E+00
 -1        96 6.10916E-04-1.38284E-04 0.00000E+00
 -1        97 4.97471E-04-1.26261E-04 0.00000E+00
 -1        98 3.93949E-04-1.18831E-04 0.00000E+00
 -1        99 2.97731E-04-1.08123E-04 0.00000E+00
 -1       100 2.05747E-04-9.15211E-05 0.00000E+00
 -1       101 1.12091E-04-6.24274E-05 0.00000E+00
 -1       102 6.05840E-04-6.19805E-05 0.00000E+00
 -1       103 1.65815E-03-9.96296E-05 0.00000E+00
 -1       104 1.74710E-03-1.71938E-04 0.00000E+00
 -1       105 7.39790E-04 1.24085E-05 0.00000E+00
 -1       106 6.29847E-05-6.08200E-07 0.00000E+00
 -1       107 5.20328E-04 1.13484E-04 0.00000E+00
 -1       108 1.42971E-03 1.04354E-05 0.00000E+00
 -1       109 2.08292E-03-3.20249E-04 0.00000E+00
 -1       110 8.77041E-04 6.70668E-05 0.00000E+00
 -1       111 6.11441E-04-1.04795E-04 0.00000E+00
 -1       112 1.03558E-03 1.06864E-04 0.00000E+00
 -1       113 1.18763E-03 9.99375E-05 0.00000E+00
 -1       114 1.70683E-03-2.15028E-04 0.00000E+00
 -1       115 1.59608E-03-2.75920E-04 0.00000E+00
 -1       116 7.05270E-04-1.65362E-04 0.00000E+00
 -1       117 8.55901E-04-2.41472E-04 0.00000E+00
 -1       118 5.20921E-04-1.03299E-04 0.00000E+00
 -1       119 1.45974E-03-2.45041E-05 0.00000E+00
 -1       120 1.89385E-03-3.07976E-04 0.00000E+00
 -1       121 8.16497E-04 1.64718E-04 0.00000E+00
 -1       122 1.17135E-03 1.39385E-04 0.00000E+00
 -1       123 9.96476E-04 1.90211E-04 0.00000E+00
 -1       124 2.19158E-03-3.71452E-04 0.00000E+00
 -1       125 7.57289E-04-1.47832E-04 0.00000E+00
 -1       126 6.75537E-05-8.93095E-06 0.00000E+00
 -1       127 6.67916E-05 8.61569E-06 0.00000E+00
 -1       128 3.32364E-04-8.78811E-05 0.00000E+00
 -1       129 1.65719E-03-1.22417E-04 0.00000E+00
 -1       130 3.26990E-04 9.62575E-05 0.00000E+00
 -1       131 1.44295E-03-3.48182E-04 0.00000E+00
 -1       132 1.67352E-03-2.85495E-04 0.00000E+00
 -1       133 1.01718E-03-3.36006E-04 0.00000E+00
 -1       134 1.27873E-03-3.93513E-04 0.00000E+00
 -1       135 2.10253E-03-3.79898E-04 0.00000E+00
 -1       136 1.98367E-03-2.77775E-04 0.00000E+00
 -1       137 1.01075E-03-2.92903E-04 0.00000E+00
 -1       138 1.40733E-03-3.83660E-04 0.00000E+00
 -1       139 7.21101E-05-2.34076E-05 0.00000E+00
 -1       140 7.70263E-05 2.60699E-05 0.00000E+00
 -1       141 1.84306E-03-2.07975E-04 0.00000E+00
 -1       142 2.22364E-03-4.08476E-04 0.00000E+00
 -1       143 1.50167E-03-2.55221E-05 0.00000E+00
 -1       144 1.44471E-03-2.19073E-05 0.00000E+00
 -1       145 1.36422E-03 2.21740E-05 0.00000E+00
 -1       146 1.39136E-03-4.28089E-06 0.00000E+00
 -1       147 1.30048E-03 4.63921E-05 0.00000E+00
 -1       148 1.36987E-03-7.67473E-07 0.00000E+00
 -1       149 1.47602E-03-5.70141E-05 0.00000E+00
 -1       150 1.47463E-03-6.35310E-05 0.00000E+00
 -1       151 1.26178E-03 6.59534E-05 0.00000E+00
 -1       152 1.59871E-03-1.24945E-04 0.00000E+00
 -1       153 1.59884E-03-1.26248E-04 0.00000E+00
 -1       154 1.70459E-03-1.70497E-04 0.00000E+00
 -1       155 1.71283E-03-1.73600E-04 0.00000E+00
 -1       156 1.79614E-03-2.04970E-04 0.00000E+00
 -1       157 1.81506E-03-2.12350E-04 0.00000E+00
 -1       158 1.88016E-03-2.37146E-04 0.00000E+00
 -1       159 1.85286E-03-2.24220E-04 0.00000E+00
 -1       160 1.92714E-03-2.58066E-04 0.00000E+00
 -1       161 1.73785E-03-1.78990E-04 0.00000E+00
 -1       162 1.49513E-03-6.76147E-05 0.00000E+00
 -1       163 1.96560E-03-2.72772E-04 0.00000E+00
 -1       164 1.84221E-03-2.20519E-04 0.00000E+00
 -1       165 1.76878E-03-1.87006E-04 0.00000E+00
 -1       166 1.88106E-03-2.43770E-04 0.00000E+00
 -1       167 1.81676E-03-2.12692E-04 0.00000E+00
 -1       168 2.00881E-03-2.95857E-04 0.00000E+00
 -1       169 1.65618E-03-1.37944E-04 0.00000E+00
 -1       170 1.87355E-03-2.30357E-04 0.00000E+00
 -1       171 1.94163E-03-2.60303E-04 0.00000E+00
 -1       172 1.78646E-03-1.89602E-04 0.00000E+00
 -1       173 1.81645E-03-2.36124E-04 0.00000E+00
 -1       174 1.75392E-03-2.10443E-04 0.00000E+00
 -1       175 1.71462E-03-1.68373E-04 0.00000E+00
 -1       176 1.77810E-03-1.92223E-04 0.00000E+00
 -1       177 2.05054E-03-3.09681E-04 0.00000E+00
 -1       178 1.56065E-03-6.70979E-05 0.00000E+00
 -1       179 1.18811E-03 1.06410E-04 0.00000E+00
 -1       180 1.15804E-03 1.20625E-04 0.00000E+00
 -1       181 1.07260E-03 1.34077E-04 0.00000E+00
 -1       182 1.06025E-03 1.47041E-04 0.00000E+00
 -1       183 9.73482E-04 1.27914E-04 0.00000E+00
 -1       184 1.22830E-03 9.21685E-05 0.00000E+00
 -1       185 9.66841E-04 1.51595E-04 0.00000E+00
 -1       186 8.74411E-04 1.15274E-04 0.00000E+00
 -1       187 8.67376E-04 7.72427E-05 0.00000E+00
 -1       188 7.68706E-04 6.68333E-05 0.00000E+00
 -1       189 7.37867E-04 1.78141E-05 0.00000E+00
 -1       190 6.55757E-04 2.58804E-05 0.00000E+00
 -1       191 6.18664E-04-1.65083E-05 0.00000E+00
 -1       192 5.52104E-04 1.47717E-06 0.00000E+00
 -1       193 5.28183E-04-2.70926E-05 0.00000E+00
 -1       194 4.66005E-04-1.00960E-05 0.00000E+00
 -1       195 4.59764E-04-2.96043E-05 0.00000E+00
 -1       196 3.93921E-04-1.53640E-05 0.00000E+00
 -1       197 3.97163E-04 3.90818E-06 0.00000E+00
 -1       198 4.02744E-04-3.02789E-05 0.00000E+00
 -1       199 5.17167E-04-4.52643E-05 0.00000E+00
 -1       200 3.29532E-04-1.90983E-05 0.00000E+00
 -1       201 3.45287E-04-3.38180E-05 0.00000E+00
 -1       202 5.76088E-04 3.72889E-05 0.00000E+00
 -1       203 4.22928E-04-4.46468E-05 0.00000E+00
 -1       204 2.66683E-04-2.28306E-05 0.00000E+00
 -1       205 2.55370E-04-9.37765E-06 0.00000E+00
 -1       206 2.85392E-04-3.82392E-05 0.00000E+00
 -1       207 1.91450E-04-1.29539E-05 0.00000E+00
 -1       208 6.69631E-04-3.11244E-05 0.00000E+00
 -1       209 7.75936E-04 1.06679E-04 0.00000E+00
 -1       210 1.82420E-04-2.22707E-06 0.00000E+00
 -1       211 2.50426E-04 4.46135E-06 0.00000E+00
 -1       212 1.77658E-04 8.77297E-06 0.00000E+00
 -1       213 2.49740E-04 2.04127E-05 0.00000E+00
 -1       214 1.27379E-03 6.93841E-05 0.00000E+00
 -1       215 1.89343E-03-2.70388E-04 0.00000E+00
 -1       216 9.72150E-04 1.05048E-04 0.00000E+00
 -1       217 1.73521E-03-1.93450E-04 0.00000E+00
 -1       218 1.72510E-03-1.97273E-04 0.00000E+00
 -1       219 1.68126E-03-2.15589E-04 0.00000E+00
 -1       220 1.73662E-03-1.49641E-04 0.00000E+00
 -1       221 1.11183E-03 1.09670E-04 0.00000E+00
 -1       222 7.66739E-04-1.99849E-04 0.00000E+00
 -1       223 7.50732E-04-1.61853E-04 0.00000E+00
 -1       224 6.85152E-04-1.28173E-04 0.00000E+00
 -1       225 7.18479E-04-1.30547E-04 0.00000E+00
 -1       226 8.04148E-04-1.69899E-04 0.00000E+00
 -1       227 6.42722E-04-9.40092E-05 0.00000E+00
 -1       228 7.06715E-04-1.11042E-04 0.00000E+00
 -1       229 8.09402E-04-1.62977E-04 0.00000E+00
 -1       230 6.09011E-04-7.46236E-05 0.00000E+00
 -1       231 5.88766E-04-7.04472E-05 0.00000E+00
 -1       232 6.34799E-04-8.72631E-05 0.00000E+00
 -1       233 5.41567E-04-5.89674E-05 0.00000E+00
 -1       234 5.60512E-04-7.50439E-05 0.00000E+00
 -1       235 1.66084E-03-2.40344E-04 0.00000E+00
 -1       236 1.61733E-03-2.50023E-04 0.00000E+00
 -1       237 1.55032E-03-2.82054E-04 0.00000E+00
 -1       238 1.61279E-03-2.46820E-04 0.00000E+00
 -1       239 1.52314E-03-2.96332E-04 0.00000E+00
 -1       240 1.60089E-03-2.72139E-04 0.00000E+00
 -1       241 5.97974E-04-8.26770E-05 0.00000E+00
 -1       242 5.94994E-04-7.26251E-05 0.00000E+00
 -1       243 6.11781E-04-5.96057E-05 0.00000E+00
 -1       244 5.93543E-04-6.34023E-05 0.00000E+00
 -1       245 5.98882E-04-8.60993E-05 0.00000E+00
 -1       246 5.84591E-04-4.74328E-05 0.00000E+00
 -1       247 1.20242E-03-3.94713E-04 0.00000E+00
 -1       248 1.24728E-03-4.06075E-04 0.00000E+00
 -1       249 1.18537E-03-3.99515E-04 0.00000E+00
 -1       250 1.31902E-03-3.94147E-04 0.00000E+00
 -1       251 1.23499E-03-4.16425E-04 0.00000E+00
 -1       252 1.16494E-03-3.97230E-04 0.00000E+00
 -1       253 9.40575E-04-2.95350E-04 0.00000E+00
 -1       254 1.00748E-03-3.13110E-04 0.00000E+00
 -1       255 9.41477E-04-2.71005E-04 0.00000E+00
 -1       256 1.07794E-03-3.56502E-04 0.00000E+00
 -1       257 1.05432E-03-3.34509E-04 0.00000E+00
 -1       258 8.05408E-04 4.01194E-05 0.00000E+00
 -1       259 7.79647E-04 1.49163E-05 0.00000E+00
 -1       260 8.47536E-04 4.50083E-05 0.00000E+00
 -1       261 8.16837E-04 3.06505E-05 0.00000E+00
 -1       262 1.70494E-03-1.25205E-04 0.00000E+00
 -1       263 6.82284E-04-1.43536E-05 0.00000E+00
 -1       264 7.17142E-04-1.44903E-05 0.00000E+00
 -1       265 6.62578E-04-3.79929E-05 0.00000E+00
 -1       266 9.53500E-04 9.17044E-05 0.00000E+00
 -1       267 9.27815E-04 8.03047E-05 0.00000E+00
 -1       268 6.51940E-04-1.32847E-04 0.00000E+00
 -1       269 6.27738E-04-1.02875E-04 0.00000E+00
 -1       270 1.52413E-03-3.10039E-04 0.00000E+00
 -1       271 1.75300E-04 2.14170E-05 0.00000E+00
 -1       272 2.51562E-04 3.92812E-05 0.00000E+00
 -1       273 3.29144E-04 3.57149E-05 0.00000E+00
 -1       274 1.74508E-04 3.66324E-05 0.00000E+00
 -1       275 3.37531E-04 5.91610E-05 0.00000E+00
 -1       276 4.15529E-04 5.45037E-05 0.00000E+00
 -1       277 1.91352E-03-2.45218E-04 0.00000E+00
 -1       278 1.83300E-03-2.07343E-04 0.00000E+00
 -1       279 1.06995E-03 1.17796E-04 0.00000E+00
 -1       280 1.00292E-03 1.06019E-04 0.00000E+00
 -1       281 1.14515E-03 1.14857E-04 0.00000E+00
 -1       282 1.74960E-03-1.67743E-04 0.00000E+00
 -1       283 1.72458E-03-1.51661E-04 0.00000E+00
 -1       284 1.67935E-03-1.32326E-04 0.00000E+00
 -1       285 1.62095E-03-1.03119E-04 0.00000E+00
 -1       286 1.74710E-03-1.81726E-04 0.00000E+00
 -1       287 1.78525E-03-1.95194E-04 0.00000E+00
 -1       288 2.11042E-03-3.42101E-04 0.00000E+00
 -1       289 2.04304E-03-3.21952E-04 0.00000E+00
 -1       290 2.13311E-03-3.63715E-04 0.00000E+00
 -1       291 9.11279E-04-2.27704E-04 0.00000E+00
 -1       292 4.25718E-04 8.23437E-05 0.00000E+00
 -1       293 5.08946E-04 7.94732E-05 0.00000E+00
 -1       294 6.08676E-04 1.08367E-04 0.00000E+00
 -1       295 6.34416E-04-4.10917E-05 0.00000E+00
 -1       296 1.47529E-03-3.22491E-04 0.00000E+00
 -1       297 1.39817E-03-3.62860E-04 0.00000E+00
 -1       298 1.80296E-03-2.67056E-04 0.00000E+00
 -1       299 1.97758E-03-3.13100E-04 0.00000E+00
 -1       300 1.13463E-03-3.80589E-04 0.00000E+00
 -1       301 5.95139E-04 7.52486E-05 0.00000E+00
 -1       302 1.62268E-03-1.29851E-04 0.00000E+00
 -1       303 1.53548E-03-7.88805E-05 0.00000E+00
 -1       304 1.41349E-03-1.23716E-05 0.00000E+00
 -1       305 1.58036E-03-9.37802E-05 0.00000E+00
 -1       306 1.35968E-03 8.81152E-06 0.00000E+00
 -1       307 1.44974E-03-2.49003E-05 0.00000E+00
 -1       308 1.34069E-03 3.72277E-05 0.00000E+00
 -1       309 1.57161E-03-8.29633E-05 0.00000E+00
 -1       310 1.67119E-03-1.34210E-04 0.00000E+00
 -1       311 6.89218E-04 1.08363E-04 0.00000E+00
 -1       312 1.74074E-03-1.90932E-04 0.00000E+00
 -1       313 1.36206E-03-3.77232E-04 0.00000E+00
 -1       314 1.35512E-03-3.90440E-04 0.00000E+00
 -1       315 8.67645E-04 1.48906E-04 0.00000E+00
 -1       316 1.34604E-03 4.86774E-05 0.00000E+00
 -1       317 2.00253E-03-2.86702E-04 0.00000E+00
 -1       318 2.08773E-03-3.22506E-04 0.00000E+00
 -1       319 1.04014E-03 1.18761E-04 0.00000E+00
 -1       320 1.90949E-03-2.48768E-04 0.00000E+00
 -1       321 1.95706E-03-2.81649E-04 0.00000E+00
 -1       322 1.98178E-03-2.75838E-04 0.00000E+00
 -1       323 4.96528E-04 4.73560E-05 0.00000E+00
 -1       324 1.72283E-03-2.47072E-04 0.00000E+00
 -1       325 4.70541E-04-4.23181E-05 0.00000E+00
 -1       326 4.80966E-04 1.63772E-05 0.00000E+00
 -1       327 3.23377E-04-3.85534E-06 0.00000E+00
 -1       328 3.71328E-04-5.09685E-05 0.00000E+00
 -1       329 3.10004E-04-5.86533E-05 0.00000E+00
 -1       330 2.22063E-04-4.13989E-05 0.00000E+00
 -1       331 4.18609E-04-7.57211E-05 0.00000E+00
 -1       332 4.66501E-04-6.19609E-05 0.00000E+00
 -1       333 2.05407E-04-2.53301E-05 0.00000E+00
 -1       334 3.24496E-04 1.42673E-05 0.00000E+00
 -1       335 2.65387E-04 6.52271E-05 0.00000E+00
 -1       336 1.72697E-04 5.47120E-05 0.00000E+00
 -1       337 4.05704E-04 2.77649E-05 0.00000E+00
 -1       338 2.39991E-04-6.28417E-05 0.00000E+00
 -1       339 1.48898E-04-3.78962E-05 0.00000E+00
 -1       340 6.29609E-05 3.35324E-06 0.00000E+00
 -1       341 7.07076E-05 1.57754E-05 0.00000E+00
 -1       342 7.07388E-05-1.50838E-05 0.00000E+00
 -1       343 2.21291E-03-3.89769E-04 0.00000E+00
 -1       344 6.40557E-05-4.35839E-06 0.00000E+00
 -1       345 2.03123E-03-2.98822E-04 0.00000E+00
 -1       346 6.76769E-04 6.77552E-05 0.00000E+00
 -1       347 1.44190E-03-3.43607E-04 0.00000E+00
 -1       348 1.30466E-03-4.20515E-04 0.00000E+00
 -1       349 2.03869E-03-3.00489E-04 0.00000E+00
 -1       350 9.09462E-04 1.83466E-04 0.00000E+00
 -1       351 1.08373E-03 1.74954E-04 0.00000E+00
 -1       352 1.15150E-03 1.38703E-04 0.00000E+00
 -1       353 6.37095E-04-1.18042E-04 0.00000E+00
 -1       354 7.08295E-04 1.40615E-04 0.00000E+00
 -1       355 1.52931E-03-3.28114E-04 0.00000E+00
 -1       356 8.76511E-04-2.01445E-04 0.00000E+00
 -1       357 1.74940E-03-1.64191E-04 0.00000E+00
 -1       358 1.74224E-03-1.68249E-04 0.00000E+00
 -1       359 1.52380E-04-5.80306E-05 0.00000E+00
 -1       360 1.24492E-03 9.26562E-05 0.00000E+00
 -1       361 1.39932E-04-2.34578E-05 0.00000E+00
 -1       362 1.04994E-03 1.66274E-04 0.00000E+00
 -1       363 1.94273E-03-2.58021E-04 0.00000E+00
 -1       364 2.19217E-03-4.12091E-04 0.00000E+00
 -1       365 1.26862E-03 7.83205E-05 0.00000E+00
 -1       366 1.21016E-03 9.62157E-05 0.00000E+00
 -1       367 6.26570E-04-4.91988E-05 0.00000E+00
 -1       368 1.35733E-03 3.26578E-05 0.00000E+00
 -1       369 1.31705E-04-1.32663E-05 0.00000E+00
 -1       370 4.20750E-04 1.06993E-04 0.00000E+00
 -1       371 2.13219E-03-3.40427E-04 0.00000E+00
 -1       372 1.56879E-03-9.50716E-05 0.00000E+00
 -1       373 4.33821E-04-1.02235E-04 0.00000E+00
 -1       374 1.69677E-03-2.14580E-04 0.00000E+00
 -1       375 1.10095E-03-3.63090E-04 0.00000E+00
 -1       376 1.64831E-03-1.35357E-04 0.00000E+00
 -1       377 1.26103E-03 8.94626E-05 0.00000E+00
 -1       378 2.39111E-04 8.34083E-05 0.00000E+00
 -1       379 1.25280E-04-5.23433E-06 0.00000E+00
 -1       380 2.00586E-03-3.45528E-04 0.00000E+00
 -1       381 1.78318E-03-2.98184E-04 0.00000E+00
 -1       382 8.88530E-04-2.26871E-04 0.00000E+00
 -1       383 8.78834E-04 6.14372E-05 0.00000E+00
 -1       384 2.06130E-03-3.45939E-04 0.00000E+00
 -1       385 2.17158E-03-3.58183E-04 0.00000E+00
 -1       386 1.42782E-04 6.11497E-05 0.00000E+00
 -1       387 6.44513E-04-1.01409E-04 0.00000E+00
 -1       388 5.87022E-04-7.27382E-05 0.00000E+00
 -1       389 7.59387E-04 4.95372E-06 0.00000E+00
 -1       390 1.21067E-04 2.23211E-06 0.00000E+00
 -1       391 1.69476E-03-1.50004E-04 0.00000E+00
 -1       392 2.45595E-04-8.36103E-05 0.00000E+00
 -1       393 1.09856E-03 1.24010E-04 0.00000E+00
 -1       394 5.61346E-04-5.90821E-05 0.00000E+00
 -1       395 5.67062E-04-5.87828E-05 0.00000E+00
 -1       396 4.89556E-04-5.45643E-05 0.00000E+00
 -1       397 1.20035E-04 1.02829E-05 0.00000E+00
 -1       398 1.49950E-03-3.25535E-04 0.00000E+00
 -1       399 6.21135E-04 1.34003E-04 0.00000E+00
 -1       400 5.36692E-04-8.46782E-05 0.00000E+00
 -1       401 1.74228E-03-1.64720E-04 0.00000E+00
 -1       402 1.21647E-03-4.30413E-04 0.00000E+00
 -1       403 7.69450E-04 1.32609E-04 0.00000E+00
 -1       404 7.40240E-04-1.29383E-04 0.00000E+00
 -1       405 1.31611E-03 4.39560E-05 0.00000E+00
 -1       406 1.50862E-03-5.67647E-05 0.00000E+00
 -1       407 8.16363E-04 3.84905E-05 0.00000E+00
 -1       408 2.12428E-03-3.41194E-04 0.00000E+00
 -1       409 2.14252E-03-3.82187E-04 0.00000E+00
 -1       410 1.89871E-03-2.37317E-04 0.00000E+00
 -1       411 6.75496E-05-3.03734E-05 0.00000E+00
 -1       412 2.26601E-03-4.36826E-04 0.00000E+00
 -1       413 1.20376E-04 2.01929E-05 0.00000E+00
 -1       414 1.90688E-03-2.38710E-04 0.00000E+00
 -1       415 1.76154E-03-1.82494E-04 0.00000E+00
 -1       416 6.65489E-05 3.01520E-05 0.00000E+00
 -1       417 6.05264E-04-8.45157E-05 0.00000E+00
 -1       418 9.56307E-04 1.72251E-04 0.00000E+00
 -1       419 3.55375E-04 8.13265E-05 0.00000E+00
 -1       420 1.13011E-03 1.36928E-04 0.00000E+00
 -1       421 1.29108E-03-4.08923E-04 0.00000E+00
 -1       422 8.15306E-04-1.97958E-04 0.00000E+00
 -1       423 6.34587E-04-4.82164E-05 0.00000E+00
 -1       424 1.13668E-03-3.82177E-04 0.00000E+00
 -1       425 1.81670E-03-1.97849E-04 0.00000E+00
 -1       426 1.68181E-03-2.34428E-04 0.00000E+00
 -1       427 1.20584E-04 3.17941E-05 0.00000E+00
 -1       428 1.76042E-03-1.78979E-04 0.00000E+00
 -1       429 9.82546E-04-2.82405E-04 0.00000E+00
 -1       430 1.07710E-03-3.61394E-04 0.00000E+00
 -1       431 1.61180E-03-6.99135E-05 0.00000E+00
 -1       432 1.70505E-03-1.53275E-04 0.00000E+00
 -1       433 1.11052E-03-3.69348E-04 0.00000E+00
 -3
    1PSTEP                         2           1           1          
  100CL  101 1.000000000         433                     0    1           1
 -4  STRESS      6    1
 -5  SXX         1    4    1    1
 -5  SYY         1    4    2    2
 -5  SZZ         1    4    3    3
 -5  SXY         1    4    1    2
 -5  SYZ         1    4    2    3
 -5  SZX         1    4    3    1
 -1         1-1.41176E-01-2.63206E+00-2.02515E-01 4.87520E-02-6.24500E-17 8.04912E-16
 -1         2 2.92744E+00 5.99777E-01 2.83188E-02 4.34119E-01 8.67362E-18 1.38778E-17
 -1         3 2.42544E+00 7.28615E-03-3.35878E-04 4.87977E-03-3.11058E-16 1.91877E-15
 -1         4 2.91664E+00 5.99774E-01 2.71915E-02-4.28812E-01-1.12757E-16 1.24900E-16
 -1         5 2.43625E+00 1.38555E-02-3.28690E-04-1.27436E-02-4.09612E-16 5.49419E-16
 -1         6-1.24804E-01-2.41345E+00-1.89796E-01 1.74079E-01 4.64906E-16 1.90126E-15
 -1         7 4.44744E-02-1.79289E+00-1.54388E-01 1.53280E-01-1.40860E-15-1.04083E-17
 -1         8 4.53126E-01-9.93409E-01-1.16553E-01-9.12358E-02-1.33227E-15-9.33281E-16
 -1         9 1.29618E+00-1.43112E-01-3.86476E-02-5.73690E-01-1.66533E-16 8.11851E-16
 -1        10 2.54836E+00 4.55385E-01 2.90956E-02-1.07365E+00-1.66533E-16-1.29063E-15
 -1        11 4.18702E+00 8.40130E-01 1.33585E-01-1.45721E+00-3.40006E-16 1.13798E-15
 -1        12 5.90804E+00 9.00935E-01 2.12019E-01-1.46819E+00 5.72459E-16 1.29063E-15
 -1        13 7.32985E+00 8.15700E-01 2.80201E-01-1.02029E+00 5.68989E-16 3.53884E-16
 -1        14 7.97217E+00 6.80363E-01 2.77946E-01-2.31949E-01 5.68989E-16-8.56953E-16
 -1        15 7.48831E+00 7.73550E-01 2.47935E-01 6.22166E-01 8.32667E-16-2.08167E-15
 -1        16 6.69630E+00 7.04253E-01 1.93913E-01 1.49011E+00 8.88178E-16-4.27436E-15
 -1        17 5.04894E+00 8.29015E-01 1.37417E-01 1.57151E+00 8.44160E-16-1.51268E-15
 -1        18 3.42446E+00 7.00357E-01 8.27734E-02 1.31158E+00-1.38778E-16 1.16573E-15
 -1        19 1.92946E+00 1.88568E-01-1.33292E-02 8.06761E-01-4.71845E-16 7.00828E-16
 -1        20 8.77451E-01-5.16176E-01-7.40879E-02 3.21806E-01 1.04083E-15-9.02056E-17
 -1        21 2.28188E-01-1.34921E+00-1.36797E-01-4.85924E-02 7.49401E-16-6.45317E-16
 -1        22-7.89405E-02-2.14977E+00-1.88416E-01-1.99804E-01-8.32667E-16 2.77556E-16
 -1        23-1.33453E-01-2.59927E+00-2.00153E-01-1.37263E-01-4.99600E-16 5.75928E-16
 -1        24-1.13878E-01-2.51413E+00-1.90324E-01 1.79071E-02 1.17961E-16-6.93889E-17
 -1        25 6.52212E-03-1.92180E+00-1.57736E-01 6.90464E-02 7.70217E-16 5.82867E-16
 -1        26 3.40452E-01-1.04822E+00-1.03752E-01-1.40902E-01 1.51268E-15 1.49295E-15
 -1        27 9.61099E-01-1.77696E-01-4.99921E-02-5.22652E-01-9.29812E-16 2.49800E-16
 -1        28 2.00700E+00 5.21292E-01 2.20429E-02-1.03043E+00-8.04912E-16-4.57967E-16
 -1        29 3.38937E+00 8.82172E-01 9.24419E-02-1.45640E+00-2.70617E-16-1.40166E-15
 -1        30 4.91780E+00 1.00840E+00 1.72947E-01-1.60441E+00-1.38778E-16 3.74700E-16
 -1        31 6.33935E+00 9.34981E-01 2.37772E-01-1.32505E+00 4.23273E-16 1.83187E-15
 -1        32 7.24904E+00 7.26235E-01 2.49596E-01-6.54788E-01 9.71445E-17-4.09395E-16
 -1        33 7.44298E+00 6.66509E-01 2.51571E-01 2.01036E-01-3.05311E-16 1.62370E-15
 -1        34 6.89315E+00 8.00384E-01 2.46059E-01 1.00800E+00-4.09395E-16 1.94983E-15
 -1        35 5.67515E+00 9.30710E-01 1.85108E-01 1.50303E+00 2.84495E-16-7.77156E-16
 -1        36 4.20089E+00 9.71035E-01 1.28029E-01 1.57082E+00 3.33067E-16-1.40166E-15
 -1        37 2.71731E+00 7.03288E-01 3.62380E-02 1.29033E+00-4.02456E-16-1.11022E-15
 -1        38 1.47014E+00 9.40209E-02-1.72881E-02 7.83282E-01-8.74301E-16 1.24900E-16
 -1        39 5.57006E-01-5.96958E-01-5.04554E-02 3.36904E-01 1.08247E-15 1.46064E-15
 -1        40 1.34649E-01-1.57652E+00-1.36779E-01-9.29311E-03 1.47105E-15-5.20417E-16
 -1        41-6.08168E-02-2.33053E+00-1.84475E-01-7.07630E-02-9.99201E-16-7.14706E-16
 -1        42 2.73516E+00 1.34390E-01-1.69804E-02 2.15969E-01 1.43115E-17-1.38778E-17
 -1        43 2.49525E+00 4.16098E-02-5.33767E-03 3.53193E-02 5.42101E-17 1.77809E-17
 -1        44 2.47390E+00 1.75187E-02-3.39611E-03-1.30628E-02-9.45424E-17-1.58754E-16
 -1        45 2.51969E+00 4.07260E-03-1.27315E-03-3.06665E-02-8.15320E-17 1.36176E-16
 -1        46 2.57844E+00-5.78373E-03-2.69937E-04-2.88775E-02 5.16622E-17 5.95552E-16
 -1        47 2.62688E+00-1.49013E-02 6.11038E-04-1.00159E-02-2.24430E-17-3.17834E-16
 -1        48 2.62142E+00-2.33445E-02 7.68415E-04 2.10140E-02-4.38424E-17-1.83447E-16
 -1        49 2.54641E+00-2.33538E-02-1.33156E-03 6.24906E-02-2.14672E-17-5.43836E-16
 -1        50 2.39463E+00-5.97544E-03-2.77586E-03 8.62549E-02 5.03070E-17 4.57100E-16
 -1        51 2.21488E+00 2.45413E-02-7.22068E-03 7.36981E-02-1.55258E-16 4.55365E-16
 -1        52 2.12794E+00 4.14184E-02-9.24264E-03 1.34207E-02-7.28584E-17 5.44378E-16
 -1        53 2.17580E+00 3.18457E-02-7.90376E-03-5.34578E-02-7.11237E-17 8.20741E-16
 -1        54 2.32707E+00 6.31878E-03-4.77714E-03-8.98491E-02 3.30465E-16-6.43582E-16
 -1        55 2.49628E+00-1.77949E-02-8.05209E-04-7.67948E-02 8.07514E-16-2.00924E-15
 -1        56 2.61370E+00-2.36002E-02 2.48397E-04-4.00009E-02-2.23061E-16-3.67978E-16
 -1        57 2.65338E+00-2.07787E-02 1.65123E-03-5.03457E-03-8.19657E-16 2.18134E-15
 -1        58 2.61686E+00-1.33421E-02 1.57025E-03 2.61305E-02-5.59665E-16 2.19096E-15
 -1        59 2.55868E+00-3.15884E-04 1.11958E-03 3.55634E-02 5.37764E-16 3.68629E-18
 -1        60 2.48891E+00 6.07782E-03-1.63973E-04 3.00963E-02 1.30877E-15-1.63910E-15
 -1        61 2.43788E+00 8.30673E-03-1.27488E-03 1.60058E-02-7.34005E-17 7.80626E-18
 -1        62 2.56004E+00 6.40621E-01-8.23751E-03-3.35810E-01-2.34188E-17-1.99493E-17
 -1        63 2.41569E+00 6.46341E-01 4.08771E-03-2.19720E-01-3.57787E-17 2.77556E-17
 -1        64 2.32722E+00 6.44907E-01 3.40263E-03-1.33644E-01 2.36356E-17-2.60209E-18
 -1        65 2.26416E+00 6.41084E-01 1.93929E-03-7.47763E-02-4.33681E-18-2.47198E-17
 -1        66 2.23267E+00 6.37665E-01 1.99469E-03-2.89626E-02-1.57209E-18-3.46945E-18
 -1        67 2.23441E+00 6.35967E-01 2.33746E-03 1.54244E-02-6.01732E-18 8.23994E-18
 -1        68 2.26707E+00 6.36373E-01 2.50708E-03 6.83606E-02-5.42101E-18-2.94903E-17
 -1        69 2.32752E+00 6.38941E-01 5.12310E-03 1.37511E-01 5.20417E-18 1.73472E-17
 -1        70 2.41362E+00 6.43865E-01 6.49735E-03 2.29880E-01-5.85469E-18 6.93889E-18
 -1        71 2.55948E+00 6.39615E-01-8.90022E-03 3.38559E-01 1.12757E-17 2.08167E-17
 -1        72 2.42706E+00 2.16814E-02-1.35182E-03 1.67887E-02 1.78134E-16 1.27513E-15
 -1        73 2.42570E+00 7.47143E-02-3.92188E-04 3.26281E-02 3.17454E-16 9.14267E-16
 -1        74 2.42078E+00 1.51155E-01 5.21648E-04 4.19705E-02-5.03070E-16 1.64701E-15
 -1        75 2.41289E+00 2.39603E-01 1.51564E-03 3.92166E-02 2.25080E-16-7.30319E-16
 -1        76 2.40663E+00 3.12098E-01 2.33685E-03 2.46705E-02-4.11346E-16 1.27329E-15
 -1        77 2.40323E+00 3.44819E-01 3.07004E-03 3.15300E-03 1.87404E-16 1.08854E-15
 -1        78 2.40178E+00 3.20388E-01 2.88184E-03-2.33278E-02 2.28983E-16-1.83447E-16
 -1        79 2.40799E+00 2.43409E-01 1.59780E-03-4.83915E-02-4.61870E-17-1.95156E-18
 -1        80 2.42127E+00 1.40370E-01 9.24706E-04-5.47789E-02 1.38995E-16 1.27676E-15
 -1        81 2.43189E+00 3.87359E-02-2.27435E-03-3.50121E-02 4.61003E-16-7.27608E-16
 -1        82 2.45997E+00 1.59042E-02-2.84177E-03-3.01207E-02 1.37911E-16-2.55265E-15
 -1        83 2.56699E+00 2.03741E-02-1.04770E-03-6.46852E-02 1.82437E-16-9.18970E-16
 -1        84 2.73928E+00 2.29276E-02 1.71785E-03-1.03188E-01-5.46004E-16 1.82319E-15
 -1        85 2.95836E+00 1.08952E-02 3.00695E-03-1.34743E-01-4.03323E-16 1.82493E-15
 -1        86 3.28883E+00-4.39479E-03 1.23641E-02-1.28701E-01-5.48173E-16 7.31186E-16
 -1        87 3.47864E+00-6.66023E-02 7.79090E-03-1.09061E-01-5.04805E-16 1.27329E-15
 -1        88 3.59072E+00-1.23381E-01 8.61994E-03 7.26557E-02 2.59341E-16 5.46872E-16
 -1        89 3.38063E+00-8.66749E-02-1.93899E-03 2.63894E-01-8.58688E-17 0.00000E+00
 -1        90 3.00013E+00 9.42873E-02-1.60888E-02 2.13953E-01-1.04083E-16-7.37257E-18
 -1        91 2.52523E+00 2.12896E-01-3.07386E-02-7.06524E-02-4.05925E-16 5.48606E-16
 -1        92 3.15916E+00 5.55718E-02-6.94367E-03-2.98864E-01 2.35922E-16-6.11924E-16
 -1        93 3.50088E+00-1.21519E-01 4.21661E-03-1.92357E-01 3.40006E-16-1.78677E-16
 -1        94 3.56475E+00-9.80327E-02 8.83201E-03 1.11706E-02-2.80158E-16 8.27409E-16
 -1        95 3.40687E+00-2.89771E-02 9.93388E-03 1.12809E-01-1.00614E-16-8.22259E-16
 -1        96 3.11945E+00 8.97007E-03 6.90691E-03 1.31847E-01-5.20417E-18-6.40980E-16
 -1        97 2.84963E+00 1.33641E-02-1.18796E-03 1.16445E-01-2.11636E-16 4.55365E-16
 -1        98 2.68277E+00 1.95376E-02 2.20351E-03 8.01961E-02-1.00614E-16-4.85723E-17
 -1        99 2.53625E+00 2.39453E-02-2.94474E-03 4.01856E-02-7.84962E-17-1.44849E-16
 -1       100 2.52285E+00 4.98472E-02-3.52914E-03-1.68258E-02-2.74954E-16 2.90566E-16
 -1       101 2.75833E+00 1.42653E-01-9.61173E-03-2.09996E-01-1.27502E-16 1.71738E-16
 -1       102 7.56881E-02-1.55086E+00-4.10372E-02-1.47795E-01 3.81639E-16 2.42861E-16
 -1       103 5.26883E-01-9.22892E-01-4.31463E-02 3.80223E-01 3.26128E-16 1.28370E-16
 -1       104 5.43923E-03-1.71908E+00-3.89246E-02 8.48332E-03 1.42247E-16 1.38084E-15
 -1       105 1.74334E+00-8.16679E-02-2.05945E-02-7.97620E-01-1.04083E-15-5.20417E-16
 -1       106 2.23493E+00 5.70436E-01-4.16633E-04-1.07502E-02-1.40404E-17-3.36103E-18
 -1       107 2.60109E+00-1.82095E-02 2.04551E-04-4.08855E-02-4.25007E-17 2.33984E-17
 -1       108 3.41597E+00 4.73503E-01 1.82290E-03 1.09933E+00 8.39606E-16-1.99840E-15
 -1       109 2.39914E+00 2.30529E-01-2.31760E-05 5.48660E-02-4.10967E-16 8.17488E-16
 -1       110 3.82835E+00 4.82275E-01-9.00677E-03-1.10802E+00-4.33681E-17-6.45317E-16
 -1       111 7.15554E-02-1.63322E+00-3.82728E-02 3.00744E-02-1.80411E-16 5.27356E-16
 -1       112 5.74547E+00 6.62044E-01 1.60548E-02-6.53228E-01 1.73472E-16-1.38778E-16
 -1       113 6.01010E+00 6.40128E-01 1.56582E-02 3.90366E-01-1.31839E-16 7.02563E-16
 -1       114 5.42779E-01-1.05058E+00-2.32791E-02-2.47342E-01-1.12410E-15-3.00107E-16
 -1       115 2.14863E+00-1.39294E-01-1.85925E-02-7.53254E-01-3.67761E-16 4.51028E-17
 -1       116 9.32652E-01-7.84562E-01-2.87876E-02 3.91229E-01 5.48173E-16-1.23599E-16
 -1       117 2.96474E+00-4.87637E-03-1.58395E-03 8.01750E-01-3.67761E-16-3.29597E-16
 -1       118 2.83029E+00 3.09398E-02-5.14351E-04 1.88944E-01-1.20563E-16 2.48824E-16
 -1       119 2.64616E+00-5.02102E-02-1.21140E-04-2.05058E-02-4.10913E-16 5.45896E-16
 -1       120 2.86739E+00 5.49624E-03-2.82963E-03-2.39543E-01-6.95624E-16 1.48400E-15
 -1       121 2.56168E+00-2.85360E-02 1.24787E-03 1.15200E-01-3.16587E-17-3.66677E-16
 -1       122 2.41429E+00 4.15373E-02 1.31203E-03-1.12573E-01-4.90059E-17 4.79624E-17
 -1       123 2.35420E+00 7.45934E-02 1.49366E-03 7.51966E-02-2.16840E-17-3.66731E-16
 -1       124 2.38894E+00 2.43877E-01-3.94059E-04-6.04872E-02 1.83013E-16-1.83447E-16
 -1       125 3.24469E+00-8.69069E-02 2.07523E-03 1.68508E-01-6.07153E-18-1.36176E-16
 -1       126 2.30023E+00 5.53479E-01-7.83289E-04-8.91388E-02-1.53550E-17 3.96818E-17
 -1       127 2.30296E+00 5.40230E-01 6.37278E-04 8.40268E-02 1.32815E-17 5.63785E-18
 -1       128 2.58550E+00 4.33366E-02-1.49820E-03 9.62924E-02-7.69784E-17-1.28532E-16
 -1       129 2.56434E+00-1.09392E-02-7.67872E-04 5.62752E-02-2.65060E-16 1.55418E-15
 -1       130 2.52669E+00 2.19662E-02 4.78512E-04-2.98295E-02-6.67869E-17-1.73472E-18
 -1       131 4.52273E+00 4.19375E-01-3.17884E-04-9.58537E-01 6.58328E-16 2.16493E-15
 -1       132 3.25196E+00-1.52990E-01-2.31431E-03-1.55692E-01-1.24900E-16-7.04731E-16
 -1       133 5.18397E+00 4.57899E-01-2.08362E-02 9.68319E-01 6.38378E-16-1.93595E-15
 -1       134 6.34203E+00 6.06974E-01 1.90101E-02-3.63963E-01 4.09395E-16-1.38778E-17
 -1       135 2.59633E+00 3.41995E-02-8.47211E-04-1.29986E-01-3.39355E-16 1.54922E-15
 -1       136 2.42857E+00 9.54395E-02 1.94062E-04 6.43265E-02-2.72677E-16 1.00354E-15
 -1       137 3.54306E+00-1.51931E-01-2.80697E-04-2.47042E-01 1.01752E-16-1.75207E-16
 -1       138 3.55314E+00-4.44691E-02-6.25767E-03 2.99049E-01-1.53523E-16 6.99094E-16
 -1       139 2.51154E+00 4.56347E-01 8.55215E-04-2.30990E-01-3.25803E-17 4.46691E-17
 -1       140 2.52521E+00 4.21387E-01 4.19986E-03 2.29845E-01-7.75205E-18-4.90059E-17
 -1       141 2.46260E+00 1.88646E-02 3.94745E-04 4.76293E-02 2.23888E-16-7.83390E-16
 -1       142 2.44110E+00 7.94407E-02-9.33930E-04-8.85258E-02 2.18135E-16-1.48449E-15
 -1       143 2.44493E+00 1.48142E-01-8.24988E-03 9.34426E-01-7.11237E-17-1.16400E-15
 -1       144 3.28084E+00-1.53251E-01 3.62095E-03 6.50457E-01-2.15106E-16 1.70003E-16
 -1       145 3.95090E+00 1.88294E-01 1.11516E-02 4.71739E-01 2.97505E-16-7.49401E-16
 -1       146 3.61563E+00-1.90185E-01 8.02634E-03 2.90055E-01-5.55816E-16 8.98587E-16
 -1       147 3.82681E+00 1.55576E-01-2.28241E-03 4.43727E-02 2.69750E-16 1.94289E-16
 -1       148 3.43245E+00-2.53728E-01 4.85390E-03 8.19894E-02-5.20417E-18 1.00614E-16
 -1       149 3.01297E+00-5.06167E-01-1.85363E-03 5.12797E-01-1.05818E-16 7.28584E-17
 -1       150 2.99192E+00-4.75961E-01 6.68961E-04 2.86806E-01-2.54571E-16 3.66027E-16
 -1       151 3.39049E+00 1.66347E-01 1.30765E-03-1.91450E-01-1.47451E-16 6.48787E-16
 -1       152 2.27843E+00-5.49584E-01 2.06884E-03 6.50127E-01 6.93889E-18 6.34041E-16
 -1       153 2.54895E+00-3.90849E-01-9.74667E-04 4.25981E-01-1.73472E-18 1.09765E-15
 -1       154 1.94257E+00-2.14383E-01 2.45629E-03 5.20981E-01 4.85723E-17 9.12465E-16
 -1       155 2.26355E+00-1.58826E-01-7.49374E-04 3.85705E-01-7.80626E-17 8.22476E-16
 -1       156 1.88570E+00 4.20228E-02-3.38079E-04 2.98895E-01 5.47305E-16-1.37043E-15
 -1       157 2.17384E+00 3.25053E-02 1.61646E-04 2.63759E-01-2.39934E-16 7.29451E-16
 -1       158 2.01682E+00 1.64088E-01 9.27694E-04 1.19304E-01 3.39355E-17-7.32487E-16
 -1       159 1.76952E+00 1.63889E-01-4.04780E-04 5.53179E-03 3.49113E-17-9.08995E-16
 -1       160 2.03710E+00 1.96649E-01-5.10864E-05-9.39128E-02-9.12898E-17 1.73472E-18
 -1       161 2.40338E+00-1.01503E-01-2.75752E-04 2.74258E-01-4.28477E-16 1.37005E-15
 -1       162 2.87030E+00-3.52498E-01 4.38491E-04 1.35660E-01 9.36751E-17 2.75821E-16
 -1       163 2.16177E+00 2.00585E-01 9.28131E-05 1.07740E-02 7.30156E-16-1.54911E-15
 -1       164 2.32417E+00 3.76203E-02-1.89275E-04 2.13245E-01-2.57390E-16 7.30752E-16
 -1       165 2.46097E+00-4.49882E-02 1.57803E-03 2.02524E-01-5.57822E-17 1.83528E-16
 -1       166 2.00572E+00 1.38955E-01-1.33311E-03-2.61162E-01-6.07153E-18-5.42535E-16
 -1       167 1.66340E+00 6.90611E-02 4.41487E-03-2.45791E-01-2.64545E-16-8.18789E-16
 -1       168 2.22896E+00 1.98031E-01 7.40084E-04-1.29653E-01 4.51895E-16-1.81279E-16
 -1       169 2.57383E+00-1.58999E-01-4.97379E-04 1.84535E-01-7.94720E-17-5.45191E-16
 -1       170 2.39820E+00 5.48368E-02-3.32002E-04 1.70456E-01-2.26788E-16 8.23777E-16
 -1       171 2.32398E+00 1.30019E-01 2.56565E-04 1.37903E-01 1.70138E-16-7.29885E-16
 -1       172 2.48275E+00-1.02321E-02-1.27188E-03 1.48160E-01-3.00649E-16 1.32972E-15
 -1       173 2.21309E+00-2.41645E-03 1.97671E-03-4.23860E-01-1.83881E-16-2.68448E-16
 -1       174 1.84245E+00-2.57152E-01-4.58413E-03-5.32995E-01-4.68375E-17 5.46438E-16
 -1       175 1.27727E+00-3.56758E-01-1.48350E-03 6.11226E-01-3.25261E-16 1.25767E-15
 -1       176 1.08343E+00-1.15721E-01-5.91473E-03-2.31126E-01 9.86624E-18 9.36751E-17
 -1       177 2.28013E+00 2.12856E-01-2.43081E-04-4.15746E-02 9.08290E-16-1.73776E-15
 -1       178 1.77367E+00-2.78345E-01-4.89778E-03 7.75736E-01-3.81639E-16-2.63678E-16
 -1       179 3.95603E+00 6.59038E-01 5.31599E-03-5.00752E-02 1.45717E-16 5.49907E-16
 -1       180 3.16891E+00 4.60983E-01-2.66444E-03-1.24762E-01-9.97466E-17-1.27719E-16
 -1       181 3.57658E+00 6.12667E-01 5.47202E-03 8.03075E-02 4.51028E-17 1.30972E-16
 -1       182 2.96989E+00 3.90481E-01-1.72692E-03 7.37256E-02 8.93383E-17-9.59302E-16
 -1       183 3.19819E+00 2.30207E-01-7.38140E-04 2.12710E-01-3.29597E-17 2.22912E-16
 -1       184 2.93691E+00 1.35248E-01 1.76624E-03-2.20329E-01-2.16840E-16-3.89012E-16
 -1       185 2.81732E+00 1.54670E-01 5.74771E-05 2.01198E-01 1.02349E-16 3.19623E-16
 -1       186 2.97814E+00-7.74112E-02 1.22337E-04 1.84198E-01-2.86229E-17-4.85723E-17
 -1       187 3.28451E+00-1.99326E-01 2.24226E-03 4.17787E-02-1.81712E-16-4.71845E-16
 -1       188 2.95026E+00-3.17600E-01-1.72383E-03-4.42288E-02 7.11237E-17 4.55799E-16
 -1       189 2.86611E+00-5.01949E-01-8.64033E-05-3.84359E-01 1.02349E-16 3.54751E-16
 -1       190 2.69308E+00-3.34540E-01 6.91192E-04-2.99350E-01 8.67362E-18 4.51028E-17
 -1       191 2.28217E+00-3.23011E-01 2.87844E-03-5.25947E-01 5.46438E-17-1.84314E-16
 -1       192 2.35814E+00-1.58889E-01-9.90324E-04-3.63039E-01 3.07913E-17 4.61870E-17
 -1       193 1.96217E+00-2.69363E-02 1.02001E-03-3.73045E-01 0.00000E+00 6.85216E-17
 -1       194 2.15947E+00 4.82187E-02-8.96197E-05-2.61283E-01-3.03577E-18-4.42354E-17
 -1       195 1.92991E+00 1.71181E-01-9.81048E-04-1.36806E-01-7.13405E-17-9.06393E-17
 -1       196 2.12091E+00 1.99223E-01-3.82751E-05-1.22034E-01-1.14925E-17-8.67362E-17
 -1       197 2.27061E+00 1.14563E-01-1.26285E-04-1.81788E-01 3.70797E-17 1.85182E-16
 -1       198 2.07288E+00 2.57545E-01 8.87303E-04 1.50965E-02 1.88651E-17-4.20670E-17
 -1       199 1.59114E+00 1.22318E-01-1.12051E-03-9.50010E-02 2.92735E-18-6.07153E-17
 -1       200 2.18186E+00 2.79620E-01-4.96201E-05-2.17809E-02-1.68593E-17 3.43042E-16
 -1       201 2.21418E+00 2.65366E-01 9.34862E-05 7.83202E-02-1.07878E-17 1.29237E-16
 -1       202 2.59631E+00-1.79700E-01 5.79027E-04-2.26099E-01 1.12757E-17 4.99729E-16
 -1       203 2.14408E+00 2.19523E-01-6.58059E-04 1.70283E-01 2.73219E-17-2.47198E-16
 -1       204 2.25865E+00 3.19068E-01 3.81677E-05 1.47126E-02-1.36067E-17 2.42861E-17
 -1       205 2.24396E+00 3.28040E-01 8.33672E-05-3.35478E-02-3.17129E-17 2.17274E-16
 -1       206 2.33997E+00 2.61534E-01 4.76263E-04 7.43715E-02-8.23994E-17 1.49620E-16
 -1       207 2.27074E+00 3.96016E-01-8.34531E-05-2.03798E-02 7.04731E-19-6.80879E-17
 -1       208 2.02122E+00-5.43958E-01-1.61138E-03-7.18959E-01 5.20417E-17 4.17418E-17
 -1       209 2.80822E+00-1.70428E-01-1.63997E-03 9.68354E-02 1.63064E-16 5.02745E-16
 -1       210 2.26785E+00 3.99486E-01-3.08675E-04-2.58655E-02-9.20217E-18-5.63785E-17
 -1       211 2.28632E+00 2.96716E-01-2.24181E-04-5.65134E-02 5.64869E-17 1.07553E-16
 -1       212 2.30962E+00 3.72445E-01-5.84669E-04-1.25624E-02-4.80573E-17 2.79724E-17
 -1       213 2.36522E+00 2.43454E-01-2.53647E-04-4.90604E-02 1.58294E-17 1.73472E-18
 -1       214 4.40211E+00 5.18806E-01-3.96336E-03 2.88250E-01 2.42861E-16 3.46945E-17
 -1       215 2.40653E+00 6.43815E-02-9.27638E-04-3.50748E-01-4.39752E-16 6.41197E-16
 -1       216 3.75248E+00 3.06499E-01-3.34425E-03 5.73529E-02 8.15320E-17 6.21031E-16
 -1       217 1.59563E-01-1.48405E+00-3.41723E-02-9.40007E-02-4.59268E-16 1.71507E-15
 -1       218 6.19985E-01-9.40863E-01-1.61108E-02-4.89278E-01-1.00614E-16 5.10009E-16
 -1       219 1.44775E+00-7.50910E-01-1.26531E-02-6.67496E-01-4.78784E-16-6.48136E-16
 -1       220 2.90839E-02-1.70380E+00-4.08425E-02 9.08745E-02-5.27356E-16 4.44089E-16
 -1       221 6.12990E+00 6.34260E-01 1.81173E-02-1.45567E-01-8.67362E-17 2.77122E-16
 -1       222 1.74540E+00-3.43451E-01-2.15017E-02 6.62466E-01-3.53016E-16 5.44703E-16
 -1       223 1.96668E+00-7.05209E-01 3.51363E-03 6.71484E-01 2.63678E-16-2.85362E-16
 -1       224 1.15425E+00-8.26519E-01-1.05636E-02 6.08305E-01 3.26128E-16-3.43475E-16
 -1       225 1.94475E+00-6.78177E-01-2.73193E-04 7.06305E-01 4.09395E-16-5.88071E-16
 -1       226 2.78760E+00-6.49938E-01-9.32227E-04 5.48996E-01 4.85723E-16-1.02175E-15
 -1       227 1.19778E+00-4.94988E-01-9.66946E-03 5.64012E-01 2.08167E-17 1.85615E-16
 -1       228 2.35680E+00-4.26899E-01 7.22430E-03 5.68669E-01 5.81132E-17-8.39172E-17
 -1       229 3.09802E+00-4.69736E-01 2.63794E-03 2.99623E-01 2.30718E-16-4.41487E-16
 -1       230 1.65168E+00-1.41434E-01 1.68661E-03 4.65472E-01 1.08420E-16-4.25007E-17
 -1       231 9.61278E-01-1.91211E-01-6.12442E-04 2.38148E-01 8.41341E-17 9.02056E-17
 -1       232 2.31897E+00-9.91963E-02-3.91016E-04 4.78905E-01-3.55618E-17 3.46945E-16
 -1       233 1.85815E+00 9.19312E-02-1.15249E-03 2.90853E-01 7.80626E-18 1.18829E-16
 -1       234 2.35179E+00 6.73626E-02-4.74935E-05 3.87760E-01 1.56125E-17 4.12431E-16
 -1       235 1.21837E+00-5.66055E-01-1.78729E-02-5.03106E-01-7.84095E-16 4.31079E-16
 -1       236 2.24558E+00-6.20878E-01-2.83472E-03-6.81556E-01-1.15359E-15-1.33921E-15
 -1       237 3.11141E+00-4.66268E-01-8.70645E-03-5.80913E-01-3.95517E-16-9.26342E-16
 -1       238 2.75700E+00-6.53487E-01 6.57802E-03-5.69160E-01-2.18575E-16-2.46331E-16
 -1       239 3.57107E+00-5.02735E-01 1.20303E-03-1.79058E-01 1.00614E-16-4.57967E-16
 -1       240 3.19597E+00-4.35363E-01-9.92721E-04-2.33350E-01-2.86229E-16-3.17021E-16
 -1       241-1.82245E-02-1.75132E+00-4.02452E-02-5.93624E-02 3.66352E-16 3.63099E-16
 -1       242 2.15335E-01-9.23005E-01-5.73591E-03-2.25151E-01 1.87350E-16 3.64292E-16
 -1       243 5.10701E-01-8.62964E-01-7.92689E-03-4.95488E-01 1.76942E-16 5.13478E-16
 -1       244 7.75670E-01-4.46446E-01-2.01281E-03-4.43310E-01 5.72459E-17 5.58581E-16
 -1       245 1.73288E-01-9.50362E-01-9.37988E-03 1.13747E-01-5.55112E-17 1.14492E-16
 -1       246 1.52292E+00-2.02726E-01-2.36644E-04-5.38762E-01 2.08167E-17-1.82146E-17
 -1       247 6.44977E+00 6.70952E-01 3.36815E-02 5.70143E-02 5.62050E-16-7.97973E-16
 -1       248 5.12025E+00 7.77743E-01 6.15286E-03 9.82369E-03 1.24900E-16-8.20524E-16
 -1       249 5.00071E+00 7.72552E-01 8.18069E-03-3.78578E-02-3.12250E-17 8.08381E-16
 -1       250 4.96063E+00 5.94982E-01 5.94265E-03-3.71376E-02-2.11636E-16-2.49800E-16
 -1       251 4.14823E+00 6.05913E-01-2.03951E-04 4.86530E-02 9.71445E-17-5.55112E-16
 -1       252 4.15326E+00 5.10574E-01-1.92869E-03-1.94033E-01-6.73073E-16 1.50054E-15
 -1       253 4.05675E+00 3.41192E-01-1.55066E-02 9.63138E-01 7.14056E-16-5.22152E-16
 -1       254 4.42473E+00 1.61626E-01 1.19125E-03 2.57028E-01 1.73472E-18-1.42247E-16
 -1       255 3.93092E+00-1.81813E-01 4.39371E-03 3.69787E-01-4.13298E-16-1.45717E-16
 -1       256 5.00004E+00 5.51555E-01 2.57537E-02 1.71788E-01 1.38778E-16-1.24900E-16
 -1       257 4.28815E+00 2.15505E-01 4.14907E-03-1.95158E-01-1.66533E-16 6.50521E-16
 -1       258 2.76276E+00 2.66733E-01-1.28550E-02-1.02022E+00 4.51028E-17-1.38778E-17
 -1       259 2.81197E+00-3.57225E-01 8.15876E-03-7.41859E-01-7.28584E-17 4.12864E-16
 -1       260 3.49286E+00-1.14369E-01 3.16809E-03-6.19200E-01-1.56125E-17 2.09902E-16
 -1       261 3.28560E+00-4.52912E-01 2.27129E-04-5.14781E-01-1.06252E-16 2.94903E-16
 -1       262 2.24920E-01-1.41121E+00-3.82195E-02 1.97508E-01-1.09548E-15 9.30679E-16
 -1       263 9.76528E-01-5.75231E-01-2.79813E-02-5.59394E-01-6.41848E-17-1.57860E-16
 -1       264 1.98067E+00-5.84645E-01-9.64744E-03-7.84343E-01-3.45210E-16-4.91794E-16
 -1       265 1.28995E+00-7.03968E-01 3.05240E-03-7.76203E-01 1.38778E-16 5.89806E-17
 -1       266 4.89197E+00 6.45367E-01 1.01839E-02-1.00284E+00 1.24900E-16 1.03910E-15
 -1       267 4.04587E+00 2.43777E-01-3.06022E-03-4.00051E-01 8.93383E-17 4.78784E-16
 -1       268 3.81362E-01-1.25326E+00-3.31910E-02 1.75478E-01 4.05925E-16-2.64545E-16
 -1       269 5.15045E-01-8.83381E-01 1.27224E-04 3.99091E-01 0.00000E+00 4.16334E-17
 -1       270 3.28849E+00 1.73719E-01-1.45418E-02-9.33014E-01 2.18575E-16 1.14145E-15
 -1       271 2.38222E+00 3.23966E-01-1.43692E-03 2.14762E-02 1.32273E-17 2.58040E-17
 -1       272 2.45262E+00 1.77200E-01-3.02875E-04-2.55952E-02 7.77204E-17 2.62919E-16
 -1       273 2.43756E+00 1.17092E-01 4.70816E-05-9.97728E-02 2.63461E-17-1.01264E-16
 -1       274 2.47599E+00 2.50373E-01-2.01477E-03 6.39741E-02 2.72135E-17 6.76542E-17
 -1       275 2.51351E+00 6.42643E-02 1.13293E-03-7.57324E-02-4.06576E-18-2.28225E-17
 -1       276 2.51882E+00 1.26796E-02 4.29244E-04-1.24466E-01-5.24754E-17-6.73832E-17
 -1       277 2.43226E+00 7.63706E-02 5.01430E-04 1.19907E-01-4.61870E-17-7.58942E-19
 -1       278 2.47079E+00 2.70422E-02-4.57373E-04 1.15093E-01 2.92192E-17 5.52022E-16
 -1       279 4.89485E+00 8.30145E-01 6.77561E-03-1.15344E-01 3.46945E-18 9.71445E-16
 -1       280 4.57206E+00 6.17188E-01 1.12636E-03-2.67546E-01 1.87350E-16 1.03390E-15
 -1       281 4.88186E+00 8.45175E-01-2.81722E-03 5.73162E-02 3.81639E-17 5.44703E-16
 -1       282 1.91185E-01-9.32193E-01-5.79660E-03 6.95297E-02 2.04047E-16 4.16334E-16
 -1       283 3.49366E-01-9.17510E-01-5.16808E-03 3.94446E-01-1.30104E-16 7.37257E-16
 -1       284 7.74652E-01-8.32406E-01 3.54037E-03 6.42510E-01-8.72566E-16 1.20997E-15
 -1       285 1.27230E+00-6.63362E-01-2.28226E-03 7.44628E-01-7.77156E-16 1.99493E-17
 -1       286 3.18841E-01-9.25056E-01-1.06261E-02-2.52218E-01-1.85615E-16 7.99708E-16
 -1       287 1.41033E+00 5.81505E-03 2.26398E-03 2.10820E-01 1.77809E-17-3.88578E-16
 -1       288 2.35177E+00 1.92035E-01 9.05989E-04-1.21250E-01 5.85469E-17 6.21790E-16
 -1       289 2.37249E+00 1.42213E-01 1.25861E-03-2.16200E-01-2.49800E-16 6.35993E-16
 -1       290 2.42665E+00 1.21206E-01 8.31063E-04-1.64039E-01-3.17854E-16 9.18590E-17
 -1       291 3.50942E+00-4.62445E-01 7.85541E-03 7.38441E-02-2.09034E-16 2.75821E-16
 -1       292 2.55792E+00-1.93305E-03-1.37300E-04-8.31986E-02-1.08420E-19 1.84802E-16
 -1       293 2.59252E+00-5.04070E-02 4.17349E-04-9.42499E-02-3.20924E-17 2.51047E-16
 -1       294 2.63491E+00-6.58290E-02-9.95442E-04-2.15810E-02-3.59955E-17 4.56937E-16
 -1       295 4.55464E-01-1.04237E+00-2.60664E-02-3.57528E-01 6.27970E-16 6.55725E-16
 -1       296 3.91953E+00-1.65536E-01-5.31528E-03-3.35791E-01 5.41234E-16 4.70977E-16
 -1       297 4.52141E+00 2.42134E-01-1.56262E-03-1.40047E-01 2.67147E-16 9.71445E-17
 -1       298 2.78718E+00-6.37870E-02-7.56361E-04-3.58717E-01-4.53197E-16-1.82688E-16
 -1       299 2.52295E+00 7.62247E-02 1.57654E-03-2.79474E-01-7.70217E-16 1.00706E-15
 -1       300 5.69775E+00 6.53268E-01-2.83700E-02 2.28974E-01 2.55004E-16-1.87350E-16
 -1       301 2.65733E+00-1.30031E-01 4.44140E-04-9.50658E-02 1.17094E-17 3.84241E-16
 -1       302 2.59365E+00-2.69058E-01 4.09960E-04 2.67350E-01-3.90313E-17-8.86877E-17
 -1       303 2.72897E+00-2.31082E-01-1.37283E-03 8.33604E-02 5.18249E-17-2.74086E-16
 -1       304 2.85193E+00-1.84814E-01 2.41534E-03-7.46527E-02 1.03650E-16 9.32414E-17
 -1       305 2.63513E+00-1.11345E-01-2.74883E-04 6.69800E-02-4.92228E-17-3.11654E-16
 -1       306 3.08301E+00-1.91838E-01-1.17895E-03-9.33878E-02-1.30646E-16 3.16587E-16
 -1       307 2.70511E+00-1.21302E-01-7.86826E-04-4.70973E-02-3.97469E-16 2.74086E-16
 -1       308 2.69944E+00-8.46019E-02-1.01327E-03-1.46838E-01 9.62772E-17 4.57913E-16
 -1       309 2.61482E+00-3.59638E-02-6.22966E-04 3.13899E-02-6.34692E-16 2.64556E-15
 -1       310 2.56694E+00-3.54779E-02 1.28078E-03 9.82229E-02-2.19226E-16 1.09510E-15
 -1       311 2.70794E+00-1.19871E-01 1.84023E-03 2.65659E-02 3.17671E-17 4.59614E-16
 -1       312 1.08581E+00-5.24366E-01 7.00801E-03-5.21356E-01 7.87131E-17 6.94865E-16
 -1       313 5.60894E+00 5.63078E-01 1.07828E-02-7.62171E-01 2.22045E-16 1.26288E-15
 -1       314 4.12544E+00 2.71573E-01-5.87569E-03 2.50361E-01 1.26635E-16 5.74193E-16
 -1       315 2.70223E+00-2.41931E-02 1.14678E-03 1.89511E-01 3.44776E-17-3.14852E-16
 -1       316 4.47071E+00 6.16230E-01 1.32793E-03 1.06760E+00 1.16920E-15-1.99493E-15
 -1       317 2.27567E+00 1.91159E-01 1.15635E-05 5.94931E-02 6.38731E-16-1.73342E-15
 -1       318 2.34529E+00 2.35118E-01 6.26897E-04 7.80425E-03 3.87738E-16-2.76472E-16
 -1       319 4.17206E+00 7.33560E-01 7.60899E-03 5.09296E-02 1.08420E-16 7.96238E-16
 -1       320 2.20594E+00 1.38009E-01-2.55631E-05 1.44324E-01 8.06646E-17-5.44703E-16
 -1       321 2.23766E+00 1.51108E-01 1.60410E-04-2.49001E-01-2.59341E-16 5.49907E-16
 -1       322 2.38746E+00 1.41896E-01 2.73083E-05 1.14817E-01 2.72189E-16-7.31836E-16
 -1       323 2.54252E+00-6.76877E-02 3.37273E-04-1.69492E-01 3.72694E-18 5.65818E-16
 -1       324 2.68943E+00-2.36870E-01 3.59410E-03-4.28365E-01-1.25551E-16-7.29776E-16
 -1       325 1.91965E+00 2.22967E-01 2.79538E-03 8.71026E-02 5.24754E-17-2.75387E-16
 -1       326 2.39663E+00-4.07935E-02 1.74511E-04-2.48029E-01-1.58294E-17 4.78242E-16
 -1       327 2.23015E+00 2.38892E-01-8.59765E-05-9.34287E-02-2.01662E-17 1.30646E-16
 -1       328 2.34148E+00 1.94913E-01 4.65240E-05 1.78357E-01-6.41848E-17 6.18781E-16
 -1       329 2.47557E+00 1.58877E-01-4.64934E-05 1.16598E-01-5.84656E-17 2.30501E-16
 -1       330 2.43312E+00 2.63680E-01-7.05496E-04 1.25702E-02 7.10152E-18-2.23346E-17
 -1       331 2.56783E+00 8.99177E-02 1.24664E-03 2.19314E-01-8.91214E-17 4.13948E-16
 -1       332 2.35483E+00 1.38147E-01-4.95008E-04 2.85328E-01-6.20164E-17 4.80302E-16
 -1       333 2.32667E+00 3.52611E-01-2.70368E-05-3.63538E-03 5.17029E-18-1.11835E-16
 -1       334 2.33209E+00 1.76580E-01-3.16359E-05-1.15446E-01 7.40510E-17 2.61401E-16
 -1       335 2.51927E+00 8.85375E-02-1.33516E-03-8.78042E-03 2.54788E-18 1.73906E-16
 -1       336 2.54633E+00 1.75154E-01-1.53978E-03 1.03536E-01-7.58942E-18-6.76542E-17
 -1       337 2.41965E+00 4.76796E-02 6.47418E-05-1.68116E-01 9.32414E-18 3.62774E-16
 -1       338 2.54381E+00 1.40903E-01 1.57101E-03 2.01812E-02 7.37257E-18-4.65834E-17
 -1       339 2.48570E+00 3.04454E-01 2.95886E-04-9.57051E-02 1.10480E-16 1.08420E-18
 -1       340 2.25428E+00 5.60214E-01-1.46597E-04 3.04459E-02-1.39862E-17-1.43115E-17
 -1       341 2.37450E+00 5.11242E-01-1.86369E-03 1.54538E-01 6.28837E-18 2.94903E-17
 -1       342 2.38352E+00 5.18369E-01-2.67236E-03-1.49226E-01 2.58040E-17 6.41848E-17
 -1       343 2.40589E+00 1.71977E-01-2.98206E-04-9.00139E-02-3.61798E-16 1.55063E-15
 -1       344 2.24967E+00 5.69444E-01-4.72051E-04-4.72228E-02 4.01155E-18 5.24754E-17
 -1       345 2.41493E+00 1.61296E-01-2.20371E-04 7.04365E-02 2.70834E-16-8.22259E-16
 -1       346 2.77086E+00-2.32847E-01 4.68988E-04-8.58117E-02 9.04225E-17 6.84348E-16
 -1       347 3.97962E+00-1.46047E-01 6.24033E-03 1.34759E-01 7.29885E-16 6.66134E-16
 -1       348 3.63782E+00 3.30502E-01 6.09738E-03 2.17271E-01 9.54098E-17 4.48209E-16
 -1       349 2.35630E+00 2.01309E-01 8.36822E-05 7.21045E-02-1.80167E-16-4.57642E-16
 -1       350 2.43966E+00 1.41748E-02-2.40691E-04 1.23310E-01-4.35849E-17-9.41087E-17
 -1       351 2.34161E+00 8.09807E-02 3.56839E-04-3.33195E-02 6.44016E-17-2.29038E-16
 -1       352 2.62130E+00 1.45217E-01-1.67501E-03-1.22955E-01 1.07553E-16-5.94143E-16
 -1       353 3.03818E+00 8.99326E-04 4.12491E-04 2.13188E-01 8.79288E-17-3.69496E-16
 -1       354 2.62371E+00-4.70054E-02 1.91384E-04 5.25232E-02-4.01697E-17 7.81168E-17
 -1       355 3.50972E+00-1.97162E-01 5.83098E-03 1.18800E-01-1.45866E-16-4.55365E-16
 -1       356 3.41213E+00-2.21068E-01 1.64752E-03 1.34393E-02 3.53450E-17 1.20319E-16
 -1       357 2.51259E+00 4.68784E-03-5.31496E-04 5.63571E-02 7.48967E-16-8.19006E-16
 -1       358 5.72034E-01-4.69651E-01-6.14703E-03 3.26226E-01 2.22045E-16 2.77556E-16
 -1       359 2.58158E+00 1.40100E-01-2.54612E-03-9.76047E-02-6.15827E-17 1.20130E-16
 -1       360 2.67303E+00 2.17702E-02 7.67268E-04-1.97857E-01-1.49918E-16-4.06793E-16
 -1       361 2.37153E+00 4.06203E-01 6.86975E-04-6.67761E-02 2.61293E-17 6.66784E-17
 -1       362 2.63266E+00 2.02417E-01 3.04781E-04 4.37379E-02 1.63931E-16-3.14500E-16
 -1       363 2.43674E+00 4.61234E-02 1.04236E-03 4.34444E-02-2.02895E-16 7.24396E-16
 -1       364 2.50440E+00 3.61539E-02 1.19871E-03-7.98077E-02 4.81684E-16-2.18900E-15
 -1       365 5.40483E+00 6.63881E-01 1.09538E-02 8.55042E-01-1.17961E-16 4.44089E-16
 -1       366 4.87275E+00 7.23219E-01-4.07605E-03 2.14548E-01 2.08167E-16-2.04697E-16
 -1       367 1.16114E+00-5.84173E-01-3.84024E-03-7.32649E-01 1.38778E-16 1.78677E-16
 -1       368 2.60797E+00-4.75369E-02 2.43627E-04-8.07400E-02 1.02999E-17-8.96635E-17
 -1       369 2.29220E+00 4.62344E-01 1.04204E-04-4.55739E-02 1.16010E-17 8.05562E-17
 -1       370 2.55719E+00 2.16413E-03 1.95428E-04-4.67313E-02-5.74627E-18 3.18647E-16
 -1       371 2.39048E+00 2.77854E-01-1.29335E-04 2.21784E-02-2.23996E-16 4.52221E-16
 -1       372 2.13457E+00-6.22531E-01-2.32627E-03 7.78854E-01 1.52656E-16 3.64292E-16
 -1       373 2.71591E+00 2.34211E-02-6.82489E-04 1.37922E-01-1.02349E-16 5.68122E-17
 -1       374 1.99832E+00-6.00914E-01 2.21555E-04-6.77175E-01-4.21538E-16 6.60930E-16
 -1       375 3.78720E+00 1.55319E-01 7.77715E-03-2.91947E-01 1.56125E-17 5.06539E-16
 -1       376 1.39881E+00-6.60935E-01-1.11829E-02 7.88932E-01-4.56232E-16 6.53991E-16
 -1       377 2.51951E+00-1.57478E-02 2.81466E-04-1.25470E-01 4.02456E-16-3.63641E-16
 -1       378 2.52481E+00 5.54236E-02 1.91059E-03 2.13284E-02-1.18178E-17 2.17586E-17
 -1       379 2.25737E+00 4.83105E-01 2.46133E-04-2.78394E-02-1.08420E-17-6.72205E-18
 -1       380 2.72135E+00 2.98570E-02-7.30431E-04-1.80116E-01-3.84241E-16 1.28066E-15
 -1       381 3.19079E+00-3.25268E-02 8.35190E-04-1.98982E-01-1.92554E-16 1.09288E-16
 -1       382 3.38816E+00-4.80334E-01-9.06742E-03 3.63463E-01-2.51535E-17-4.23273E-16
 -1       383 3.57002E+00-2.06740E-01-3.50386E-03-2.13787E-01-2.76905E-16-3.72966E-16
 -1       384 2.51224E+00 6.80623E-02-2.17421E-03-2.17387E-01-5.20417E-16 4.59919E-16
 -1       385 2.38747E+00 2.83071E-01-5.79385E-04-1.93794E-02 2.78247E-16 6.36427E-16
 -1       386 2.58258E+00 1.29190E-01-1.84894E-03 1.30182E-01 2.10335E-17-1.73472E-18
 -1       387 2.74981E+00-4.78158E-02 2.54775E-04 3.68125E-01 7.54605E-17-1.82796E-16
 -1       388 5.29066E-01-4.25798E-01-1.54449E-03-5.41212E-02 2.41994E-16-2.23779E-16
 -1       389 2.83642E+00-5.78506E-01 6.22786E-03-6.02221E-01 2.42861E-16 1.00267E-15
 -1       390 2.26629E+00 4.76925E-01 3.58962E-04-4.00566E-03-5.90077E-17-8.76035E-17
 -1       391 2.54792E+00-8.67238E-02-1.13974E-03 1.50349E-01 1.96891E-16-6.59466E-16
 -1       392 2.55301E+00 4.01197E-02-1.40874E-04 2.30547E-02-2.52402E-16 2.82001E-16
 -1       393 4.19824E+00 8.48464E-01-7.77489E-04-6.08802E-03 7.63278E-17 3.41307E-16
 -1       394 1.34845E+00 4.06926E-02-6.03982E-04 1.87495E-01 8.93383E-17-2.78857E-16
 -1       395 1.06259E+00-5.12629E-02 5.31397E-03-1.54267E-01 1.56125E-17 0.00000E+00
 -1       396 2.08490E+00 1.49202E-01-5.48493E-03 2.71404E-01 4.33681E-18-1.63064E-16
 -1       397 2.31155E+00 4.50302E-01 3.98993E-04 3.29503E-02 7.58942E-19-1.08420E-17
 -1       398 3.61133E+00-3.22114E-01 3.02302E-04 1.29897E-01-1.73472E-17-5.44703E-16
 -1       399 2.62535E+00-2.05963E-02 8.70583E-04-9.16727E-04-1.00506E-16-3.53992E-16
 -1       400 2.64756E+00 5.73531E-02 2.80629E-04 3.12190E-01-5.89806E-17 5.22098E-16
 -1       401 2.52007E+00 6.59339E-04 3.72785E-04 1.00802E-01 6.98768E-17 9.58435E-17
 -1       402 3.21653E+00 2.78593E-01-4.61146E-03-8.10323E-02-3.26128E-16 1.18612E-16
 -1       403 2.67631E+00-9.03339E-02-1.95436E-03 1.21549E-01 2.76472E-17 1.24683E-18
 -1       404 2.89927E+00-2.71747E-01-3.36138E-03 3.60347E-01-3.29597E-17-2.26815E-16
 -1       405 2.84513E+00-8.60228E-02-2.63518E-03-1.91211E-01 1.36176E-16-9.81420E-16
 -1       406 2.62274E+00-4.14339E-01-7.00856E-03 7.32078E-01 4.85723E-17 6.73073E-16
 -1       407 3.23219E+00-4.88803E-01-6.63254E-03-3.06218E-01-1.05818E-16 1.59595E-16
 -1       408 2.35645E+00 2.30809E-01 5.34530E-04-5.43513E-02 2.70996E-16 4.32163E-16
 -1       409 2.49689E+00 6.27248E-02 1.05548E-04-1.52709E-01-2.16840E-16 2.20093E-16
 -1       410 2.44735E+00 4.63579E-02-9.53350E-04 8.63088E-02 7.14489E-17-1.09580E-15
 -1       411 2.72445E+00 3.93339E-01-2.26170E-03-3.07740E-01-7.06900E-17 8.50015E-17
 -1       412 2.44756E+00 2.77421E-02 2.20760E-04-3.66842E-02 3.13334E-17-1.96750E-15
 -1       413 2.38613E+00 4.09744E-01 1.39802E-03 8.71207E-02 2.42861E-17 1.82146E-17
 -1       414 2.43402E+00 1.49913E-02-7.98761E-05 1.87416E-02-5.06539E-16 1.85859E-15
 -1       415 9.08783E-01-1.49715E-01 9.12083E-03 1.98621E-01 7.15573E-18 5.59448E-16
 -1       416 2.72739E+00 3.83910E-01-4.08924E-03 3.19365E-01-5.20417E-18-8.67362E-18
 -1       417 5.45225E-01-5.15478E-01-2.91523E-03 3.07486E-01 2.02963E-16 1.52656E-16
 -1       418 2.58746E+00 8.33745E-02-4.07368E-04 1.64298E-01-4.33681E-17-5.37764E-17
 -1       419 2.54205E+00 2.29841E-02-1.47175E-04-5.88788E-02-5.39391E-18 1.34387E-16
 -1       420 2.83025E+00 3.20633E-01 1.54114E-03-1.01079E-01 1.19696E-16-6.05418E-16
 -1       421 4.32885E+00 5.77851E-01-2.74407E-03 1.70654E-01 3.46945E-17-3.22659E-16
 -1       422 2.67631E+00-5.45868E-01 2.79183E-03 6.56626E-01 3.12250E-16-1.38084E-15
 -1       423 8.47034E-01-7.28458E-01 1.26987E-02-6.84288E-01 2.28983E-16 5.65520E-16
 -1       424 4.79947E+00 6.23933E-01-2.76453E-03-7.33532E-02-2.74086E-16 7.71085E-16
 -1       425 2.48606E+00 2.27242E-02 6.03664E-04 8.77880E-02 3.50509E-16-8.70072E-16
 -1       426 2.54017E+00-4.84617E-01-4.46784E-03-5.42369E-01-1.45717E-16 9.85757E-16
 -1       427 2.48992E+00 3.57592E-01 5.65240E-03 1.44185E-01-1.51788E-17-5.37764E-17
 -1       428 5.92374E-01-3.99455E-01 4.51785E-03-1.14768E-01 1.16226E-16 9.71445E-17
 -1       429 3.90385E+00-1.93057E-01-7.42083E-04-8.00746E-02-4.53034E-16 5.55112E-16
 -1       430 6.28129E+00 6.00498E-01 6.33861E-02 8.32409E-01 7.56339E-16-2.09555E-15
 -1       431 9.18802E-01-3.96256E-01-3.72311E-02 5.67369E-01-2.22045E-16-9.36751E-17
 -1       432 8.35155E-01-5.88089E-01 5.66875E-03 6.55517E-01 3.85109E-16-3.08781E-16
 -1       433 4.34272E+00 4.23668E-01-1.13535E-02-1.76228E-01 1.31839E-16-9.02056E-17
 -3
    1PSTEP                         3           1           1          
  100CL  101 1.000000000         433                     0    1           1
 -4  ERROR       1    1
 -5  STR(%)      1    1    0    0
 -1         1 0.00000E+00
 -1         2 0.00000E+00
 -1         3 0.00000E+00
 -1         4 0.00000E+00
 -1         5 0.00000E+00
 -1         6 0.00000E+00
 -1         7 0.00000E+00
 -1         8 0.00000E+00
 -1         9 0.00000E+00
 -1        10 0.00000E+00
 -1        11 0.00000E+00
 -1        12 0.00000E+00
 -1        13 0.00000E+00
 -1        14 0.00000E+00
 -1        15 0.00000E+00
 -1        16 0.00000E+00
 -1        17 0.00000E+00
 -1        18 0.00000E+00
 -1        19 0.00000E+00
 -1        20 0.00000E+00
 -1        21 0.00000E+00
 -1        22 0.00000E+00
 -1        23 0.00000E+00
 -1        24 0.00000E+00
 -1        25 0.00000E+00
 -1        26 0.00000E+00
 -1        27 0.00000E+00
 -1        28 0.00000E+00
 -1        29 0.00000E+00
 -1        30 0.00000E+00
 -1        31 0.00000E+00
 -1        32 0.00000E+00
 -1        33 0.00000E+00
 -1        34 0.00000E+00
 -1        35 0.00000E+00
 -1        36 0.00000E+00
 -1        37 0.00000E+00
 -1        38 0.00000E+00
 -1        39 0.00000E+00
 -1        40 0.00000E+00
 -1        41 0.00000E+00
 -1        42 0.00000E+00
 -1        43 0.00000E+00
 -1        44 0.00000E+00
 -1        45 0.00000E+00
 -1        46 0.00000E+00
 -1        47 0.00000E+00
 -1        48 0.00000E+00
 -1        49 0.00000E+00
 -1        50 0.00000E+00
 -1        51 0.00000E+00
 -1        52 0.00000E+00
 -1        53 0.00000E+00
 -1        54 0.00000E+00
 -1        55 0.00000E+00
 -1        56 0.00000E+00
 -1        57 0.00000E+00
 -1        58 0.00000E+00
 -1        59 0.00000E+00
 -1        60 0.00000E+00
 -1        61 0.00000E+00
 -1        62 0.00000E+00
 -1        63 0.00000E+00
 -1        64 0.00000E+00
 -1        65 0.00000E+00
 -1        66 0.00000E+00
 -1        67 0.00000E+00
 -1        68 0.00000E+00
 -1        69 0.00000E+00
 -1        70 0.00000E+00
 -1        71 0.00000E+00
 -1        72 0.00000E+00
 -1        73 0.00000E+00
 -1        74 0.00000E+00
 -1        75 0.00000E+00
 -1        76 0.00000E+00
 -1        77 0.00000E+00
 -1        78 0.00000E+00
 -1        79 0.00000E+00
 -1        80 0.00000E+00
 -1        81 0.00000E+00
 -1        82 0.00000E+00
 -1        83 0.00000E+00
 -1        84 0.00000E+00
 -1        85 0.00000E+00
 -1        86 0.00000E+00
 -1        87 0.00000E+00
 -1        88 0.00000E+00
 -1        89 0.00000E+00
 -1        90 0.00000E+00
 -1        91 0.00000E+00
 -1        92 0.00000E+00
 -1        93 0.00000E+00
 -1        94 0.00000E+00
 -1        95 0.00000E+00
 -1        96 0.00000E+00
 -1        97 0.00000E+00
 -1        98 0.00000E+00
 -1        99 0.00000E+00
 -1       100 0.00000E+00
 -1       101 0.00000E+00
 -1       102 0.00000E+00
 -1       103 0.00000E+00
 -1       104 0.00000E+00
 -1       105 0.00000E+00
 -1       106 0.00000E+00
 -1       107 0.00000E+00
 -1       108 0.00000E+00
 -1       109 0.00000E+00
 -1       110 0.00000E+00
 -1       111 0.00000E+00
 -1       112 0.00000E+00
 -1       113 0.00000E+00
 -1       114 0.00000E+00
 -1       115 0.00000E+00
 -1       116 0.00000E+00
 -1       117 0.00000E+00
 -1       118 0.00000E+00
 -1       119 0.00000E+00
 -1       120 0.00000E+00
 -1       121 0.00000E+00
 -1       122 0.00000E+00
 -1       123 0.00000E+00
 -1       124 0.00000E+00
 -1       125 0.00000E+00
 -1       126 0.00000E+00
 -1       127 0.00000E+00
 -1       128 0.00000E+00
 -1       129 0.00000E+00
 -1       130 0.00000E+00
 -1       131 0.00000E+00
 -1       132 0.00000E+00
 -1       133 0.00000E+00
 -1       134 0.00000E+00
 -1       135 0.00000E+00
 -1       136 0.00000E+00
 -1       137 0.00000E+00
 -1       138 0.00000E+00
 -1       139 0.00000E+00
 -1       140 0.00000E+00
 -1       141 0.00000E+00
 -1       142 0.00000E+00
 -1       143 0.00000E+00
 -1       144 0.00000E+00
 -1       145 0.00000E+00
 -1       146 0.00000E+00
 -1       147 0.00000E+00
 -1       148 0.00000E+00
 -1       149 0.00000E+00
 -1       150 0.00000E+00
 -1       151 0.00000E+00
 -1       152 0.00000E+00
 -1       153 0.00000E+00
 -1       154 0.00000E+00
 -1       155 0.00000E+00
 -1       156 0.00000E+00
 -1       157 0.00000E+00
 -1       158 0.00000E+00
 -1       159 0.00000E+00
 -1       160 0.00000E+00
 -1       161 0.00000E+00
 -1       162 0.00000E+00
 -1       163 0.00000E+00
 -1       164 0.00000E+00
 -1       165 0.00000E+00
 -1       166 0.00000E+00
 -1       167 0.00000E+00
 -1       168 0.00000E+00
 -1       169 0.00000E+00
 -1       170 0.00000E+00
 -1       171 0.00000E+00
 -1       172 0.00000E+00
 -1       173 0.00000E+00
 -1       174 0.00000E+00
 -1       175 0.00000E+00
 -1       176 0.00000E+00
 -1       177 0.00000E+00
 -1       178 0.00000E+00
 -1       179 0.00000E+00
 -1       180 0.00000E+00
 -1       181 0.00000E+00
 -1       182 0.00000E+00
 -1       183 0.00000E+00
 -1       184 0.00000E+00
 -1       185 0.00000E+00
 -1       186 0.00000E+00
 -1       187 0.00000E+00
 -1       188 0.00000E+00
 -1       189 0.00000E+00
 -1       190 0.00000E+00
 -1       191 0.00000E+00
 -1       192 0.00000E+00
 -1       193 0.00000E+00
 -1       194 0.00000E+00
 -1       195 0.00000E+00
 -1       196 0.00000E+00
 -1       197 0.00000E+00
 -1       198 0.00000E+00
 -1       199 0.00000E+00
 -1       200 0.00000E+00
 -1       201 0.00000E+00
 -1       202 0.00000E+00
 -1       203 0.00000E+00
 -1       204 0.00000E+00
 -1       205 0.00000E+00
 -1       206 0.00000E+00
 -1       207 0.00000E+00
 -1       208 0.00000E+00
 -1       209 0.00000E+00
 -1       210 0.00000E+00
 -1       211 0.00000E+00
 -1       212 0.00000E+00
 -1       213 0.00000E+00
 -1       214 0.00000E+00
 -1       215 0.00000E+00
 -1       216 0.00000E+00
 -1       217 0.00000E+00
 -1       218 0.00000E+00
 -1       219 0.00000E+00
 -1       220 0.00000E+00
 -1       221 0.00000E+00
 -1       222 0.00000E+00
 -1       223 0.00000E+00
 -1       224 0.00000E+00
 -1       225 0.00000E+00
 -1       226 0.00000E+00
 -1       227 0.00000E+00
 -1       228 0.00000E+00
 -1       229 0.00000E+00
 -1       230 0.00000E+00
 -1       231 0.00000E+00
 -1       232 0.00000E+00
 -1       233 0.00000E+00
 -1       234 0.00000E+00
 -1       235 0.00000E+00
 -1       236 0.00000E+00
 -1       237 0.00000E+00
 -1       238 0.00000E+00
 -1       239 0.00000E+00
 -1       240 0.00000E+00
 -1       241 0.00000E+00
 -1       242 0.00000E+00
 -1       243 0.00000E+00
 -1       244 0.00000E+00
 -1       245 0.00000E+00
 -1       246 0.00000E+00
 -1       247 0.00000E+00
 -1       248 0.00000E+00
 -1       249 0.00000E+00
 -1       250 0.00000E+00
 -1       251 0.00000E+00
 -1       252 0.00000E+00
 -1       253 0.00000E+00
 -1       254 0.00000E+00
 -1       255 0.00000E+00
 -1       256 0.00000E+00
 -1       257 0.00000E+00
 -1       258 0.00000E+00
 -1       259 0.00000E+00
 -1       260 0.00000E+00
 -1       261 0.00000E+00
 -1       262 0.00000E+00
 -1       263 0.00000E+00
 -1       264 0.00000E+00
 -1       265 0.00000E+00
 -1       266 0.00000E+00
 -1       267 0.00000E+00
 -1       268 0.00000E+00
 -1       269 0.00000E+00
 -1       270 0.00000E+00
 -1       271 0.00000E+00
 -1       272 0.00000E+00
 -1       273 0.00000E+00
 -1       274 0.00000E+00
 -1       275 0.00000E+00
 -1       276 0.00000E+00
 -1       277 0.00000E+00
 -1       278 0.00000E+00
 -1       279 0.00000E+00
 -1       280 0.00000E+00
 -1       281 0.00000E+00
 -1       282 0.00000E+00
 -1       283 0.00000E+00
 -1       284 0.00000E+00
 -1       285 0.00000E+00
 -1       286 0.00000E+00
 -1       287 0.00000E+00
 -1       288 0.00000E+00
 -1       289 0.00000E+00
 -1       290 0.00000E+00
 -1       291 0.00000E+00
 -1       292 0.00000E+00
 -1       293 0.00000E+00
 -1       294 0.00000E+00
 -1       295 0.00000E+00
 -1       296 0.00000E+00
 -1       297 0.00000E+00
 -1       298 0.00000E+00
 -1       299 0.00000E+00
 -1       300 0.00000E+00
 -1       301 0.00000E+00
 -1       302 0.00000E+00
 -1       303 0.00000E+00
 -1       304 0.00000E+00
 -1       305 0.00000E+00
 -1       306 0.00000E+00
 -1       307 0.00000E+00
 -1       308 0.00000E+00
 -1       309 0.00000E+00
 -1       310 0.00000E+00
 -1       311 0.00000E+00
 -1       312 0.00000E+00
 -1       313 0.00000E+00
 -1       314 0.00000E+00
 -1       315 0.00000E+00
 -1       316 0.00000E+00
 -1       317 0.00000E+00
 -1       318 0.00000E+00
 -1       319 0.00000E+00
 -1       320 0.00000E+00
 -1       321 0.00000E+00
 -1       322 0.00000E+00
 -1       323 0.00000E+00
 -1       324 0.00000E+00
 -1       325 0.00000E+00
 -1       326 0.00000E+00
 -1       327 0.00000E+00
 -1       328 0.00000E+00
 -1       329 0.00000E+00
 -1       330 0.00000E+00
 -1       331 0.00000E+00
 -1       332 0.00000E+00
 -1       333 0.00000E+00
 -1       334 0.00000E+00
 -1       335 0.00000E+00
 -1       336 0.00000E+00
 -1       337 0.00000E+00
 -1       338 0.00000E+00
 -1       339 0.00000E+00
 -1       340 0.00000E+00
 -1       341 0.00000E+00
 -1       342 0.00000E+00
 -1       343 0.00000E+00
 -1       344 0.00000E+00
 -1       345 0.00000E+00
 -1       346 0.00000E+00
 -1       347 0.00000E+00
 -1       348 0.00000E+00
 -1       349 0.00000E+00
 -1       350 0.00000E+00
 -1       351 0.00000E+00
 -1       352 0.00000E+00
 -1       353 0.00000E+00
 -1       354 0.00000E+00
 -1       355 0.00000E+00
 -1       356 0.00000E+00
 -1       357 0.00000E+00
 -1       358 0.00000E+00
 -1       359 0.00000E+00
 -1       360 0.00000E+00
 -1       361 0.00000E+00
 -1       362 0.00000E+00
 -1       363 0.00000E+00
 -1       364 0.00000E+00
 -1       365 0.00000E+00
 -1       366 0.00000E+00
 -1       367 0.00000E+00
 -1       368 0.00000E+00
 -1       369 0.00000E+00
 -1       370 0.00000E+00
 -1       371 0.00000E+00
 -1       372 0.00000E+00
 -1       373 0.00000E+00
 -1       374 0.00000E+00
 -1       375 0.00000E+00
 -1       376 0.00000E+00
 -1       377 0.00000E+00
 -1       378 0.00000E+00
 -1       379 0.00000E+00
 -1       380 0.00000E+00
 -1       381 0.00000E+00
 -1       382 0.00000E+00
 -1       383 0.00000E+00
 -1       384 0.00000E+00
 -1       385 0.00000E+00
 -1       386 0.00000E+00
 -1       387 0.00000E+00
 -1       388 0.00000E+00
 -1       389 0.00000E+00
 -1       390 0.00000E+00
 -1       391 0.00000E+00
 -1       392 0.00000E+00
 -1       393 0.00000E+00
 -1       394 0.00000E+00
 -1       395 0.00000E+00
 -1       396 0.00000E+00
 -1       397 0.00000E+00
 -1       398 0.00000E+00
 -1       399 0.00000E+00
 -1       400 0.00000E+00
 -1       401 0.00000E+00
 -1       402 0.00000E+00
 -1       403 0.00000E+00
 -1       404 0.00000E+00
 -1       405 0.00000E+00
 -1       406 0.00000E+00
 -1       407 0.00000E+00
 -1       408 0.00000E+00
 -1       409 0.00000E+00
 -1       410 0.00000E+00
 -1       411 0.00000E+00
 -1       412 0.00000E+00
 -1       413 0.00000E+00
 -1       414 0.00000E+00
 -1       415 0.00000E+00
 -1       416 0.00000E+00
 -1       417 0.00000E+00
 -1       418 0.00000E+00
 -1       419 0.00000E+00
 -1       420 0.00000E+00
 -1       421 0.00000E+00
 -1       422 0.00000E+00
 -1       423 0.00000E+00
 -1       424 0.00000E+00
 -1       425 0.00000E+00
 -1       426 0.00000E+00
 -1       427 0.00000E+00
 -1       428 0.00000E+00
 -1       429 0.00000E+00
 -1       430 0.00000E+00
 -1       431 0.00000E+00
 -1       432 0.00000E+00
 -1       433 0.00000E+00
 -3
 9999
